[02May2025 22:23:51.796] [main/INFO] [cpw.mods.modlauncher.Launcher/MODLAUNCHER]: ModLauncher running: args [--launchTarget, forgeserver, --fml.forgeVersion, 47.4.0, --fml.mcVersion, 1.20.1, --fml.forgeGroup, net.minecraftforge, --fml.mcpVersion, 20230612.114412]
[02May2025 22:23:51.803] [main/INFO] [cpw.mods.modlauncher.Launcher/MODLAUNCHER]: ModLauncher 10.0.9+10.0.9+main.dcd20f30 starting: java version 17.0.14 by Ubuntu; OS Linux arch amd64 version 6.8.0-1026-azure
[02May2025 22:23:51.882] [main/DEBUG] [cpw.mods.modlauncher.LaunchServiceHandler/MODLAUNCHER]: Found launch services [fmlclientdev,forgeclient,minecraft,forgegametestserverdev,fmlserveruserdev,fmlclient,fmldatauserdev,forgeserverdev,forgeserveruserdev,forgeclientdev,forgeclientuserdev,forgeserver,forgedatadev,fmlserver,fmlclientuserdev,fmlserverdev,forgedatauserdev,testharness,forgegametestserveruserdev]
[02May2025 22:23:51.963] [main/DEBUG] [cpw.mods.modlauncher.NameMappingServiceHandler/MODLAUNCHER]: Found naming services : [srgtomcp]
[02May2025 22:23:51.985] [main/DEBUG] [cpw.mods.modlauncher.LaunchPluginHandler/MODLAUNCHER]: Found launch plugins: [mixin,eventbus,slf4jfixer,object_holder_definalize,runtime_enum_extender,capability_token_subclass,accesstransformer,runtimedistcleaner]
[02May2025 22:23:52.004] [main/DEBUG] [cpw.mods.modlauncher.TransformationServicesHandler/MODLAUNCHER]: Discovering transformation services
[02May2025 22:23:52.014] [main/DEBUG] [net.minecraftforge.fml.loading.FMLPaths/CORE]: Path GAMEDIR is /workspaces/moddedserver
[02May2025 22:23:52.018] [main/DEBUG] [net.minecraftforge.fml.loading.FMLPaths/CORE]: Path MODSDIR is /workspaces/moddedserver/mods
[02May2025 22:23:52.018] [main/DEBUG] [net.minecraftforge.fml.loading.FMLPaths/CORE]: Path CONFIGDIR is /workspaces/moddedserver/config
[02May2025 22:23:52.018] [main/DEBUG] [net.minecraftforge.fml.loading.FMLPaths/CORE]: Path FMLCONFIG is /workspaces/moddedserver/config/fml.toml
[02May2025 22:23:52.710] [main/DEBUG] [cpw.mods.modlauncher.TransformationServicesHandler/MODLAUNCHER]: Found additional transformation services from discovery services: 
[02May2025 22:23:52.721] [main/INFO] [net.minecraftforge.fml.loading.ImmediateWindowHandler/]: ImmediateWindowProvider not loading because launch target is forgeserver
[02May2025 22:23:52.736] [main/DEBUG] [cpw.mods.modlauncher.TransformationServicesHandler/MODLAUNCHER]: Found transformer services : [mixin,fml]
[02May2025 22:23:52.736] [main/DEBUG] [cpw.mods.modlauncher.TransformationServicesHandler/MODLAUNCHER]: Transformation services loading
[02May2025 22:23:52.737] [main/DEBUG] [cpw.mods.modlauncher.TransformationServiceDecorator/MODLAUNCHER]: Loading service mixin
[02May2025 22:23:52.737] [main/DEBUG] [cpw.mods.modlauncher.TransformationServiceDecorator/MODLAUNCHER]: Loaded service mixin
[02May2025 22:23:52.737] [main/DEBUG] [cpw.mods.modlauncher.TransformationServiceDecorator/MODLAUNCHER]: Loading service fml
[02May2025 22:23:52.738] [main/DEBUG] [net.minecraftforge.fml.loading.LauncherVersion/CORE]: Found FMLLauncher version 1.0
[02May2025 22:23:52.738] [main/DEBUG] [net.minecraftforge.fml.loading.FMLLoader/CORE]: FML 1.0 loading
[02May2025 22:23:52.738] [main/DEBUG] [net.minecraftforge.fml.loading.FMLLoader/CORE]: FML found ModLauncher version : 10.0.9+10.0.9+main.dcd20f30
[02May2025 22:23:52.738] [main/DEBUG] [net.minecraftforge.fml.loading.FMLLoader/CORE]: Requesting CoreMods to not apply the fix for ASMAPI.findFirstInstructionBefore by default
[02May2025 22:23:52.739] [main/DEBUG] [net.minecraftforge.fml.loading.FMLLoader/CORE]: FML found AccessTransformer version : 8.0.4+66+master.c09db6d7
[02May2025 22:23:52.739] [main/DEBUG] [net.minecraftforge.fml.loading.FMLLoader/CORE]: FML found EventBus version : 6.0.5+6.0.5+master.eb8e549b
[02May2025 22:23:52.739] [main/DEBUG] [net.minecraftforge.fml.loading.FMLLoader/CORE]: Found Runtime Dist Cleaner
[02May2025 22:23:52.741] [main/DEBUG] [net.minecraftforge.coremod.CoreModEngine/]: CoreMods will preserve legacy behavior of ASMAPI.findFirstInstructionBefore for backwards-compatibility
[02May2025 22:23:52.744] [main/DEBUG] [net.minecraftforge.fml.loading.FMLLoader/CORE]: FML found CoreMod version : 5.2.4
[02May2025 22:23:52.744] [main/DEBUG] [net.minecraftforge.fml.loading.FMLLoader/CORE]: Found ForgeSPI package implementation version 7.0.1+7.0.1+master.d2b38bf6
[02May2025 22:23:52.744] [main/DEBUG] [net.minecraftforge.fml.loading.FMLLoader/CORE]: Found ForgeSPI package specification 5
[02May2025 22:23:52.744] [main/DEBUG] [cpw.mods.modlauncher.TransformationServiceDecorator/MODLAUNCHER]: Loaded service fml
[02May2025 22:23:52.745] [main/DEBUG] [cpw.mods.modlauncher.TransformationServicesHandler/MODLAUNCHER]: Configuring option handling for services
[02May2025 22:23:52.760] [main/DEBUG] [cpw.mods.modlauncher.TransformationServicesHandler/MODLAUNCHER]: Transformation services initializing
[02May2025 22:23:52.762] [main/DEBUG] [cpw.mods.modlauncher.TransformationServiceDecorator/MODLAUNCHER]: Initializing transformation service mixin
[02May2025 22:23:52.789] [main/DEBUG] [mixin/]: MixinService [ModLauncher] was successfully booted in cpw.mods.cl.ModuleClassLoader@7a3d45bd
[02May2025 22:23:52.821] [main/INFO] [mixin/]: SpongePowered MIXIN Subsystem Version=0.8.5 Source=union:/workspaces/moddedserver/libraries/org/spongepowered/mixin/0.8.5/mixin-0.8.5.jar%2365!/ Service=ModLauncher Env=SERVER
[02May2025 22:23:52.830] [main/DEBUG] [mixin/]: Initialising Mixin Platform Manager
[02May2025 22:23:52.830] [main/DEBUG] [mixin/]: Adding mixin platform agents for container ModLauncher Root Container(ModLauncher:4f56a0a2)
[02May2025 22:23:52.831] [main/DEBUG] [mixin/]: Instancing new MixinPlatformAgentMinecraftForge for ModLauncher Root Container(ModLauncher:4f56a0a2)
[02May2025 22:23:52.832] [main/DEBUG] [mixin/]: MixinPlatformAgentMinecraftForge rejected container ModLauncher Root Container(ModLauncher:4f56a0a2)
[02May2025 22:23:52.833] [main/DEBUG] [mixin/]: Instancing new MixinPlatformAgentDefault for ModLauncher Root Container(ModLauncher:4f56a0a2)
[02May2025 22:23:52.834] [main/DEBUG] [mixin/]: MixinPlatformAgentDefault accepted container ModLauncher Root Container(ModLauncher:4f56a0a2)
[02May2025 22:23:52.837] [main/DEBUG] [cpw.mods.modlauncher.TransformationServiceDecorator/MODLAUNCHER]: Initialized transformation service mixin
[02May2025 22:23:52.839] [main/DEBUG] [cpw.mods.modlauncher.TransformationServiceDecorator/MODLAUNCHER]: Initializing transformation service fml
[02May2025 22:23:52.840] [main/DEBUG] [net.minecraftforge.fml.loading.FMLServiceProvider/CORE]: Setting up basic FML game directories
[02May2025 22:23:52.840] [main/DEBUG] [net.minecraftforge.fml.loading.FMLPaths/CORE]: Path GAMEDIR is /workspaces/moddedserver
[02May2025 22:23:52.840] [main/DEBUG] [net.minecraftforge.fml.loading.FMLPaths/CORE]: Path MODSDIR is /workspaces/moddedserver/mods
[02May2025 22:23:52.840] [main/DEBUG] [net.minecraftforge.fml.loading.FMLPaths/CORE]: Path CONFIGDIR is /workspaces/moddedserver/config
[02May2025 22:23:52.841] [main/DEBUG] [net.minecraftforge.fml.loading.FMLPaths/CORE]: Path FMLCONFIG is /workspaces/moddedserver/config/fml.toml
[02May2025 22:23:52.841] [main/DEBUG] [net.minecraftforge.fml.loading.FMLServiceProvider/CORE]: Loading configuration
[02May2025 22:23:52.847] [main/DEBUG] [net.minecraftforge.fml.loading.FMLServiceProvider/CORE]: Preparing ModFile
[02May2025 22:23:52.854] [main/DEBUG] [net.minecraftforge.fml.loading.FMLServiceProvider/CORE]: Preparing launch handler
[02May2025 22:23:52.855] [main/DEBUG] [net.minecraftforge.fml.loading.FMLLoader/CORE]: Using forgeserver as launch service
[02May2025 22:23:52.879] [main/DEBUG] [net.minecraftforge.fml.loading.FMLLoader/CORE]: Received command line version data  : VersionInfo[forgeVersion=47.4.0, mcVersion=1.20.1, mcpVersion=20230612.114412, forgeGroup=net.minecraftforge]
[02May2025 22:23:52.881] [main/DEBUG] [cpw.mods.modlauncher.TransformationServiceDecorator/MODLAUNCHER]: Initialized transformation service fml
[02May2025 22:23:52.882] [main/DEBUG] [cpw.mods.modlauncher.NameMappingServiceHandler/MODLAUNCHER]: Current naming domain is 'srg'
[02May2025 22:23:52.883] [main/DEBUG] [cpw.mods.modlauncher.NameMappingServiceHandler/MODLAUNCHER]: Identified name mapping providers {}
[02May2025 22:23:52.883] [main/DEBUG] [cpw.mods.modlauncher.TransformationServicesHandler/MODLAUNCHER]: Transformation services begin scanning
[02May2025 22:23:52.884] [main/DEBUG] [cpw.mods.modlauncher.TransformationServiceDecorator/MODLAUNCHER]: Beginning scan trigger - transformation service mixin
[02May2025 22:23:52.885] [main/DEBUG] [cpw.mods.modlauncher.TransformationServiceDecorator/MODLAUNCHER]: End scan trigger - transformation service mixin
[02May2025 22:23:52.885] [main/DEBUG] [cpw.mods.modlauncher.TransformationServiceDecorator/MODLAUNCHER]: Beginning scan trigger - transformation service fml
[02May2025 22:23:52.885] [main/DEBUG] [net.minecraftforge.fml.loading.FMLServiceProvider/CORE]: Initiating mod scan
[02May2025 22:23:52.899] [main/DEBUG] [net.minecraftforge.fml.loading.moddiscovery.ModListHandler/CORE]: Found mod coordinates from lists: []
[02May2025 22:23:52.906] [main/DEBUG] [net.minecraftforge.fml.loading.moddiscovery.ModDiscoverer/CORE]: Found Mod Locators : (mods folder:null),(maven libs:null),(exploded directory:null),(minecraft:null),(userdev classpath:null)
[02May2025 22:23:52.906] [main/DEBUG] [net.minecraftforge.fml.loading.moddiscovery.ModDiscoverer/CORE]: Found Dependency Locators : (JarInJar:null)
[02May2025 22:23:52.924] [main/DEBUG] [net.minecraftforge.fml.loading.moddiscovery.ModFileParser/LOADING]: Considering mod file candidate /workspaces/moddedserver/mods/Applied-Mekanistics-1.4.2.jar
[02May2025 22:23:53.000] [main/DEBUG] [net.minecraftforge.fml.loading.moddiscovery.ModFileInfo/LOADING]: Found valid mod file Applied-Mekanistics-1.4.2.jar with {appmek} mods - versions {1.4.2}
[02May2025 22:23:53.013] [main/DEBUG] [net.minecraftforge.fml.loading.moddiscovery.ModFileParser/LOADING]: Considering mod file candidate /workspaces/moddedserver/mods/appliedenergistics2-forge-15.3.4.jar
[02May2025 22:23:53.018] [main/DEBUG] [net.minecraftforge.fml.loading.moddiscovery.ModFileInfo/LOADING]: Found valid mod file appliedenergistics2-forge-15.3.4.jar with {ae2} mods - versions {15.3.4}
[02May2025 22:23:53.021] [main/DEBUG] [net.minecraftforge.fml.loading.moddiscovery.ModFileParser/LOADING]: Considering mod file candidate /workspaces/moddedserver/mods/BiomesOPlenty-1.20.1-18.0.0.592.jar
[02May2025 22:23:53.024] [main/DEBUG] [net.minecraftforge.fml.loading.moddiscovery.ModFileInfo/LOADING]: Found valid mod file BiomesOPlenty-1.20.1-18.0.0.592.jar with {biomesoplenty} mods - versions {18.0.0.592}
[02May2025 22:23:53.030] [main/DEBUG] [net.minecraftforge.fml.loading.moddiscovery.ModFileParser/LOADING]: Considering mod file candidate /workspaces/moddedserver/mods/Botania-1.20.1-448-FORGE.jar
[02May2025 22:23:53.033] [main/DEBUG] [net.minecraftforge.fml.loading.moddiscovery.ModFileInfo/LOADING]: Found valid mod file Botania-1.20.1-448-FORGE.jar with {botania} mods - versions {1.20.1-448-FORGE}
[02May2025 22:23:53.035] [main/DEBUG] [net.minecraftforge.fml.loading.moddiscovery.ModFileParser/LOADING]: Considering mod file candidate /workspaces/moddedserver/mods/cofh_core-1.20.1-11.0.2.56.jar
[02May2025 22:23:53.038] [main/DEBUG] [net.minecraftforge.fml.loading.moddiscovery.ModFileInfo/LOADING]: Found valid mod file cofh_core-1.20.1-11.0.2.56.jar with {cofh_core} mods - versions {11.0.2}
[02May2025 22:23:53.041] [main/DEBUG] [net.minecraftforge.fml.loading.moddiscovery.ModFileParser/LOADING]: Considering mod file candidate /workspaces/moddedserver/mods/CraftTweaker-forge-1.20.1-14.0.57.jar
[02May2025 22:23:53.044] [main/DEBUG] [net.minecraftforge.fml.loading.moddiscovery.ModFileInfo/LOADING]: Found valid mod file CraftTweaker-forge-1.20.1-14.0.57.jar with {crafttweaker} mods - versions {14.0.57}
[02May2025 22:23:53.047] [main/DEBUG] [net.minecraftforge.fml.loading.moddiscovery.ModFileParser/LOADING]: Considering mod file candidate /workspaces/moddedserver/mods/curios-forge-5.14.1+1.20.1.jar
[02May2025 22:23:53.049] [main/DEBUG] [net.minecraftforge.fml.loading.moddiscovery.ModFileInfo/LOADING]: Found valid mod file curios-forge-5.14.1+1.20.1.jar with {curios} mods - versions {5.14.1+1.20.1}
[02May2025 22:23:53.051] [main/DEBUG] [net.minecraftforge.fml.loading.moddiscovery.ModFileParser/LOADING]: Considering mod file candidate /workspaces/moddedserver/mods/jei-1.20.1-forge-15.20.0.106.jar
[02May2025 22:23:53.054] [main/DEBUG] [net.minecraftforge.fml.loading.moddiscovery.ModFileInfo/LOADING]: Found valid mod file jei-1.20.1-forge-15.20.0.106.jar with {jei} mods - versions {15.20.0.106}
[02May2025 22:23:53.064] [main/DEBUG] [net.minecraftforge.fml.loading.moddiscovery.ModFileParser/LOADING]: Considering mod file candidate /workspaces/moddedserver/mods/Mekanism-1.20.1-10.4.15.75.jar
[02May2025 22:23:53.068] [main/DEBUG] [net.minecraftforge.fml.loading.moddiscovery.ModFileInfo/LOADING]: Found valid mod file Mekanism-1.20.1-10.4.15.75.jar with {mekanism} mods - versions {10.4.15}
[02May2025 22:23:53.071] [main/DEBUG] [net.minecraftforge.fml.loading.moddiscovery.ModFileParser/LOADING]: Considering mod file candidate /workspaces/moddedserver/mods/MekanismGenerators-1.20.1-10.4.15.75.jar
[02May2025 22:23:53.072] [main/DEBUG] [net.minecraftforge.fml.loading.moddiscovery.ModFileInfo/LOADING]: Found valid mod file MekanismGenerators-1.20.1-10.4.15.75.jar with {mekanismgenerators} mods - versions {10.4.15}
[02May2025 22:23:53.074] [main/DEBUG] [net.minecraftforge.fml.loading.moddiscovery.ModFileParser/LOADING]: Considering mod file candidate /workspaces/moddedserver/mods/MekanismTools-1.20.1-10.4.15.75.jar
[02May2025 22:23:53.075] [main/DEBUG] [net.minecraftforge.fml.loading.moddiscovery.ModFileInfo/LOADING]: Found valid mod file MekanismTools-1.20.1-10.4.15.75.jar with {mekanismtools} mods - versions {10.4.15}
[02May2025 22:23:53.075] [main/DEBUG] [net.minecraftforge.fml.loading.moddiscovery.ModFileParser/LOADING]: Considering mod file candidate /workspaces/moddedserver/mods/NaturesCompass-1.20.1-1.11.2-forge.jar
[02May2025 22:23:53.077] [main/DEBUG] [net.minecraftforge.fml.loading.moddiscovery.ModFileInfo/LOADING]: Found valid mod file NaturesCompass-1.20.1-1.11.2-forge.jar with {naturescompass} mods - versions {1.20.1-1.11.2-forge}
[02May2025 22:23:53.079] [main/DEBUG] [net.minecraftforge.fml.loading.moddiscovery.ModFileParser/LOADING]: Considering mod file candidate /workspaces/moddedserver/mods/Patchouli-1.20.1-84.1-FORGE.jar
[02May2025 22:23:53.079] [main/DEBUG] [net.minecraftforge.fml.loading.moddiscovery.ModFileInfo/LOADING]: Found valid mod file Patchouli-1.20.1-84.1-FORGE.jar with {patchouli} mods - versions {1.20.1-84.1-FORGE}
[02May2025 22:23:53.081] [main/DEBUG] [net.minecraftforge.fml.loading.moddiscovery.ModFileParser/LOADING]: Considering mod file candidate /workspaces/moddedserver/mods/redstone_arsenal-1.20.1-8.0.1.24.jar
[02May2025 22:23:53.082] [main/DEBUG] [net.minecraftforge.fml.loading.moddiscovery.ModFileInfo/LOADING]: Found valid mod file redstone_arsenal-1.20.1-8.0.1.24.jar with {redstone_arsenal} mods - versions {8.0.1}
[02May2025 22:23:53.084] [main/DEBUG] [net.minecraftforge.fml.loading.moddiscovery.ModFileParser/LOADING]: Considering mod file candidate /workspaces/moddedserver/mods/TerraBlender-forge-1.20.1-3.0.1.10.jar
[02May2025 22:23:53.086] [main/DEBUG] [net.minecraftforge.fml.loading.moddiscovery.ModFileInfo/LOADING]: Found valid mod file TerraBlender-forge-1.20.1-3.0.1.10.jar with {terrablender} mods - versions {3.0.1.10}
[02May2025 22:23:53.088] [main/DEBUG] [net.minecraftforge.fml.loading.moddiscovery.ModFileParser/LOADING]: Considering mod file candidate /workspaces/moddedserver/mods/thermal_cultivation-1.20.1-11.0.1.24.jar
[02May2025 22:23:53.089] [main/DEBUG] [net.minecraftforge.fml.loading.moddiscovery.ModFileInfo/LOADING]: Found valid mod file thermal_cultivation-1.20.1-11.0.1.24.jar with {thermal_cultivation} mods - versions {11.0.1}
[02May2025 22:23:53.090] [main/DEBUG] [net.minecraftforge.fml.loading.moddiscovery.ModFileParser/LOADING]: Considering mod file candidate /workspaces/moddedserver/mods/thermal_dynamics-1.20.1-11.0.1.23.jar
[02May2025 22:23:53.091] [main/DEBUG] [net.minecraftforge.fml.loading.moddiscovery.ModFileInfo/LOADING]: Found valid mod file thermal_dynamics-1.20.1-11.0.1.23.jar with {thermal_dynamics} mods - versions {11.0.1}
[02May2025 22:23:53.092] [main/DEBUG] [net.minecraftforge.fml.loading.moddiscovery.ModFileParser/LOADING]: Considering mod file candidate /workspaces/moddedserver/mods/thermal_expansion-1.20.1-11.0.1.29.jar
[02May2025 22:23:53.094] [main/DEBUG] [net.minecraftforge.fml.loading.moddiscovery.ModFileInfo/LOADING]: Found valid mod file thermal_expansion-1.20.1-11.0.1.29.jar with {thermal_expansion} mods - versions {11.0.1}
[02May2025 22:23:53.096] [main/DEBUG] [net.minecraftforge.fml.loading.moddiscovery.ModFileParser/LOADING]: Considering mod file candidate /workspaces/moddedserver/mods/thermal_foundation-1.20.1-11.0.6.70.jar
[02May2025 22:23:53.097] [main/DEBUG] [net.minecraftforge.fml.loading.moddiscovery.ModFileInfo/LOADING]: Found valid mod file thermal_foundation-1.20.1-11.0.6.70.jar with {thermal_foundation} mods - versions {11.0.6}
[02May2025 22:23:53.098] [main/DEBUG] [net.minecraftforge.fml.loading.moddiscovery.ModFileParser/LOADING]: Considering mod file candidate /workspaces/moddedserver/mods/thermal_innovation-1.20.1-11.0.1.23.jar
[02May2025 22:23:53.099] [main/DEBUG] [net.minecraftforge.fml.loading.moddiscovery.ModFileInfo/LOADING]: Found valid mod file thermal_innovation-1.20.1-11.0.1.23.jar with {thermal_innovation} mods - versions {11.0.1}
[02May2025 22:23:53.100] [main/DEBUG] [net.minecraftforge.fml.loading.moddiscovery.ModFileParser/LOADING]: Considering mod file candidate /workspaces/moddedserver/mods/thermal_integration-1.20.1-11.0.1.27.jar
[02May2025 22:23:53.101] [main/DEBUG] [net.minecraftforge.fml.loading.moddiscovery.ModFileInfo/LOADING]: Found valid mod file thermal_integration-1.20.1-11.0.1.27.jar with {thermal_integration} mods - versions {11.0.1}
[02May2025 22:23:53.296] [main/DEBUG] [net.minecraftforge.fml.loading.moddiscovery.ModFileInfo/LOADING]: Found valid mod file server-1.20.1-20230612.114412-srg.jar with {minecraft} mods - versions {1.20.1}
[02May2025 22:23:53.298] [main/DEBUG] [net.minecraftforge.fml.loading.moddiscovery.ModFileParser/LOADING]: Considering mod file candidate /workspaces/moddedserver/libraries/net/minecraftforge/fmlcore/1.20.1-47.4.0/fmlcore-1.20.1-47.4.0.jar
[02May2025 22:23:53.299] [main/WARN] [net.minecraftforge.fml.loading.moddiscovery.ModFileParser/LOADING]: Mod file /workspaces/moddedserver/libraries/net/minecraftforge/fmlcore/1.20.1-47.4.0/fmlcore-1.20.1-47.4.0.jar is missing mods.toml file
[02May2025 22:23:53.301] [main/DEBUG] [net.minecraftforge.fml.loading.moddiscovery.ModFileParser/LOADING]: Considering mod file candidate /workspaces/moddedserver/libraries/net/minecraftforge/javafmllanguage/1.20.1-47.4.0/javafmllanguage-1.20.1-47.4.0.jar
[02May2025 22:23:53.301] [main/WARN] [net.minecraftforge.fml.loading.moddiscovery.ModFileParser/LOADING]: Mod file /workspaces/moddedserver/libraries/net/minecraftforge/javafmllanguage/1.20.1-47.4.0/javafmllanguage-1.20.1-47.4.0.jar is missing mods.toml file
[02May2025 22:23:53.302] [main/DEBUG] [net.minecraftforge.fml.loading.moddiscovery.ModFileParser/LOADING]: Considering mod file candidate /workspaces/moddedserver/libraries/net/minecraftforge/lowcodelanguage/1.20.1-47.4.0/lowcodelanguage-1.20.1-47.4.0.jar
[02May2025 22:23:53.302] [main/WARN] [net.minecraftforge.fml.loading.moddiscovery.ModFileParser/LOADING]: Mod file /workspaces/moddedserver/libraries/net/minecraftforge/lowcodelanguage/1.20.1-47.4.0/lowcodelanguage-1.20.1-47.4.0.jar is missing mods.toml file
[02May2025 22:23:53.304] [main/DEBUG] [net.minecraftforge.fml.loading.moddiscovery.ModFileParser/LOADING]: Considering mod file candidate /workspaces/moddedserver/libraries/net/minecraftforge/mclanguage/1.20.1-47.4.0/mclanguage-1.20.1-47.4.0.jar
[02May2025 22:23:53.304] [main/WARN] [net.minecraftforge.fml.loading.moddiscovery.ModFileParser/LOADING]: Mod file /workspaces/moddedserver/libraries/net/minecraftforge/mclanguage/1.20.1-47.4.0/mclanguage-1.20.1-47.4.0.jar is missing mods.toml file
[02May2025 22:23:53.395] [main/DEBUG] [net.minecraftforge.fml.loading.moddiscovery.ModFileParser/LOADING]: Considering mod file candidate /workspaces/moddedserver/libraries/net/minecraftforge/forge/1.20.1-47.4.0/forge-1.20.1-47.4.0-universal.jar
[02May2025 22:23:53.396] [main/DEBUG] [net.minecraftforge.fml.loading.moddiscovery.ModFileInfo/LOADING]: Found valid mod file forge-1.20.1-47.4.0-universal.jar with {forge} mods - versions {47.4.0}
[02May2025 22:23:53.437] [main/DEBUG] [net.minecraftforge.fml.loading.moddiscovery.AbstractJarFileDependencyLocator/]: Failed to load resource META-INF/jarjar/metadata.json from server-1.20.1-20230612.114412-srg.jar, it does not contain dependency information.
[02May2025 22:23:53.437] [main/DEBUG] [net.minecraftforge.fml.loading.moddiscovery.AbstractJarFileDependencyLocator/]: Failed to load resource META-INF/jarjar/metadata.json from thermal_expansion-1.20.1-11.0.1.29.jar, it does not contain dependency information.
[02May2025 22:23:53.437] [main/DEBUG] [net.minecraftforge.fml.loading.moddiscovery.AbstractJarFileDependencyLocator/]: Failed to load resource META-INF/jarjar/metadata.json from TerraBlender-forge-1.20.1-3.0.1.10.jar, it does not contain dependency information.
[02May2025 22:23:53.437] [main/DEBUG] [net.minecraftforge.fml.loading.moddiscovery.AbstractJarFileDependencyLocator/]: Failed to load resource META-INF/jarjar/metadata.json from thermal_innovation-1.20.1-11.0.1.23.jar, it does not contain dependency information.
[02May2025 22:23:53.438] [main/DEBUG] [net.minecraftforge.fml.loading.moddiscovery.AbstractJarFileDependencyLocator/]: Failed to load resource META-INF/jarjar/metadata.json from cofh_core-1.20.1-11.0.2.56.jar, it does not contain dependency information.
[02May2025 22:23:53.438] [main/DEBUG] [net.minecraftforge.fml.loading.moddiscovery.AbstractJarFileDependencyLocator/]: Failed to load resource META-INF/jarjar/metadata.json from BiomesOPlenty-1.20.1-18.0.0.592.jar, it does not contain dependency information.
[02May2025 22:23:53.438] [main/DEBUG] [net.minecraftforge.fml.loading.moddiscovery.AbstractJarFileDependencyLocator/]: Failed to load resource META-INF/jarjar/metadata.json from MekanismTools-1.20.1-10.4.15.75.jar, it does not contain dependency information.
[02May2025 22:23:53.438] [main/DEBUG] [net.minecraftforge.fml.loading.moddiscovery.AbstractJarFileDependencyLocator/]: Failed to load resource META-INF/jarjar/metadata.json from thermal_integration-1.20.1-11.0.1.27.jar, it does not contain dependency information.
[02May2025 22:23:53.438] [main/DEBUG] [net.minecraftforge.fml.loading.moddiscovery.AbstractJarFileDependencyLocator/]: Failed to load resource META-INF/jarjar/metadata.json from MekanismGenerators-1.20.1-10.4.15.75.jar, it does not contain dependency information.
[02May2025 22:23:53.438] [main/DEBUG] [net.minecraftforge.fml.loading.moddiscovery.AbstractJarFileDependencyLocator/]: Failed to load resource META-INF/jarjar/metadata.json from jei-1.20.1-forge-15.20.0.106.jar, it does not contain dependency information.
[02May2025 22:23:53.441] [main/DEBUG] [net.minecraftforge.fml.loading.moddiscovery.AbstractJarFileDependencyLocator/]: Failed to load resource META-INF/jarjar/metadata.json from appliedenergistics2-forge-15.3.4.jar, it does not contain dependency information.
[02May2025 22:23:53.441] [main/DEBUG] [net.minecraftforge.fml.loading.moddiscovery.AbstractJarFileDependencyLocator/]: Failed to load resource META-INF/jarjar/metadata.json from Botania-1.20.1-448-FORGE.jar, it does not contain dependency information.
[02May2025 22:23:53.441] [main/DEBUG] [net.minecraftforge.fml.loading.moddiscovery.AbstractJarFileDependencyLocator/]: Failed to load resource META-INF/jarjar/metadata.json from CraftTweaker-forge-1.20.1-14.0.57.jar, it does not contain dependency information.
[02May2025 22:23:53.441] [main/DEBUG] [net.minecraftforge.fml.loading.moddiscovery.AbstractJarFileDependencyLocator/]: Failed to load resource META-INF/jarjar/metadata.json from Mekanism-1.20.1-10.4.15.75.jar, it does not contain dependency information.
[02May2025 22:23:53.441] [main/DEBUG] [net.minecraftforge.fml.loading.moddiscovery.AbstractJarFileDependencyLocator/]: Failed to load resource META-INF/jarjar/metadata.json from forge-1.20.1-47.4.0-universal.jar, it does not contain dependency information.
[02May2025 22:23:53.441] [main/DEBUG] [net.minecraftforge.fml.loading.moddiscovery.AbstractJarFileDependencyLocator/]: Failed to load resource META-INF/jarjar/metadata.json from Applied-Mekanistics-1.4.2.jar, it does not contain dependency information.
[02May2025 22:23:53.441] [main/DEBUG] [net.minecraftforge.fml.loading.moddiscovery.AbstractJarFileDependencyLocator/]: Failed to load resource META-INF/jarjar/metadata.json from redstone_arsenal-1.20.1-8.0.1.24.jar, it does not contain dependency information.
[02May2025 22:23:53.442] [main/DEBUG] [net.minecraftforge.fml.loading.moddiscovery.AbstractJarFileDependencyLocator/]: Failed to load resource META-INF/jarjar/metadata.json from curios-forge-5.14.1+1.20.1.jar, it does not contain dependency information.
[02May2025 22:23:53.442] [main/DEBUG] [net.minecraftforge.fml.loading.moddiscovery.AbstractJarFileDependencyLocator/]: Failed to load resource META-INF/jarjar/metadata.json from Patchouli-1.20.1-84.1-FORGE.jar, it does not contain dependency information.
[02May2025 22:23:53.442] [main/DEBUG] [net.minecraftforge.fml.loading.moddiscovery.AbstractJarFileDependencyLocator/]: Failed to load resource META-INF/jarjar/metadata.json from thermal_dynamics-1.20.1-11.0.1.23.jar, it does not contain dependency information.
[02May2025 22:23:53.442] [main/DEBUG] [net.minecraftforge.fml.loading.moddiscovery.AbstractJarFileDependencyLocator/]: Failed to load resource META-INF/jarjar/metadata.json from thermal_cultivation-1.20.1-11.0.1.24.jar, it does not contain dependency information.
[02May2025 22:23:53.442] [main/DEBUG] [net.minecraftforge.fml.loading.moddiscovery.AbstractJarFileDependencyLocator/]: Failed to load resource META-INF/jarjar/metadata.json from NaturesCompass-1.20.1-1.11.2-forge.jar, it does not contain dependency information.
[02May2025 22:23:53.442] [main/DEBUG] [net.minecraftforge.fml.loading.moddiscovery.AbstractJarFileDependencyLocator/]: Failed to load resource META-INF/jarjar/metadata.json from mclanguage-1.20.1-47.4.0.jar, it does not contain dependency information.
[02May2025 22:23:53.446] [main/DEBUG] [net.minecraftforge.fml.loading.moddiscovery.AbstractJarFileDependencyLocator/]: Failed to load resource META-INF/jarjar/metadata.json from javafmllanguage-1.20.1-47.4.0.jar, it does not contain dependency information.
[02May2025 22:23:53.446] [main/DEBUG] [net.minecraftforge.fml.loading.moddiscovery.AbstractJarFileDependencyLocator/]: Failed to load resource META-INF/jarjar/metadata.json from fmlcore-1.20.1-47.4.0.jar, it does not contain dependency information.
[02May2025 22:23:53.446] [main/DEBUG] [net.minecraftforge.fml.loading.moddiscovery.AbstractJarFileDependencyLocator/]: Failed to load resource META-INF/jarjar/metadata.json from lowcodelanguage-1.20.1-47.4.0.jar, it does not contain dependency information.
[02May2025 22:23:53.571] [main/DEBUG] [net.minecraftforge.fml.loading.moddiscovery.ModFileParser/LOADING]: Considering mod file candidate 
[02May2025 22:23:53.573] [main/DEBUG] [net.minecraftforge.fml.loading.moddiscovery.ModFileInfo/LOADING]: Found valid mod file thermal_core-1.20.1-11.0.6.24.jar with {thermal} mods - versions {11.0.6}
[02May2025 22:23:53.573] [main/DEBUG] [net.minecraftforge.fml.loading.moddiscovery.AbstractJarFileDependencyLocator/]: Failed to load resource META-INF/jarjar/metadata.json from thermal_core-1.20.1-11.0.6.24.jar, it does not contain dependency information.
[02May2025 22:23:53.649] [main/DEBUG] [net.minecraftforge.fml.loading.moddiscovery.ModFileParser/LOADING]: Considering mod file candidate 
[02May2025 22:23:53.651] [main/DEBUG] [net.minecraftforge.fml.loading.moddiscovery.ModFileInfo/LOADING]: Found valid mod file thermal_core-1.20.1-11.0.6.24.jar with {thermal} mods - versions {11.0.6}
[02May2025 22:23:53.653] [main/INFO] [net.minecraftforge.fml.loading.moddiscovery.JarInJarDependencyLocator/]: Found 1 dependencies adding them to mods collection
[02May2025 22:23:53.657] [main/DEBUG] [net.minecraftforge.fml.loading.moddiscovery.ModFileInfo/LOADING]: Found valid mod file server-1.20.1-20230612.114412-srg.jar with {minecraft} mods - versions {1.20.1}
[02May2025 22:23:53.661] [main/DEBUG] [net.minecraftforge.fml.loading.moddiscovery.ModFile/LOADING]: Loading mod file /workspaces/moddedserver/libraries/net/minecraft/server/1.20.1-20230612.114412/server-1.20.1-20230612.114412-srg.jar with languages [LanguageSpec[languageName=minecraft, acceptedVersions=1]]
[02May2025 22:23:53.665] [main/DEBUG] [net.minecraftforge.fml.loading.moddiscovery.ModFileParser/LOADING]: Considering mod file candidate /workspaces/moddedserver/mods/thermal_expansion-1.20.1-11.0.1.29.jar
[02May2025 22:23:53.670] [main/DEBUG] [net.minecraftforge.fml.loading.moddiscovery.ModFileInfo/LOADING]: Found valid mod file thermal_expansion-1.20.1-11.0.1.29.jar with {thermal_expansion} mods - versions {11.0.1}
[02May2025 22:23:53.671] [main/DEBUG] [net.minecraftforge.fml.loading.moddiscovery.ModFile/LOADING]: Loading mod file /workspaces/moddedserver/mods/thermal_expansion-1.20.1-11.0.1.29.jar with languages [LanguageSpec[languageName=javafml, acceptedVersions=[47,)]]
[02May2025 22:23:53.671] [main/DEBUG] [net.minecraftforge.fml.loading.moddiscovery.ModFileParser/LOADING]: Considering mod file candidate /workspaces/moddedserver/mods/thermal_foundation-1.20.1-11.0.6.70.jar
[02May2025 22:23:53.672] [main/DEBUG] [net.minecraftforge.fml.loading.moddiscovery.ModFileInfo/LOADING]: Found valid mod file thermal_foundation-1.20.1-11.0.6.70.jar with {thermal_foundation} mods - versions {11.0.6}
[02May2025 22:23:53.672] [main/DEBUG] [net.minecraftforge.fml.loading.moddiscovery.ModFile/LOADING]: Loading mod file /workspaces/moddedserver/mods/thermal_foundation-1.20.1-11.0.6.70.jar with languages [LanguageSpec[languageName=javafml, acceptedVersions=[47,)]]
[02May2025 22:23:53.672] [main/DEBUG] [net.minecraftforge.fml.loading.moddiscovery.ModFileParser/LOADING]: Considering mod file candidate /workspaces/moddedserver/mods/TerraBlender-forge-1.20.1-3.0.1.10.jar
[02May2025 22:23:53.673] [main/DEBUG] [net.minecraftforge.fml.loading.moddiscovery.ModFileInfo/LOADING]: Found valid mod file TerraBlender-forge-1.20.1-3.0.1.10.jar with {terrablender} mods - versions {3.0.1.10}
[02May2025 22:23:53.673] [main/DEBUG] [net.minecraftforge.fml.loading.moddiscovery.ModFile/LOADING]: Loading mod file /workspaces/moddedserver/mods/TerraBlender-forge-1.20.1-3.0.1.10.jar with languages [LanguageSpec[languageName=javafml, acceptedVersions=[47,)]]
[02May2025 22:23:53.673] [main/DEBUG] [net.minecraftforge.fml.loading.moddiscovery.ModFileParser/LOADING]: Considering mod file candidate /workspaces/moddedserver/mods/thermal_innovation-1.20.1-11.0.1.23.jar
[02May2025 22:23:53.674] [main/DEBUG] [net.minecraftforge.fml.loading.moddiscovery.ModFileInfo/LOADING]: Found valid mod file thermal_innovation-1.20.1-11.0.1.23.jar with {thermal_innovation} mods - versions {11.0.1}
[02May2025 22:23:53.674] [main/DEBUG] [net.minecraftforge.fml.loading.moddiscovery.ModFile/LOADING]: Loading mod file /workspaces/moddedserver/mods/thermal_innovation-1.20.1-11.0.1.23.jar with languages [LanguageSpec[languageName=javafml, acceptedVersions=[47,)]]
[02May2025 22:23:53.674] [main/DEBUG] [net.minecraftforge.fml.loading.moddiscovery.ModFileParser/LOADING]: Considering mod file candidate /workspaces/moddedserver/mods/cofh_core-1.20.1-11.0.2.56.jar
[02May2025 22:23:53.675] [main/DEBUG] [net.minecraftforge.fml.loading.moddiscovery.ModFileInfo/LOADING]: Found valid mod file cofh_core-1.20.1-11.0.2.56.jar with {cofh_core} mods - versions {11.0.2}
[02May2025 22:23:53.675] [main/DEBUG] [net.minecraftforge.fml.loading.moddiscovery.ModFile/LOADING]: Loading mod file /workspaces/moddedserver/mods/cofh_core-1.20.1-11.0.2.56.jar with languages [LanguageSpec[languageName=javafml, acceptedVersions=[47,)]]
[02May2025 22:23:53.675] [main/DEBUG] [net.minecraftforge.fml.loading.moddiscovery.ModFileParser/LOADING]: Considering mod file candidate /workspaces/moddedserver/mods/BiomesOPlenty-1.20.1-18.0.0.592.jar
[02May2025 22:23:53.676] [main/DEBUG] [net.minecraftforge.fml.loading.moddiscovery.ModFileInfo/LOADING]: Found valid mod file BiomesOPlenty-1.20.1-18.0.0.592.jar with {biomesoplenty} mods - versions {18.0.0.592}
[02May2025 22:23:53.676] [main/DEBUG] [net.minecraftforge.fml.loading.moddiscovery.ModFile/LOADING]: Loading mod file /workspaces/moddedserver/mods/BiomesOPlenty-1.20.1-18.0.0.592.jar with languages [LanguageSpec[languageName=javafml, acceptedVersions=[45,)]]
[02May2025 22:23:53.676] [main/DEBUG] [net.minecraftforge.fml.loading.moddiscovery.ModFileParser/LOADING]: Considering mod file candidate /workspaces/moddedserver/mods/MekanismTools-1.20.1-10.4.15.75.jar
[02May2025 22:23:53.677] [main/DEBUG] [net.minecraftforge.fml.loading.moddiscovery.ModFileInfo/LOADING]: Found valid mod file MekanismTools-1.20.1-10.4.15.75.jar with {mekanismtools} mods - versions {10.4.15}
[02May2025 22:23:53.677] [main/DEBUG] [net.minecraftforge.fml.loading.moddiscovery.ModFile/LOADING]: Loading mod file /workspaces/moddedserver/mods/MekanismTools-1.20.1-10.4.15.75.jar with languages [LanguageSpec[languageName=javafml, acceptedVersions=[47,)]]
[02May2025 22:23:53.677] [main/DEBUG] [net.minecraftforge.fml.loading.moddiscovery.ModFileParser/LOADING]: Considering mod file candidate /workspaces/moddedserver/mods/thermal_integration-1.20.1-11.0.1.27.jar
[02May2025 22:23:53.678] [main/DEBUG] [net.minecraftforge.fml.loading.moddiscovery.ModFileInfo/LOADING]: Found valid mod file thermal_integration-1.20.1-11.0.1.27.jar with {thermal_integration} mods - versions {11.0.1}
[02May2025 22:23:53.678] [main/DEBUG] [net.minecraftforge.fml.loading.moddiscovery.ModFile/LOADING]: Loading mod file /workspaces/moddedserver/mods/thermal_integration-1.20.1-11.0.1.27.jar with languages [LanguageSpec[languageName=javafml, acceptedVersions=[47,)]]
[02May2025 22:23:53.678] [main/DEBUG] [net.minecraftforge.fml.loading.moddiscovery.ModFileParser/LOADING]: Considering mod file candidate /workspaces/moddedserver/mods/MekanismGenerators-1.20.1-10.4.15.75.jar
[02May2025 22:23:53.681] [main/DEBUG] [net.minecraftforge.fml.loading.moddiscovery.ModFileInfo/LOADING]: Found valid mod file MekanismGenerators-1.20.1-10.4.15.75.jar with {mekanismgenerators} mods - versions {10.4.15}
[02May2025 22:23:53.681] [main/DEBUG] [net.minecraftforge.fml.loading.moddiscovery.ModFile/LOADING]: Loading mod file /workspaces/moddedserver/mods/MekanismGenerators-1.20.1-10.4.15.75.jar with languages [LanguageSpec[languageName=javafml, acceptedVersions=[47,)]]
[02May2025 22:23:53.681] [main/DEBUG] [net.minecraftforge.fml.loading.moddiscovery.ModFileParser/LOADING]: Considering mod file candidate /workspaces/moddedserver/mods/appliedenergistics2-forge-15.3.4.jar
[02May2025 22:23:53.682] [main/DEBUG] [net.minecraftforge.fml.loading.moddiscovery.ModFileInfo/LOADING]: Found valid mod file appliedenergistics2-forge-15.3.4.jar with {ae2} mods - versions {15.3.4}
[02May2025 22:23:53.682] [main/DEBUG] [net.minecraftforge.fml.loading.moddiscovery.ModFile/LOADING]: Loading mod file /workspaces/moddedserver/mods/appliedenergistics2-forge-15.3.4.jar with languages [LanguageSpec[languageName=javafml, acceptedVersions=[44,)]]
[02May2025 22:23:53.682] [main/DEBUG] [net.minecraftforge.fml.loading.moddiscovery.ModFileParser/LOADING]: Considering mod file candidate /workspaces/moddedserver/mods/jei-1.20.1-forge-15.20.0.106.jar
[02May2025 22:23:53.684] [main/DEBUG] [net.minecraftforge.fml.loading.moddiscovery.ModFileInfo/LOADING]: Found valid mod file jei-1.20.1-forge-15.20.0.106.jar with {jei} mods - versions {15.20.0.106}
[02May2025 22:23:53.684] [main/DEBUG] [net.minecraftforge.fml.loading.moddiscovery.ModFile/LOADING]: Loading mod file /workspaces/moddedserver/mods/jei-1.20.1-forge-15.20.0.106.jar with languages [LanguageSpec[languageName=javafml, acceptedVersions=[47,)]]
[02May2025 22:23:53.685] [main/DEBUG] [net.minecraftforge.fml.loading.moddiscovery.ModFileParser/LOADING]: Considering mod file candidate /workspaces/moddedserver/mods/Botania-1.20.1-448-FORGE.jar
[02May2025 22:23:53.686] [main/DEBUG] [net.minecraftforge.fml.loading.moddiscovery.ModFileInfo/LOADING]: Found valid mod file Botania-1.20.1-448-FORGE.jar with {botania} mods - versions {1.20.1-448-FORGE}
[02May2025 22:23:53.686] [main/DEBUG] [net.minecraftforge.fml.loading.moddiscovery.ModFile/LOADING]: Loading mod file /workspaces/moddedserver/mods/Botania-1.20.1-448-FORGE.jar with languages [LanguageSpec[languageName=javafml, acceptedVersions=[47,)]]
[02May2025 22:23:53.686] [main/DEBUG] [net.minecraftforge.fml.loading.moddiscovery.ModFileParser/LOADING]: Considering mod file candidate /workspaces/moddedserver/mods/CraftTweaker-forge-1.20.1-14.0.57.jar
[02May2025 22:23:53.687] [main/DEBUG] [net.minecraftforge.fml.loading.moddiscovery.ModFileInfo/LOADING]: Found valid mod file CraftTweaker-forge-1.20.1-14.0.57.jar with {crafttweaker} mods - versions {14.0.57}
[02May2025 22:23:53.687] [main/DEBUG] [net.minecraftforge.fml.loading.moddiscovery.ModFile/LOADING]: Loading mod file /workspaces/moddedserver/mods/CraftTweaker-forge-1.20.1-14.0.57.jar with languages [LanguageSpec[languageName=javafml, acceptedVersions=[39,)]]
[02May2025 22:23:53.688] [main/DEBUG] [net.minecraftforge.fml.loading.moddiscovery.ModFileParser/LOADING]: Considering mod file candidate /workspaces/moddedserver/mods/Mekanism-1.20.1-10.4.15.75.jar
[02May2025 22:23:53.688] [main/DEBUG] [net.minecraftforge.fml.loading.moddiscovery.ModFileInfo/LOADING]: Found valid mod file Mekanism-1.20.1-10.4.15.75.jar with {mekanism} mods - versions {10.4.15}
[02May2025 22:23:53.688] [main/DEBUG] [net.minecraftforge.fml.loading.moddiscovery.ModFile/LOADING]: Loading mod file /workspaces/moddedserver/mods/Mekanism-1.20.1-10.4.15.75.jar with languages [LanguageSpec[languageName=javafml, acceptedVersions=[47,)]]
[02May2025 22:23:53.689] [main/DEBUG] [net.minecraftforge.fml.loading.moddiscovery.ModFileParser/LOADING]: Considering mod file candidate /workspaces/moddedserver/mods/Applied-Mekanistics-1.4.2.jar
[02May2025 22:23:53.689] [main/DEBUG] [net.minecraftforge.fml.loading.moddiscovery.ModFileInfo/LOADING]: Found valid mod file Applied-Mekanistics-1.4.2.jar with {appmek} mods - versions {1.4.2}
[02May2025 22:23:53.689] [main/DEBUG] [net.minecraftforge.fml.loading.moddiscovery.ModFile/LOADING]: Loading mod file /workspaces/moddedserver/mods/Applied-Mekanistics-1.4.2.jar with languages [LanguageSpec[languageName=javafml, acceptedVersions=[43,)]]
[02May2025 22:23:53.689] [main/DEBUG] [net.minecraftforge.fml.loading.moddiscovery.ModFileParser/LOADING]: Considering mod file candidate /workspaces/moddedserver/libraries/net/minecraftforge/forge/1.20.1-47.4.0/forge-1.20.1-47.4.0-universal.jar
[02May2025 22:23:53.691] [main/DEBUG] [net.minecraftforge.fml.loading.moddiscovery.ModFileInfo/LOADING]: Found valid mod file forge-1.20.1-47.4.0-universal.jar with {forge} mods - versions {47.4.0}
[02May2025 22:23:53.691] [main/DEBUG] [net.minecraftforge.fml.loading.moddiscovery.ModFile/LOADING]: Loading mod file /workspaces/moddedserver/libraries/net/minecraftforge/forge/1.20.1-47.4.0/forge-1.20.1-47.4.0-universal.jar with languages [LanguageSpec[languageName=javafml, acceptedVersions=[24,]]]
[02May2025 22:23:53.694] [main/DEBUG] [net.minecraftforge.fml.loading.moddiscovery.ModFileParser/LOADING]: Found coremod field_to_method with Javascript path coremods/field_to_method.js
[02May2025 22:23:53.695] [main/DEBUG] [net.minecraftforge.fml.loading.moddiscovery.ModFileParser/LOADING]: Found coremod field_to_instanceof with Javascript path coremods/field_to_instanceof.js
[02May2025 22:23:53.695] [main/DEBUG] [net.minecraftforge.fml.loading.moddiscovery.ModFileParser/LOADING]: Found coremod add_bouncer_method with Javascript path coremods/add_bouncer_method.js
[02May2025 22:23:53.696] [main/DEBUG] [net.minecraftforge.fml.loading.moddiscovery.ModFileParser/LOADING]: Found coremod method_redirector with Javascript path coremods/method_redirector.js
[02May2025 22:23:53.696] [main/DEBUG] [net.minecraftforge.fml.loading.moddiscovery.ModFile/LOADING]: Found coremod coremods/field_to_method.js
[02May2025 22:23:53.696] [main/DEBUG] [net.minecraftforge.fml.loading.moddiscovery.ModFile/LOADING]: Found coremod coremods/field_to_instanceof.js
[02May2025 22:23:53.696] [main/DEBUG] [net.minecraftforge.fml.loading.moddiscovery.ModFile/LOADING]: Found coremod coremods/add_bouncer_method.js
[02May2025 22:23:53.696] [main/DEBUG] [net.minecraftforge.fml.loading.moddiscovery.ModFile/LOADING]: Found coremod coremods/method_redirector.js
[02May2025 22:23:53.696] [main/DEBUG] [net.minecraftforge.fml.loading.moddiscovery.ModFileParser/LOADING]: Considering mod file candidate 
[02May2025 22:23:53.697] [main/DEBUG] [net.minecraftforge.fml.loading.moddiscovery.ModFileInfo/LOADING]: Found valid mod file thermal_core-1.20.1-11.0.6.24.jar with {thermal} mods - versions {11.0.6}
[02May2025 22:23:53.697] [main/DEBUG] [net.minecraftforge.fml.loading.moddiscovery.ModFile/LOADING]: Loading mod file  with languages [LanguageSpec[languageName=javafml, acceptedVersions=[47,)]]
[02May2025 22:23:53.697] [main/DEBUG] [net.minecraftforge.fml.loading.moddiscovery.ModFileParser/LOADING]: Considering mod file candidate /workspaces/moddedserver/mods/curios-forge-5.14.1+1.20.1.jar
[02May2025 22:23:53.699] [main/DEBUG] [net.minecraftforge.fml.loading.moddiscovery.ModFileInfo/LOADING]: Found valid mod file curios-forge-5.14.1+1.20.1.jar with {curios} mods - versions {5.14.1+1.20.1}
[02May2025 22:23:53.699] [main/DEBUG] [net.minecraftforge.fml.loading.moddiscovery.ModFile/LOADING]: Loading mod file /workspaces/moddedserver/mods/curios-forge-5.14.1+1.20.1.jar with languages [LanguageSpec[languageName=javafml, acceptedVersions=[41,)]]
[02May2025 22:23:53.699] [main/DEBUG] [net.minecraftforge.fml.loading.moddiscovery.ModFileParser/LOADING]: Considering mod file candidate /workspaces/moddedserver/mods/redstone_arsenal-1.20.1-8.0.1.24.jar
[02May2025 22:23:53.704] [main/DEBUG] [net.minecraftforge.fml.loading.moddiscovery.ModFileInfo/LOADING]: Found valid mod file redstone_arsenal-1.20.1-8.0.1.24.jar with {redstone_arsenal} mods - versions {8.0.1}
[02May2025 22:23:53.704] [main/DEBUG] [net.minecraftforge.fml.loading.moddiscovery.ModFile/LOADING]: Loading mod file /workspaces/moddedserver/mods/redstone_arsenal-1.20.1-8.0.1.24.jar with languages [LanguageSpec[languageName=javafml, acceptedVersions=[47,)]]
[02May2025 22:23:53.705] [main/DEBUG] [net.minecraftforge.fml.loading.moddiscovery.ModFileParser/LOADING]: Considering mod file candidate /workspaces/moddedserver/mods/Patchouli-1.20.1-84.1-FORGE.jar
[02May2025 22:23:53.705] [main/DEBUG] [net.minecraftforge.fml.loading.moddiscovery.ModFileInfo/LOADING]: Found valid mod file Patchouli-1.20.1-84.1-FORGE.jar with {patchouli} mods - versions {1.20.1-84.1-FORGE}
[02May2025 22:23:53.705] [main/DEBUG] [net.minecraftforge.fml.loading.moddiscovery.ModFile/LOADING]: Loading mod file /workspaces/moddedserver/mods/Patchouli-1.20.1-84.1-FORGE.jar with languages [LanguageSpec[languageName=javafml, acceptedVersions=[47,)]]
[02May2025 22:23:53.705] [main/DEBUG] [net.minecraftforge.fml.loading.moddiscovery.ModFileParser/LOADING]: Considering mod file candidate /workspaces/moddedserver/mods/thermal_dynamics-1.20.1-11.0.1.23.jar
[02May2025 22:23:53.706] [main/DEBUG] [net.minecraftforge.fml.loading.moddiscovery.ModFileInfo/LOADING]: Found valid mod file thermal_dynamics-1.20.1-11.0.1.23.jar with {thermal_dynamics} mods - versions {11.0.1}
[02May2025 22:23:53.706] [main/DEBUG] [net.minecraftforge.fml.loading.moddiscovery.ModFile/LOADING]: Loading mod file /workspaces/moddedserver/mods/thermal_dynamics-1.20.1-11.0.1.23.jar with languages [LanguageSpec[languageName=javafml, acceptedVersions=[47,)]]
[02May2025 22:23:53.706] [main/DEBUG] [net.minecraftforge.fml.loading.moddiscovery.ModFileParser/LOADING]: Considering mod file candidate /workspaces/moddedserver/mods/thermal_cultivation-1.20.1-11.0.1.24.jar
[02May2025 22:23:53.709] [main/DEBUG] [net.minecraftforge.fml.loading.moddiscovery.ModFileInfo/LOADING]: Found valid mod file thermal_cultivation-1.20.1-11.0.1.24.jar with {thermal_cultivation} mods - versions {11.0.1}
[02May2025 22:23:53.709] [main/DEBUG] [net.minecraftforge.fml.loading.moddiscovery.ModFile/LOADING]: Loading mod file /workspaces/moddedserver/mods/thermal_cultivation-1.20.1-11.0.1.24.jar with languages [LanguageSpec[languageName=javafml, acceptedVersions=[47,)]]
[02May2025 22:23:53.710] [main/DEBUG] [net.minecraftforge.fml.loading.moddiscovery.ModFileParser/LOADING]: Considering mod file candidate /workspaces/moddedserver/mods/NaturesCompass-1.20.1-1.11.2-forge.jar
[02May2025 22:23:53.710] [main/DEBUG] [net.minecraftforge.fml.loading.moddiscovery.ModFileInfo/LOADING]: Found valid mod file NaturesCompass-1.20.1-1.11.2-forge.jar with {naturescompass} mods - versions {1.20.1-1.11.2-forge}
[02May2025 22:23:53.710] [main/DEBUG] [net.minecraftforge.fml.loading.moddiscovery.ModFile/LOADING]: Loading mod file /workspaces/moddedserver/mods/NaturesCompass-1.20.1-1.11.2-forge.jar with languages [LanguageSpec[languageName=javafml, acceptedVersions=[47,)]]
[02May2025 22:23:53.712] [main/DEBUG] [cpw.mods.modlauncher.TransformationServiceDecorator/MODLAUNCHER]: End scan trigger - transformation service fml
[02May2025 22:23:53.726] [main/DEBUG] [net.minecraftforge.fml.loading.LanguageLoadingProvider/CORE]: Found 3 language providers
[02May2025 22:23:53.726] [main/DEBUG] [net.minecraftforge.fml.loading.LanguageLoadingProvider/CORE]: Found language provider minecraft, version 1.0
[02May2025 22:23:53.727] [main/DEBUG] [net.minecraftforge.fml.loading.LanguageLoadingProvider/CORE]: Found language provider lowcodefml, version 47
[02May2025 22:23:53.727] [main/DEBUG] [net.minecraftforge.fml.loading.LanguageLoadingProvider/CORE]: Found language provider javafml, version 47
[02May2025 22:23:53.734] [main/DEBUG] [net.minecraftforge.fml.loading.ModSorter/]: Configured system mods: [minecraft, forge]
[02May2025 22:23:53.736] [main/DEBUG] [net.minecraftforge.fml.loading.ModSorter/]: Found system mod: minecraft
[02May2025 22:23:53.736] [main/DEBUG] [net.minecraftforge.fml.loading.ModSorter/]: Found system mod: forge
[02May2025 22:23:53.738] [main/DEBUG] [net.minecraftforge.fml.loading.ModSorter/LOADING]: Found 67 mod requirements (56 mandatory, 11 optional)
[02May2025 22:23:53.739] [main/DEBUG] [net.minecraftforge.fml.loading.ModSorter/LOADING]: Found 0 mod requirements missing (0 mandatory, 0 optional)
[02May2025 22:23:54.527] [main/DEBUG] [cpw.mods.modlauncher.TransformationServicesHandler/MODLAUNCHER]: Transformation services loading transformers
[02May2025 22:23:54.530] [main/DEBUG] [cpw.mods.modlauncher.TransformationServiceDecorator/MODLAUNCHER]: Initializing transformers for transformation service mixin
[02May2025 22:23:54.533] [main/DEBUG] [cpw.mods.modlauncher.TransformationServiceDecorator/MODLAUNCHER]: Initialized transformers for transformation service mixin
[02May2025 22:23:54.533] [main/DEBUG] [cpw.mods.modlauncher.TransformationServiceDecorator/MODLAUNCHER]: Initializing transformers for transformation service fml
[02May2025 22:23:54.533] [main/DEBUG] [net.minecraftforge.fml.loading.FMLServiceProvider/CORE]: Loading coremod transformers
[02May2025 22:23:54.533] [main/DEBUG] [net.minecraftforge.coremod.CoreModEngine/COREMOD]: Loading CoreMod from coremods/field_to_method.js
[02May2025 22:23:55.013] [main/DEBUG] [net.minecraftforge.coremod.CoreModEngine/COREMOD]: CoreMod loaded successfully
[02May2025 22:23:55.013] [main/DEBUG] [net.minecraftforge.coremod.CoreModEngine/COREMOD]: Loading CoreMod from coremods/field_to_instanceof.js
[02May2025 22:23:55.206] [main/DEBUG] [net.minecraftforge.coremod.CoreModEngine/COREMOD]: CoreMod loaded successfully
[02May2025 22:23:55.206] [main/DEBUG] [net.minecraftforge.coremod.CoreModEngine/COREMOD]: Loading CoreMod from coremods/add_bouncer_method.js
[02May2025 22:23:55.262] [main/DEBUG] [net.minecraftforge.coremod.CoreModEngine/COREMOD]: CoreMod loaded successfully
[02May2025 22:23:55.263] [main/DEBUG] [net.minecraftforge.coremod.CoreModEngine/COREMOD]: Loading CoreMod from coremods/method_redirector.js
[02May2025 22:23:55.383] [main/DEBUG] [net.minecraftforge.coremod.CoreModEngine/COREMOD]: CoreMod loaded successfully
[02May2025 22:23:55.401] [main/DEBUG] [cpw.mods.modlauncher.TransformStore/MODLAUNCHER]: Adding transformer net.minecraftforge.coremod.transformer.CoreModClassTransformer@12a14b74 to Target : CLASS {Lnet/minecraft/world/level/biome/Biome;} {} {V}
[02May2025 22:23:55.401] [main/DEBUG] [cpw.mods.modlauncher.TransformStore/MODLAUNCHER]: Adding transformer net.minecraftforge.coremod.transformer.CoreModClassTransformer@11eed657 to Target : CLASS {Lnet/minecraft/world/level/levelgen/structure/Structure;} {} {V}
[02May2025 22:23:55.404] [main/DEBUG] [cpw.mods.modlauncher.TransformStore/MODLAUNCHER]: Adding transformer net.minecraftforge.coremod.transformer.CoreModClassTransformer@708f018e to Target : CLASS {Lnet/minecraft/world/effect/MobEffectInstance;} {} {V}
[02May2025 22:23:55.404] [main/DEBUG] [cpw.mods.modlauncher.TransformStore/MODLAUNCHER]: Adding transformer net.minecraftforge.coremod.transformer.CoreModClassTransformer@19a31b9d to Target : CLASS {Lnet/minecraft/world/level/block/LiquidBlock;} {} {V}
[02May2025 22:23:55.404] [main/DEBUG] [cpw.mods.modlauncher.TransformStore/MODLAUNCHER]: Adding transformer net.minecraftforge.coremod.transformer.CoreModClassTransformer@a5bbaec to Target : CLASS {Lnet/minecraft/world/item/BucketItem;} {} {V}
[02May2025 22:23:55.404] [main/DEBUG] [cpw.mods.modlauncher.TransformStore/MODLAUNCHER]: Adding transformer net.minecraftforge.coremod.transformer.CoreModClassTransformer@6d60899e to Target : CLASS {Lnet/minecraft/world/level/block/StairBlock;} {} {V}
[02May2025 22:23:55.404] [main/DEBUG] [cpw.mods.modlauncher.TransformStore/MODLAUNCHER]: Adding transformer net.minecraftforge.coremod.transformer.CoreModClassTransformer@65eb76cd to Target : CLASS {Lnet/minecraft/world/level/block/FlowerPotBlock;} {} {V}
[02May2025 22:23:55.404] [main/DEBUG] [cpw.mods.modlauncher.TransformStore/MODLAUNCHER]: Adding transformer net.minecraftforge.coremod.transformer.CoreModClassTransformer@6415f61e to Target : CLASS {Lnet/minecraft/world/item/ItemStack;} {} {V}
[02May2025 22:23:55.404] [main/DEBUG] [cpw.mods.modlauncher.TransformStore/MODLAUNCHER]: Adding transformer net.minecraftforge.coremod.transformer.CoreModClassTransformer@334ebcaa to Target : CLASS {Lnet/minecraft/network/play/client/CClientSettingsPacket;} {} {V}
[02May2025 22:23:55.405] [main/DEBUG] [cpw.mods.modlauncher.TransformStore/MODLAUNCHER]: Adding transformer net.minecraftforge.coremod.transformer.CoreModClassTransformer@5a0bef24 to Target : CLASS {Lnet/minecraft/world/level/levelgen/PhantomSpawner;} {} {V}
[02May2025 22:23:55.405] [main/DEBUG] [cpw.mods.modlauncher.TransformStore/MODLAUNCHER]: Adding transformer net.minecraftforge.coremod.transformer.CoreModClassTransformer@5a0bef24 to Target : CLASS {Lnet/minecraft/world/entity/ai/village/VillageSiege;} {} {V}
[02May2025 22:23:55.405] [main/DEBUG] [cpw.mods.modlauncher.TransformStore/MODLAUNCHER]: Adding transformer net.minecraftforge.coremod.transformer.CoreModClassTransformer@5a0bef24 to Target : CLASS {Lnet/minecraft/world/entity/animal/horse/SkeletonTrapGoal;} {} {V}
[02May2025 22:23:55.405] [main/DEBUG] [cpw.mods.modlauncher.TransformStore/MODLAUNCHER]: Adding transformer net.minecraftforge.coremod.transformer.CoreModClassTransformer@5a0bef24 to Target : CLASS {Lnet/minecraft/world/level/levelgen/PatrolSpawner;} {} {V}
[02May2025 22:23:55.405] [main/DEBUG] [cpw.mods.modlauncher.TransformStore/MODLAUNCHER]: Adding transformer net.minecraftforge.coremod.transformer.CoreModClassTransformer@5a0bef24 to Target : CLASS {Lnet/minecraft/world/level/levelgen/structure/templatesystem/StructureTemplate;} {} {V}
[02May2025 22:23:55.405] [main/DEBUG] [cpw.mods.modlauncher.TransformStore/MODLAUNCHER]: Adding transformer net.minecraftforge.coremod.transformer.CoreModClassTransformer@5a0bef24 to Target : CLASS {Lnet/minecraft/world/entity/monster/Strider;} {} {V}
[02May2025 22:23:55.405] [main/DEBUG] [cpw.mods.modlauncher.TransformStore/MODLAUNCHER]: Adding transformer net.minecraftforge.coremod.transformer.CoreModClassTransformer@5a0bef24 to Target : CLASS {Lnet/minecraft/world/entity/npc/Villager;} {} {V}
[02May2025 22:23:55.405] [main/DEBUG] [cpw.mods.modlauncher.TransformStore/MODLAUNCHER]: Adding transformer net.minecraftforge.coremod.transformer.CoreModClassTransformer@5a0bef24 to Target : CLASS {Lnet/minecraft/world/entity/monster/Evoker$EvokerSummonSpellGoal;} {} {V}
[02May2025 22:23:55.405] [main/DEBUG] [cpw.mods.modlauncher.TransformStore/MODLAUNCHER]: Adding transformer net.minecraftforge.coremod.transformer.CoreModClassTransformer@5a0bef24 to Target : CLASS {Lnet/minecraft/world/entity/monster/Spider;} {} {V}
[02May2025 22:23:55.409] [main/DEBUG] [cpw.mods.modlauncher.TransformStore/MODLAUNCHER]: Adding transformer net.minecraftforge.coremod.transformer.CoreModClassTransformer@5a0bef24 to Target : CLASS {Lnet/minecraft/world/entity/monster/ZombieVillager;} {} {V}
[02May2025 22:23:55.409] [main/DEBUG] [cpw.mods.modlauncher.TransformStore/MODLAUNCHER]: Adding transformer net.minecraftforge.coremod.transformer.CoreModClassTransformer@5a0bef24 to Target : CLASS {Lnet/minecraft/world/entity/EntityType;} {} {V}
[02May2025 22:23:55.409] [main/DEBUG] [cpw.mods.modlauncher.TransformStore/MODLAUNCHER]: Adding transformer net.minecraftforge.coremod.transformer.CoreModClassTransformer@5a0bef24 to Target : CLASS {Lnet/minecraft/server/commands/RaidCommand;} {} {V}
[02May2025 22:23:55.409] [main/DEBUG] [cpw.mods.modlauncher.TransformStore/MODLAUNCHER]: Adding transformer net.minecraftforge.coremod.transformer.CoreModClassTransformer@5a0bef24 to Target : CLASS {Lnet/minecraft/world/entity/npc/CatSpawner;} {} {V}
[02May2025 22:23:55.409] [main/DEBUG] [cpw.mods.modlauncher.TransformStore/MODLAUNCHER]: Adding transformer net.minecraftforge.coremod.transformer.CoreModClassTransformer@5a0bef24 to Target : CLASS {Lnet/minecraft/world/entity/raid/Raid;} {} {V}
[02May2025 22:23:55.409] [main/DEBUG] [cpw.mods.modlauncher.TransformStore/MODLAUNCHER]: Adding transformer net.minecraftforge.coremod.transformer.CoreModClassTransformer@5a0bef24 to Target : CLASS {Lnet/minecraft/world/level/levelgen/structure/structures/OceanRuinPieces$OceanRuinPiece;} {} {V}
[02May2025 22:23:55.409] [main/DEBUG] [cpw.mods.modlauncher.TransformStore/MODLAUNCHER]: Adding transformer net.minecraftforge.coremod.transformer.CoreModClassTransformer@5a0bef24 to Target : CLASS {Lnet/minecraft/server/commands/SummonCommand;} {} {V}
[02May2025 22:23:55.410] [main/DEBUG] [cpw.mods.modlauncher.TransformStore/MODLAUNCHER]: Adding transformer net.minecraftforge.coremod.transformer.CoreModClassTransformer@5a0bef24 to Target : CLASS {Lnet/minecraft/world/entity/monster/Zombie;} {} {V}
[02May2025 22:23:55.410] [main/DEBUG] [cpw.mods.modlauncher.TransformStore/MODLAUNCHER]: Adding transformer net.minecraftforge.coremod.transformer.CoreModClassTransformer@5a0bef24 to Target : CLASS {Lnet/minecraft/world/level/levelgen/structure/structures/OceanMonumentPieces$OceanMonumentPiece;} {} {V}
[02May2025 22:23:55.410] [main/DEBUG] [cpw.mods.modlauncher.TransformStore/MODLAUNCHER]: Adding transformer net.minecraftforge.coremod.transformer.CoreModClassTransformer@5a0bef24 to Target : CLASS {Lnet/minecraft/world/entity/animal/frog/Tadpole;} {} {V}
[02May2025 22:23:55.410] [main/DEBUG] [cpw.mods.modlauncher.TransformStore/MODLAUNCHER]: Adding transformer net.minecraftforge.coremod.transformer.CoreModClassTransformer@5a0bef24 to Target : CLASS {Lnet/minecraft/world/level/NaturalSpawner;} {} {V}
[02May2025 22:23:55.410] [main/DEBUG] [cpw.mods.modlauncher.TransformStore/MODLAUNCHER]: Adding transformer net.minecraftforge.coremod.transformer.CoreModClassTransformer@5a0bef24 to Target : CLASS {Lnet/minecraft/world/level/levelgen/structure/structures/SwampHutPiece;} {} {V}
[02May2025 22:23:55.410] [main/DEBUG] [cpw.mods.modlauncher.TransformStore/MODLAUNCHER]: Adding transformer net.minecraftforge.coremod.transformer.CoreModClassTransformer@5a0bef24 to Target : CLASS {Lnet/minecraft/world/level/levelgen/structure/structures/WoodlandMansionPieces$WoodlandMansionPiece;} {} {V}
[02May2025 22:23:55.410] [main/DEBUG] [cpw.mods.modlauncher.TransformationServiceDecorator/MODLAUNCHER]: Initialized transformers for transformation service fml
[02May2025 22:23:57.720] [main/DEBUG] [mixin/]: Processing prepare() for PlatformAgent[MixinPlatformAgentDefault:ModLauncher Root Container(ModLauncher:4f56a0a2)]
[02May2025 22:23:57.720] [main/DEBUG] [mixin/]: Processing launch tasks for PlatformAgent[MixinPlatformAgentDefault:ModLauncher Root Container(ModLauncher:4f56a0a2)]
[02May2025 22:23:57.720] [main/DEBUG] [mixin/]: Adding mixin platform agents for container SecureJarResource(minecraft)
[02May2025 22:23:57.720] [main/DEBUG] [mixin/]: Instancing new MixinPlatformAgentMinecraftForge for SecureJarResource(minecraft)
[02May2025 22:23:57.726] [main/DEBUG] [mixin/]: MixinPlatformAgentMinecraftForge rejected container SecureJarResource(minecraft)
[02May2025 22:23:57.726] [main/DEBUG] [mixin/]: Instancing new MixinPlatformAgentDefault for SecureJarResource(minecraft)
[02May2025 22:23:57.726] [main/DEBUG] [mixin/]: MixinPlatformAgentDefault accepted container SecureJarResource(minecraft)
[02May2025 22:23:57.726] [main/DEBUG] [mixin/]: Processing prepare() for PlatformAgent[MixinPlatformAgentDefault:SecureJarResource(minecraft)]
[02May2025 22:23:57.726] [main/DEBUG] [mixin/]: Adding mixin platform agents for container SecureJarResource(terrablender)
[02May2025 22:23:57.726] [main/DEBUG] [mixin/]: Instancing new MixinPlatformAgentMinecraftForge for SecureJarResource(terrablender)
[02May2025 22:23:57.726] [main/DEBUG] [mixin/]: MixinPlatformAgentMinecraftForge rejected container SecureJarResource(terrablender)
[02May2025 22:23:57.726] [main/DEBUG] [mixin/]: Instancing new MixinPlatformAgentDefault for SecureJarResource(terrablender)
[02May2025 22:23:57.726] [main/DEBUG] [mixin/]: MixinPlatformAgentDefault accepted container SecureJarResource(terrablender)
[02May2025 22:23:57.726] [main/DEBUG] [mixin/]: Processing prepare() for PlatformAgent[MixinPlatformAgentDefault:SecureJarResource(terrablender)]
[02May2025 22:23:57.726] [main/DEBUG] [mixin/]: Registering mixin config: terrablender.mixins.json
[02May2025 22:23:57.757] [main/DEBUG] [mixin/]: Compatibility level JAVA_17 specified by terrablender.mixins.json is higher than the maximum level supported by this version of mixin (JAVA_13).
[02May2025 22:23:57.764] [main/INFO] [mixin/]: Compatibility level set to JAVA_17
[02May2025 22:23:57.764] [main/DEBUG] [mixin/]: Registering mixin config: terrablender_forge.mixins.json
[02May2025 22:23:57.768] [main/DEBUG] [mixin/]: Adding mixin platform agents for container SecureJarResource(biomesoplenty)
[02May2025 22:23:57.768] [main/DEBUG] [mixin/]: Instancing new MixinPlatformAgentMinecraftForge for SecureJarResource(biomesoplenty)
[02May2025 22:23:57.768] [main/DEBUG] [mixin/]: MixinPlatformAgentMinecraftForge rejected container SecureJarResource(biomesoplenty)
[02May2025 22:23:57.768] [main/DEBUG] [mixin/]: Instancing new MixinPlatformAgentDefault for SecureJarResource(biomesoplenty)
[02May2025 22:23:57.768] [main/DEBUG] [mixin/]: MixinPlatformAgentDefault accepted container SecureJarResource(biomesoplenty)
[02May2025 22:23:57.769] [main/DEBUG] [mixin/]: Processing prepare() for PlatformAgent[MixinPlatformAgentDefault:SecureJarResource(biomesoplenty)]
[02May2025 22:23:57.769] [main/DEBUG] [mixin/]: Adding mixin platform agents for container SecureJarResource(jei)
[02May2025 22:23:57.769] [main/DEBUG] [mixin/]: Instancing new MixinPlatformAgentMinecraftForge for SecureJarResource(jei)
[02May2025 22:23:57.769] [main/DEBUG] [mixin/]: MixinPlatformAgentMinecraftForge rejected container SecureJarResource(jei)
[02May2025 22:23:57.769] [main/DEBUG] [mixin/]: Instancing new MixinPlatformAgentDefault for SecureJarResource(jei)
[02May2025 22:23:57.769] [main/DEBUG] [mixin/]: MixinPlatformAgentDefault accepted container SecureJarResource(jei)
[02May2025 22:23:57.769] [main/DEBUG] [mixin/]: Processing prepare() for PlatformAgent[MixinPlatformAgentDefault:SecureJarResource(jei)]
[02May2025 22:23:57.771] [main/DEBUG] [mixin/]: Adding mixin platform agents for container SecureJarResource(ae2)
[02May2025 22:23:57.771] [main/DEBUG] [mixin/]: Instancing new MixinPlatformAgentMinecraftForge for SecureJarResource(ae2)
[02May2025 22:23:57.773] [main/DEBUG] [mixin/]: MixinPlatformAgentMinecraftForge rejected container SecureJarResource(ae2)
[02May2025 22:23:57.773] [main/DEBUG] [mixin/]: Instancing new MixinPlatformAgentDefault for SecureJarResource(ae2)
[02May2025 22:23:57.773] [main/DEBUG] [mixin/]: MixinPlatformAgentDefault accepted container SecureJarResource(ae2)
[02May2025 22:23:57.773] [main/DEBUG] [mixin/]: Processing prepare() for PlatformAgent[MixinPlatformAgentDefault:SecureJarResource(ae2)]
[02May2025 22:23:57.773] [main/DEBUG] [mixin/]: Registering mixin config: ae2.mixins.json
[02May2025 22:23:57.776] [main/DEBUG] [mixin/]: Compatibility level JAVA_11 specified by ae2.mixins.json is lower than the default level supported by the current mixin service (JAVA_16).
[02May2025 22:23:57.777] [main/DEBUG] [mixin/]: Adding mixin platform agents for container SecureJarResource(botania)
[02May2025 22:23:57.777] [main/DEBUG] [mixin/]: Instancing new MixinPlatformAgentMinecraftForge for SecureJarResource(botania)
[02May2025 22:23:57.777] [main/DEBUG] [mixin/]: MixinPlatformAgentMinecraftForge rejected container SecureJarResource(botania)
[02May2025 22:23:57.777] [main/DEBUG] [mixin/]: Instancing new MixinPlatformAgentDefault for SecureJarResource(botania)
[02May2025 22:23:57.777] [main/DEBUG] [mixin/]: MixinPlatformAgentDefault accepted container SecureJarResource(botania)
[02May2025 22:23:57.777] [main/DEBUG] [mixin/]: Processing prepare() for PlatformAgent[MixinPlatformAgentDefault:SecureJarResource(botania)]
[02May2025 22:23:57.777] [main/DEBUG] [mixin/]: Registering mixin config: botania_xplat.mixins.json
[02May2025 22:23:57.781] [main/DEBUG] [mixin/]: Registering mixin config: botania_forge.mixins.json
[02May2025 22:23:57.786] [main/DEBUG] [mixin/]: Adding mixin platform agents for container SecureJarResource(crafttweaker)
[02May2025 22:23:57.786] [main/DEBUG] [mixin/]: Instancing new MixinPlatformAgentMinecraftForge for SecureJarResource(crafttweaker)
[02May2025 22:23:57.787] [main/DEBUG] [mixin/]: MixinPlatformAgentMinecraftForge rejected container SecureJarResource(crafttweaker)
[02May2025 22:23:57.787] [main/DEBUG] [mixin/]: Instancing new MixinPlatformAgentDefault for SecureJarResource(crafttweaker)
[02May2025 22:23:57.787] [main/DEBUG] [mixin/]: MixinPlatformAgentDefault accepted container SecureJarResource(crafttweaker)
[02May2025 22:23:57.787] [main/DEBUG] [mixin/]: Processing prepare() for PlatformAgent[MixinPlatformAgentDefault:SecureJarResource(crafttweaker)]
[02May2025 22:23:57.787] [main/DEBUG] [mixin/]: Registering mixin config: crafttweaker.mixins.json
[02May2025 22:23:57.791] [main/DEBUG] [mixin/]: Registering mixin config: crafttweaker.forge.mixins.json
[02May2025 22:23:57.797] [main/DEBUG] [mixin/]: Adding mixin platform agents for container SecureJarResource(forge)
[02May2025 22:23:57.798] [main/DEBUG] [mixin/]: Instancing new MixinPlatformAgentMinecraftForge for SecureJarResource(forge)
[02May2025 22:23:57.798] [main/DEBUG] [mixin/]: MixinPlatformAgentMinecraftForge rejected container SecureJarResource(forge)
[02May2025 22:23:57.799] [main/DEBUG] [mixin/]: Instancing new MixinPlatformAgentDefault for SecureJarResource(forge)
[02May2025 22:23:57.799] [main/DEBUG] [mixin/]: MixinPlatformAgentDefault accepted container SecureJarResource(forge)
[02May2025 22:23:57.799] [main/DEBUG] [mixin/]: Processing prepare() for PlatformAgent[MixinPlatformAgentDefault:SecureJarResource(forge)]
[02May2025 22:23:57.799] [main/DEBUG] [mixin/]: Adding mixin platform agents for container SecureJarResource(cofh_core)
[02May2025 22:23:57.799] [main/DEBUG] [mixin/]: Instancing new MixinPlatformAgentMinecraftForge for SecureJarResource(cofh_core)
[02May2025 22:23:57.799] [main/DEBUG] [mixin/]: MixinPlatformAgentMinecraftForge rejected container SecureJarResource(cofh_core)
[02May2025 22:23:57.799] [main/DEBUG] [mixin/]: Instancing new MixinPlatformAgentDefault for SecureJarResource(cofh_core)
[02May2025 22:23:57.799] [main/DEBUG] [mixin/]: MixinPlatformAgentDefault accepted container SecureJarResource(cofh_core)
[02May2025 22:23:57.799] [main/DEBUG] [mixin/]: Processing prepare() for PlatformAgent[MixinPlatformAgentDefault:SecureJarResource(cofh_core)]
[02May2025 22:23:57.799] [main/DEBUG] [mixin/]: Registering mixin config: mixins.cofhcore.json
[02May2025 22:23:57.803] [main/DEBUG] [mixin/]: Adding mixin platform agents for container SecureJarResource(redstone_arsenal)
[02May2025 22:23:57.806] [main/DEBUG] [mixin/]: Instancing new MixinPlatformAgentMinecraftForge for SecureJarResource(redstone_arsenal)
[02May2025 22:23:57.806] [main/DEBUG] [mixin/]: MixinPlatformAgentMinecraftForge rejected container SecureJarResource(redstone_arsenal)
[02May2025 22:23:57.806] [main/DEBUG] [mixin/]: Instancing new MixinPlatformAgentDefault for SecureJarResource(redstone_arsenal)
[02May2025 22:23:57.806] [main/DEBUG] [mixin/]: MixinPlatformAgentDefault accepted container SecureJarResource(redstone_arsenal)
[02May2025 22:23:57.806] [main/DEBUG] [mixin/]: Processing prepare() for PlatformAgent[MixinPlatformAgentDefault:SecureJarResource(redstone_arsenal)]
[02May2025 22:23:57.807] [main/DEBUG] [mixin/]: Adding mixin platform agents for container SecureJarResource(curios)
[02May2025 22:23:57.807] [main/DEBUG] [mixin/]: Instancing new MixinPlatformAgentMinecraftForge for SecureJarResource(curios)
[02May2025 22:23:57.808] [main/DEBUG] [mixin/]: MixinPlatformAgentMinecraftForge rejected container SecureJarResource(curios)
[02May2025 22:23:57.808] [main/DEBUG] [mixin/]: Instancing new MixinPlatformAgentDefault for SecureJarResource(curios)
[02May2025 22:23:57.809] [main/DEBUG] [mixin/]: MixinPlatformAgentDefault accepted container SecureJarResource(curios)
[02May2025 22:23:57.810] [main/DEBUG] [mixin/]: Processing prepare() for PlatformAgent[MixinPlatformAgentDefault:SecureJarResource(curios)]
[02May2025 22:23:57.811] [main/DEBUG] [mixin/]: Registering mixin config: curios.mixins.json
[02May2025 22:23:57.816] [main/DEBUG] [mixin/]: Adding mixin platform agents for container SecureJarResource(mekanism)
[02May2025 22:23:57.820] [main/DEBUG] [mixin/]: Instancing new MixinPlatformAgentMinecraftForge for SecureJarResource(mekanism)
[02May2025 22:23:57.820] [main/DEBUG] [mixin/]: MixinPlatformAgentMinecraftForge rejected container SecureJarResource(mekanism)
[02May2025 22:23:57.820] [main/DEBUG] [mixin/]: Instancing new MixinPlatformAgentDefault for SecureJarResource(mekanism)
[02May2025 22:23:57.820] [main/DEBUG] [mixin/]: MixinPlatformAgentDefault accepted container SecureJarResource(mekanism)
[02May2025 22:23:57.821] [main/DEBUG] [mixin/]: Processing prepare() for PlatformAgent[MixinPlatformAgentDefault:SecureJarResource(mekanism)]
[02May2025 22:23:57.821] [main/DEBUG] [mixin/]: Adding mixin platform agents for container SecureJarResource(mekanismtools)
[02May2025 22:23:57.821] [main/DEBUG] [mixin/]: Instancing new MixinPlatformAgentMinecraftForge for SecureJarResource(mekanismtools)
[02May2025 22:23:57.821] [main/DEBUG] [mixin/]: MixinPlatformAgentMinecraftForge rejected container SecureJarResource(mekanismtools)
[02May2025 22:23:57.821] [main/DEBUG] [mixin/]: Instancing new MixinPlatformAgentDefault for SecureJarResource(mekanismtools)
[02May2025 22:23:57.822] [main/DEBUG] [mixin/]: MixinPlatformAgentDefault accepted container SecureJarResource(mekanismtools)
[02May2025 22:23:57.822] [main/DEBUG] [mixin/]: Processing prepare() for PlatformAgent[MixinPlatformAgentDefault:SecureJarResource(mekanismtools)]
[02May2025 22:23:57.823] [main/DEBUG] [mixin/]: Adding mixin platform agents for container SecureJarResource(mekanismgenerators)
[02May2025 22:23:57.823] [main/DEBUG] [mixin/]: Instancing new MixinPlatformAgentMinecraftForge for SecureJarResource(mekanismgenerators)
[02May2025 22:23:57.827] [main/DEBUG] [mixin/]: MixinPlatformAgentMinecraftForge rejected container SecureJarResource(mekanismgenerators)
[02May2025 22:23:57.827] [main/DEBUG] [mixin/]: Instancing new MixinPlatformAgentDefault for SecureJarResource(mekanismgenerators)
[02May2025 22:23:57.827] [main/DEBUG] [mixin/]: MixinPlatformAgentDefault accepted container SecureJarResource(mekanismgenerators)
[02May2025 22:23:57.827] [main/DEBUG] [mixin/]: Processing prepare() for PlatformAgent[MixinPlatformAgentDefault:SecureJarResource(mekanismgenerators)]
[02May2025 22:23:57.827] [main/DEBUG] [mixin/]: Adding mixin platform agents for container SecureJarResource(appmek)
[02May2025 22:23:57.827] [main/DEBUG] [mixin/]: Instancing new MixinPlatformAgentMinecraftForge for SecureJarResource(appmek)
[02May2025 22:23:57.828] [main/DEBUG] [mixin/]: MixinPlatformAgentMinecraftForge rejected container SecureJarResource(appmek)
[02May2025 22:23:57.828] [main/DEBUG] [mixin/]: Instancing new MixinPlatformAgentDefault for SecureJarResource(appmek)
[02May2025 22:23:57.829] [main/DEBUG] [mixin/]: MixinPlatformAgentDefault accepted container SecureJarResource(appmek)
[02May2025 22:23:57.832] [main/DEBUG] [mixin/]: Processing prepare() for PlatformAgent[MixinPlatformAgentDefault:SecureJarResource(appmek)]
[02May2025 22:23:57.832] [main/DEBUG] [mixin/]: Adding mixin platform agents for container SecureJarResource(thermal)
[02May2025 22:23:57.832] [main/DEBUG] [mixin/]: Instancing new MixinPlatformAgentMinecraftForge for SecureJarResource(thermal)
[02May2025 22:23:57.832] [main/DEBUG] [mixin/]: MixinPlatformAgentMinecraftForge rejected container SecureJarResource(thermal)
[02May2025 22:23:57.832] [main/DEBUG] [mixin/]: Instancing new MixinPlatformAgentDefault for SecureJarResource(thermal)
[02May2025 22:23:57.832] [main/DEBUG] [mixin/]: MixinPlatformAgentDefault accepted container SecureJarResource(thermal)
[02May2025 22:23:57.832] [main/DEBUG] [mixin/]: Processing prepare() for PlatformAgent[MixinPlatformAgentDefault:SecureJarResource(thermal)]
[02May2025 22:23:57.832] [main/DEBUG] [mixin/]: Adding mixin platform agents for container SecureJarResource(thermal_foundation)
[02May2025 22:23:57.832] [main/DEBUG] [mixin/]: Instancing new MixinPlatformAgentMinecraftForge for SecureJarResource(thermal_foundation)
[02May2025 22:23:57.832] [main/DEBUG] [mixin/]: MixinPlatformAgentMinecraftForge rejected container SecureJarResource(thermal_foundation)
[02May2025 22:23:57.835] [main/DEBUG] [mixin/]: Instancing new MixinPlatformAgentDefault for SecureJarResource(thermal_foundation)
[02May2025 22:23:57.835] [main/DEBUG] [mixin/]: MixinPlatformAgentDefault accepted container SecureJarResource(thermal_foundation)
[02May2025 22:23:57.835] [main/DEBUG] [mixin/]: Processing prepare() for PlatformAgent[MixinPlatformAgentDefault:SecureJarResource(thermal_foundation)]
[02May2025 22:23:57.835] [main/DEBUG] [mixin/]: Adding mixin platform agents for container SecureJarResource(thermal_expansion)
[02May2025 22:23:57.836] [main/DEBUG] [mixin/]: Instancing new MixinPlatformAgentMinecraftForge for SecureJarResource(thermal_expansion)
[02May2025 22:23:57.836] [main/DEBUG] [mixin/]: MixinPlatformAgentMinecraftForge rejected container SecureJarResource(thermal_expansion)
[02May2025 22:23:57.836] [main/DEBUG] [mixin/]: Instancing new MixinPlatformAgentDefault for SecureJarResource(thermal_expansion)
[02May2025 22:23:57.836] [main/DEBUG] [mixin/]: MixinPlatformAgentDefault accepted container SecureJarResource(thermal_expansion)
[02May2025 22:23:57.837] [main/DEBUG] [mixin/]: Processing prepare() for PlatformAgent[MixinPlatformAgentDefault:SecureJarResource(thermal_expansion)]
[02May2025 22:23:57.837] [main/DEBUG] [mixin/]: Adding mixin platform agents for container SecureJarResource(thermal_innovation)
[02May2025 22:23:57.837] [main/DEBUG] [mixin/]: Instancing new MixinPlatformAgentMinecraftForge for SecureJarResource(thermal_innovation)
[02May2025 22:23:57.837] [main/DEBUG] [mixin/]: MixinPlatformAgentMinecraftForge rejected container SecureJarResource(thermal_innovation)
[02May2025 22:23:57.837] [main/DEBUG] [mixin/]: Instancing new MixinPlatformAgentDefault for SecureJarResource(thermal_innovation)
[02May2025 22:23:57.837] [main/DEBUG] [mixin/]: MixinPlatformAgentDefault accepted container SecureJarResource(thermal_innovation)
[02May2025 22:23:57.837] [main/DEBUG] [mixin/]: Processing prepare() for PlatformAgent[MixinPlatformAgentDefault:SecureJarResource(thermal_innovation)]
[02May2025 22:23:57.837] [main/DEBUG] [mixin/]: Adding mixin platform agents for container SecureJarResource(thermal_integration)
[02May2025 22:23:57.837] [main/DEBUG] [mixin/]: Instancing new MixinPlatformAgentMinecraftForge for SecureJarResource(thermal_integration)
[02May2025 22:23:57.837] [main/DEBUG] [mixin/]: MixinPlatformAgentMinecraftForge rejected container SecureJarResource(thermal_integration)
[02May2025 22:23:57.837] [main/DEBUG] [mixin/]: Instancing new MixinPlatformAgentDefault for SecureJarResource(thermal_integration)
[02May2025 22:23:57.841] [main/DEBUG] [mixin/]: MixinPlatformAgentDefault accepted container SecureJarResource(thermal_integration)
[02May2025 22:23:57.841] [main/DEBUG] [mixin/]: Processing prepare() for PlatformAgent[MixinPlatformAgentDefault:SecureJarResource(thermal_integration)]
[02May2025 22:23:57.841] [main/DEBUG] [mixin/]: Adding mixin platform agents for container SecureJarResource(patchouli)
[02May2025 22:23:57.841] [main/DEBUG] [mixin/]: Instancing new MixinPlatformAgentMinecraftForge for SecureJarResource(patchouli)
[02May2025 22:23:57.841] [main/DEBUG] [mixin/]: MixinPlatformAgentMinecraftForge rejected container SecureJarResource(patchouli)
[02May2025 22:23:57.841] [main/DEBUG] [mixin/]: Instancing new MixinPlatformAgentDefault for SecureJarResource(patchouli)
[02May2025 22:23:57.841] [main/DEBUG] [mixin/]: MixinPlatformAgentDefault accepted container SecureJarResource(patchouli)
[02May2025 22:23:57.841] [main/DEBUG] [mixin/]: Processing prepare() for PlatformAgent[MixinPlatformAgentDefault:SecureJarResource(patchouli)]
[02May2025 22:23:57.841] [main/DEBUG] [mixin/]: Registering mixin config: patchouli_xplat.mixins.json
[02May2025 22:23:57.857] [main/DEBUG] [mixin/]: Adding mixin platform agents for container SecureJarResource(thermal_dynamics)
[02May2025 22:23:57.858] [main/DEBUG] [mixin/]: Instancing new MixinPlatformAgentMinecraftForge for SecureJarResource(thermal_dynamics)
[02May2025 22:23:57.860] [main/DEBUG] [mixin/]: MixinPlatformAgentMinecraftForge rejected container SecureJarResource(thermal_dynamics)
[02May2025 22:23:57.860] [main/DEBUG] [mixin/]: Instancing new MixinPlatformAgentDefault for SecureJarResource(thermal_dynamics)
[02May2025 22:23:57.861] [main/DEBUG] [mixin/]: MixinPlatformAgentDefault accepted container SecureJarResource(thermal_dynamics)
[02May2025 22:23:57.861] [main/DEBUG] [mixin/]: Processing prepare() for PlatformAgent[MixinPlatformAgentDefault:SecureJarResource(thermal_dynamics)]
[02May2025 22:23:57.861] [main/DEBUG] [mixin/]: Adding mixin platform agents for container SecureJarResource(thermal_cultivation)
[02May2025 22:23:57.861] [main/DEBUG] [mixin/]: Instancing new MixinPlatformAgentMinecraftForge for SecureJarResource(thermal_cultivation)
[02May2025 22:23:57.861] [main/DEBUG] [mixin/]: MixinPlatformAgentMinecraftForge rejected container SecureJarResource(thermal_cultivation)
[02May2025 22:23:57.861] [main/DEBUG] [mixin/]: Instancing new MixinPlatformAgentDefault for SecureJarResource(thermal_cultivation)
[02May2025 22:23:57.861] [main/DEBUG] [mixin/]: MixinPlatformAgentDefault accepted container SecureJarResource(thermal_cultivation)
[02May2025 22:23:57.861] [main/DEBUG] [mixin/]: Processing prepare() for PlatformAgent[MixinPlatformAgentDefault:SecureJarResource(thermal_cultivation)]
[02May2025 22:23:57.861] [main/DEBUG] [mixin/]: Adding mixin platform agents for container SecureJarResource(naturescompass)
[02May2025 22:23:57.861] [main/DEBUG] [mixin/]: Instancing new MixinPlatformAgentMinecraftForge for SecureJarResource(naturescompass)
[02May2025 22:23:57.861] [main/DEBUG] [mixin/]: MixinPlatformAgentMinecraftForge rejected container SecureJarResource(naturescompass)
[02May2025 22:23:57.861] [main/DEBUG] [mixin/]: Instancing new MixinPlatformAgentDefault for SecureJarResource(naturescompass)
[02May2025 22:23:57.864] [main/DEBUG] [mixin/]: MixinPlatformAgentDefault accepted container SecureJarResource(naturescompass)
[02May2025 22:23:57.864] [main/DEBUG] [mixin/]: Processing prepare() for PlatformAgent[MixinPlatformAgentDefault:SecureJarResource(naturescompass)]
[02May2025 22:23:57.865] [main/DEBUG] [mixin/]: inject() running with 25 agents
[02May2025 22:23:57.866] [main/DEBUG] [mixin/]: Processing inject() for PlatformAgent[MixinPlatformAgentDefault:ModLauncher Root Container(ModLauncher:4f56a0a2)]
[02May2025 22:23:57.866] [main/DEBUG] [mixin/]: Processing inject() for PlatformAgent[MixinPlatformAgentDefault:SecureJarResource(minecraft)]
[02May2025 22:23:57.866] [main/DEBUG] [mixin/]: Processing inject() for PlatformAgent[MixinPlatformAgentDefault:SecureJarResource(terrablender)]
[02May2025 22:23:57.868] [main/DEBUG] [mixin/]: Processing inject() for PlatformAgent[MixinPlatformAgentDefault:SecureJarResource(biomesoplenty)]
[02May2025 22:23:57.868] [main/DEBUG] [mixin/]: Processing inject() for PlatformAgent[MixinPlatformAgentDefault:SecureJarResource(jei)]
[02May2025 22:23:57.868] [main/DEBUG] [mixin/]: Processing inject() for PlatformAgent[MixinPlatformAgentDefault:SecureJarResource(ae2)]
[02May2025 22:23:57.868] [main/DEBUG] [mixin/]: Processing inject() for PlatformAgent[MixinPlatformAgentDefault:SecureJarResource(botania)]
[02May2025 22:23:57.868] [main/DEBUG] [mixin/]: Processing inject() for PlatformAgent[MixinPlatformAgentDefault:SecureJarResource(crafttweaker)]
[02May2025 22:23:57.868] [main/DEBUG] [mixin/]: Processing inject() for PlatformAgent[MixinPlatformAgentDefault:SecureJarResource(forge)]
[02May2025 22:23:57.869] [main/DEBUG] [mixin/]: Processing inject() for PlatformAgent[MixinPlatformAgentDefault:SecureJarResource(cofh_core)]
[02May2025 22:23:57.871] [main/DEBUG] [mixin/]: Processing inject() for PlatformAgent[MixinPlatformAgentDefault:SecureJarResource(redstone_arsenal)]
[02May2025 22:23:57.871] [main/DEBUG] [mixin/]: Processing inject() for PlatformAgent[MixinPlatformAgentDefault:SecureJarResource(curios)]
[02May2025 22:23:57.871] [main/DEBUG] [mixin/]: Processing inject() for PlatformAgent[MixinPlatformAgentDefault:SecureJarResource(mekanism)]
[02May2025 22:23:57.871] [main/DEBUG] [mixin/]: Processing inject() for PlatformAgent[MixinPlatformAgentDefault:SecureJarResource(mekanismtools)]
[02May2025 22:23:57.871] [main/DEBUG] [mixin/]: Processing inject() for PlatformAgent[MixinPlatformAgentDefault:SecureJarResource(mekanismgenerators)]
[02May2025 22:23:57.871] [main/DEBUG] [mixin/]: Processing inject() for PlatformAgent[MixinPlatformAgentDefault:SecureJarResource(appmek)]
[02May2025 22:23:57.871] [main/DEBUG] [mixin/]: Processing inject() for PlatformAgent[MixinPlatformAgentDefault:SecureJarResource(thermal)]
[02May2025 22:23:57.871] [main/DEBUG] [mixin/]: Processing inject() for PlatformAgent[MixinPlatformAgentDefault:SecureJarResource(thermal_foundation)]
[02May2025 22:23:57.871] [main/DEBUG] [mixin/]: Processing inject() for PlatformAgent[MixinPlatformAgentDefault:SecureJarResource(thermal_expansion)]
[02May2025 22:23:57.871] [main/DEBUG] [mixin/]: Processing inject() for PlatformAgent[MixinPlatformAgentDefault:SecureJarResource(thermal_innovation)]
[02May2025 22:23:57.872] [main/DEBUG] [mixin/]: Processing inject() for PlatformAgent[MixinPlatformAgentDefault:SecureJarResource(thermal_integration)]
[02May2025 22:23:57.872] [main/DEBUG] [mixin/]: Processing inject() for PlatformAgent[MixinPlatformAgentDefault:SecureJarResource(patchouli)]
[02May2025 22:23:57.872] [main/DEBUG] [mixin/]: Processing inject() for PlatformAgent[MixinPlatformAgentDefault:SecureJarResource(thermal_dynamics)]
[02May2025 22:23:57.872] [main/DEBUG] [mixin/]: Processing inject() for PlatformAgent[MixinPlatformAgentDefault:SecureJarResource(thermal_cultivation)]
[02May2025 22:23:57.872] [main/DEBUG] [mixin/]: Processing inject() for PlatformAgent[MixinPlatformAgentDefault:SecureJarResource(naturescompass)]
[02May2025 22:23:57.872] [main/INFO] [cpw.mods.modlauncher.LaunchServiceHandler/MODLAUNCHER]: Launching target 'forgeserver' with arguments []
[02May2025 22:23:57.955] [main/DEBUG] [mixin/]: Error cleaning class output directory: .mixin.out
[02May2025 22:23:57.956] [main/DEBUG] [mixin/]: Preparing mixins for MixinEnvironment[DEFAULT]
[02May2025 22:23:57.956] [main/DEBUG] [mixin/]: Selecting config terrablender.mixins.json
[02May2025 22:23:57.962] [main/DEBUG] [mixin/]: Selecting config terrablender_forge.mixins.json
[02May2025 22:23:57.963] [main/DEBUG] [mixin/]: Selecting config ae2.mixins.json
[02May2025 22:23:57.989] [main/DEBUG] [mixin/]: Selecting config botania_xplat.mixins.json
[02May2025 22:23:57.996] [main/DEBUG] [mixin/]: Selecting config botania_forge.mixins.json
[02May2025 22:23:58.007] [main/DEBUG] [mixin/]: Selecting config crafttweaker.mixins.json
[02May2025 22:23:58.009] [main/DEBUG] [mixin/]: Selecting config crafttweaker.forge.mixins.json
[02May2025 22:23:58.043] [main/DEBUG] [mixin/]: Selecting config mixins.cofhcore.json
[02May2025 22:23:58.049] [main/DEBUG] [mixin/]: Selecting config curios.mixins.json
[02May2025 22:23:58.051] [main/DEBUG] [mixin/]: Selecting config patchouli_xplat.mixins.json
[02May2025 22:23:58.072] [main/DEBUG] [mixin/]: Preparing terrablender.mixins.json (7)
[02May2025 22:23:58.259] [main/DEBUG] [mixin/]: Preparing terrablender_forge.mixins.json (0)
[02May2025 22:23:58.259] [main/DEBUG] [mixin/]: Preparing ae2.mixins.json (18)
[02May2025 22:23:58.384] [main/DEBUG] [net.minecraftforge.coremod.transformer.CoreModBaseTransformer/COREMOD]: Transforming net/minecraft/world/level/levelgen/structure/templatesystem/StructureTemplate
[02May2025 22:23:59.644] [main/DEBUG] [mixin/]: Preparing botania_xplat.mixins.json (74)
[02May2025 22:23:59.809] [main/DEBUG] [net.minecraftforge.coremod.transformer.CoreModBaseTransformer/COREMOD]: Transforming net/minecraft/world/level/biome/Biome
[02May2025 22:24:00.195] [main/DEBUG] [net.minecraftforge.coremod.transformer.CoreModBaseTransformer/COREMOD]: Transforming net/minecraft/world/level/NaturalSpawner
[02May2025 22:24:00.817] [main/DEBUG] [mixin/]: Preparing botania_forge.mixins.json (6)
[02May2025 22:24:00.821] [main/DEBUG] [mixin/]: Preparing crafttweaker.mixins.json (34)
[02May2025 22:24:00.963] [main/DEBUG] [mixin/]: Preparing crafttweaker.forge.mixins.json (7)
[02May2025 22:24:00.985] [main/DEBUG] [mixin/]: Preparing mixins.cofhcore.json (10)
[02May2025 22:24:01.002] [main/ERROR] [net.minecraftforge.fml.loading.RuntimeDistCleaner/DISTXFORM]: Attempted to load class net/minecraft/client/multiplayer/MultiPlayerGameMode for invalid dist DEDICATED_SERVER
[02May2025 22:24:01.007] [main/WARN] [mixin/]: Error loading class: net/minecraft/client/multiplayer/MultiPlayerGameMode (java.lang.RuntimeException: Attempted to load class net/minecraft/client/multiplayer/MultiPlayerGameMode for invalid dist DEDICATED_SERVER)
[02May2025 22:24:01.008] [main/WARN] [mixin/]: @Mixin target net.minecraft.client.multiplayer.MultiPlayerGameMode was not found mixins.cofhcore.json:MultiPlayerGameModeMixin
[02May2025 22:24:01.016] [main/DEBUG] [mixin/]: Preparing curios.mixins.json (13)
[02May2025 22:24:01.073] [main/DEBUG] [mixin/]: Preparing patchouli_xplat.mixins.json (10)
[02May2025 22:24:01.131] [main/DEBUG] [mixin/]: Registering new injector for @Inject with org.spongepowered.asm.mixin.injection.struct.CallbackInjectionInfo
[02May2025 22:24:01.137] [main/DEBUG] [mixin/]: Registering new injector for @ModifyArg with org.spongepowered.asm.mixin.injection.struct.ModifyArgInjectionInfo
[02May2025 22:24:01.138] [main/DEBUG] [mixin/]: Registering new injector for @ModifyArgs with org.spongepowered.asm.mixin.injection.struct.ModifyArgsInjectionInfo
[02May2025 22:24:01.144] [main/DEBUG] [mixin/]: Registering new injector for @Redirect with org.spongepowered.asm.mixin.injection.struct.RedirectInjectionInfo
[02May2025 22:24:01.148] [main/DEBUG] [mixin/]: Registering new injector for @ModifyVariable with org.spongepowered.asm.mixin.injection.struct.ModifyVariableInjectionInfo
[02May2025 22:24:01.149] [main/DEBUG] [mixin/]: Registering new injector for @ModifyConstant with org.spongepowered.asm.mixin.injection.struct.ModifyConstantInjectionInfo
[02May2025 22:24:01.288] [main/DEBUG] [mixin/]: Prepared 136 mixins in 3.328 sec (24.5ms avg) (0ms load, 0ms transform, 0ms plugin)
[02May2025 22:24:01.331] [main/DEBUG] [mixin/]: Mixing spatial.MinecraftServerMixin from ae2.mixins.json into net.minecraft.server.MinecraftServer
[02May2025 22:24:01.349] [main/DEBUG] [mixin/]: ae2.mixins.json:spatial.MinecraftServerMixin: Class version 61 required is higher than the class version supported by the current version of Mixin (JAVA_11 supports class version 55)
[02May2025 22:24:01.455] [main/DEBUG] [mixin/]: Mixing common.access.server.AccessMinecraftServer from crafttweaker.mixins.json into net.minecraft.server.MinecraftServer
[02May2025 22:24:01.725] [main/DEBUG] [io.netty.util.internal.logging.InternalLoggerFactory/]: Using SLF4J as the default logging framework
[02May2025 22:24:01.746] [main/DEBUG] [io.netty.util.ResourceLeakDetector/]: -Dio.netty.leakDetection.level: simple
[02May2025 22:24:01.746] [main/DEBUG] [io.netty.util.ResourceLeakDetector/]: -Dio.netty.leakDetection.targetRecords: 4
[02May2025 22:24:02.150] [main/DEBUG] [oshi.util.FileUtil/]: No oshi.properties file found from ClassLoader cpw.mods.modlauncher.TransformingClassLoader@3c91530d
[02May2025 22:24:02.150] [main/DEBUG] [oshi.util.FileUtil/]: No oshi.properties file found from ClassLoader jdk.internal.loader.ClassLoaders$AppClassLoader@76ed5528
[02May2025 22:24:02.257] [main/DEBUG] [oshi.util.FileUtil/]: Reading file /proc/self/auxv
[02May2025 22:24:02.258] [main/DEBUG] [oshi.util.FileUtil/]: Reading file /proc/self/auxv
[02May2025 22:24:02.271] [main/DEBUG] [oshi.util.FileUtil/]: Reading file /proc/stat
[02May2025 22:24:02.293] [main/DEBUG] [oshi.util.FileUtil/]: Reading file /sys/devices/system/cpu/cpu0/topology/core_id
[02May2025 22:24:02.293] [main/DEBUG] [oshi.util.FileUtil/]: Reading file /sys/devices/system/cpu/cpu0/topology/core_id
[02May2025 22:24:02.293] [main/DEBUG] [oshi.util.FileUtil/]: Reading file /sys/devices/system/cpu/cpu0/topology/physical_package_id
[02May2025 22:24:02.293] [main/DEBUG] [oshi.util.FileUtil/]: Reading file /sys/devices/system/cpu/cpu0/topology/physical_package_id
[02May2025 22:24:02.293] [main/DEBUG] [oshi.util.FileUtil/]: Reading file /sys/devices/system/cpu/cpu0/cpu_capacity
[02May2025 22:24:02.296] [main/DEBUG] [oshi.util.FileUtil/]: Reading file /sys/devices/system/cpu/cpu1/topology/core_id
[02May2025 22:24:02.296] [main/DEBUG] [oshi.util.FileUtil/]: Reading file /sys/devices/system/cpu/cpu1/topology/core_id
[02May2025 22:24:02.296] [main/DEBUG] [oshi.util.FileUtil/]: Reading file /sys/devices/system/cpu/cpu1/topology/physical_package_id
[02May2025 22:24:02.296] [main/DEBUG] [oshi.util.FileUtil/]: Reading file /sys/devices/system/cpu/cpu1/topology/physical_package_id
[02May2025 22:24:02.296] [main/DEBUG] [oshi.util.FileUtil/]: Reading file /sys/devices/system/cpu/cpu1/cpu_capacity
[02May2025 22:24:02.302] [main/DEBUG] [oshi.util.FileUtil/]: Reading file /proc/cpuinfo
[02May2025 22:24:02.318] [main/DEBUG] [oshi.util.FileUtil/]: Reading file /proc/self/auxv
[02May2025 22:24:02.322] [main/DEBUG] [oshi.util.FileUtil/]: No oshi.architecture.properties file found from ClassLoader cpw.mods.modlauncher.TransformingClassLoader@3c91530d
[02May2025 22:24:02.324] [main/DEBUG] [oshi.util.FileUtil/]: No oshi.architecture.properties file found from ClassLoader jdk.internal.loader.ClassLoaders$AppClassLoader@76ed5528
[02May2025 22:24:02.350] [main/DEBUG] [oshi.util.FileUtil/]: Reading file /proc/meminfo
[02May2025 22:24:02.352] [main/DEBUG] [oshi.util.FileUtil/]: Reading file /proc/meminfo
[02May2025 22:24:02.432] [main/DEBUG] [mixin/]: Mixing EarlyStartupMixin from ae2.mixins.json into net.minecraft.server.Bootstrap
[02May2025 22:24:02.432] [main/DEBUG] [mixin/]: ae2.mixins.json:EarlyStartupMixin: Class version 61 required is higher than the class version supported by the current version of Mixin (JAVA_11 supports class version 55)
[02May2025 22:24:02.451] [main/DEBUG] [mixin/]: Mixing MixinBuiltInRegistries from terrablender.mixins.json into net.minecraft.core.registries.BuiltInRegistries
[02May2025 22:24:02.451] [main/DEBUG] [mixin/]: Renaming synthetic method lambda$registerSimple$0(Lnet/minecraft/core/registries/BuiltInRegistries$RegistryBootstrap;Lnet/minecraft/core/Registry;)Ljava/lang/Object; to md4b0f64$lambda$registerSimple$0$0 in terrablender.mixins.json:MixinBuiltInRegistries
[02May2025 22:24:02.464] [main/DEBUG] [mixin/]: Mixing BuiltInRegistriesForgeAccessor from botania_forge.mixins.json into net.minecraft.core.registries.BuiltInRegistries
[02May2025 22:24:02.467] [main/DEBUG] [mixin/]: Renaming @Invoker method callRegisterDefaulted(Lnet/minecraft/resources/ResourceKey;Ljava/lang/String;Lnet/minecraft/core/registries/BuiltInRegistries$RegistryBootstrap;)Lnet/minecraft/core/DefaultedRegistry; to callRegisterDefaulted_$md$4b0f64$1 in botania_forge.mixins.json:BuiltInRegistriesForgeAccessor
[02May2025 22:24:02.501] [main/DEBUG] [mixin/]: Mixing common.access.registry.AccessMappedRegistry from crafttweaker.mixins.json into net.minecraft.core.MappedRegistry
[02May2025 22:24:02.680] [main/DEBUG] [mixin/]: Mixing common.access.block.AccessBlockBehaviour from crafttweaker.mixins.json into net.minecraft.world.level.block.state.BlockBehaviour
[02May2025 22:24:02.699] [main/DEBUG] [mixin/]: Mixing common.access.block.AccessBlockStateBase from crafttweaker.mixins.json into net.minecraft.world.level.block.state.BlockBehaviour$BlockStateBase
[02May2025 22:24:02.741] [main/DEBUG] [mixin/]: Mixing EntityAccessor from botania_xplat.mixins.json into net.minecraft.world.entity.Entity
[02May2025 22:24:02.744] [main/DEBUG] [mixin/]: Mixing EntityMixin from botania_xplat.mixins.json into net.minecraft.world.entity.Entity
[02May2025 22:24:02.771] [main/DEBUG] [net.minecraftforge.coremod.transformer.CoreModBaseTransformer/COREMOD]: Transforming net/minecraft/world/entity/EntityType
[02May2025 22:24:03.030] [main/DEBUG] [net.minecraftforge.coremod.transformer.CoreModBaseTransformer/COREMOD]: Transforming net/minecraft/world/item/ItemStack
[02May2025 22:24:03.080] [main/DEBUG] [mixin/]: Mixing AccessorEntity from curios.mixins.json into net.minecraft.world.entity.Entity
[02May2025 22:24:03.249] [main/DEBUG] [mixin/]: Mixing LivingEntityAccessor from botania_xplat.mixins.json into net.minecraft.world.entity.LivingEntity
[02May2025 22:24:03.253] [main/DEBUG] [mixin/]: Mixing LivingEntityMixin from mixins.cofhcore.json into net.minecraft.world.entity.LivingEntity
[02May2025 22:24:03.254] [main/DEBUG] [mixin/]: Renaming synthetic method lambda$shield$0(Lorg/spongepowered/asm/mixin/injection/callback/CallbackInfoReturnable;Lnet/minecraft/world/damagesource/DamageSource;Lcofh/lib/api/capability/IShieldItem;)V to md4b0f64$lambda$shield$0$0 in mixins.cofhcore.json:LivingEntityMixin
[02May2025 22:24:03.263] [main/DEBUG] [net.minecraftforge.coremod.transformer.CoreModBaseTransformer/COREMOD]: Transforming net/minecraft/world/effect/MobEffectInstance
[02May2025 22:24:03.315] [main/DEBUG] [mixin/]: Mixing MixinLivingEntity from curios.mixins.json into net.minecraft.world.entity.LivingEntity
[02May2025 22:24:03.624] [main/DEBUG] [mixin/]: Mixing LevelAccessor from botania_xplat.mixins.json into net.minecraft.world.level.Level
[02May2025 22:24:03.640] [main/DEBUG] [mixin/]: Mixing ServerLevelMixin from botania_xplat.mixins.json into net.minecraft.server.level.ServerLevel
[02May2025 22:24:03.641] [main/DEBUG] [mixin/]: Mixing common.transform.world.level.MixinServerLevel from crafttweaker.mixins.json into net.minecraft.server.level.ServerLevel
[02May2025 22:24:03.698] [main/DEBUG] [mixin/]: Mixing ItemEntityMixin from ae2.mixins.json into net.minecraft.world.entity.item.ItemEntity
[02May2025 22:24:03.702] [main/DEBUG] [mixin/]: ae2.mixins.json:ItemEntityMixin: Class version 61 required is higher than the class version supported by the current version of Mixin (JAVA_11 supports class version 55)
[02May2025 22:24:03.703] [main/DEBUG] [mixin/]: Renaming synthetic method lambda$handleEntityTransform$0(Lnet/minecraft/world/level/material/FluidState;Lappeng/recipes/transform/TransformCircumstance;)Z to md4b0f64$lambda$handleEntityTransform$0$0 in ae2.mixins.json:ItemEntityMixin
[02May2025 22:24:03.752] [main/DEBUG] [mixin/]: Mixing ItemEntityAccessor from botania_xplat.mixins.json into net.minecraft.world.entity.item.ItemEntity
[02May2025 22:24:03.757] [main/DEBUG] [mixin/]: Mixing ItemEntityMixin from botania_xplat.mixins.json into net.minecraft.world.entity.item.ItemEntity
[02May2025 22:24:03.887] [main/DEBUG] [mixin/]: Mixing PlayerMixin from botania_xplat.mixins.json into net.minecraft.world.entity.player.Player
[02May2025 22:24:04.042] [main/DEBUG] [mixin/]: Mixing ItemMixin from botania_xplat.mixins.json into net.minecraft.world.item.Item
[02May2025 22:24:04.046] [main/DEBUG] [mixin/]: Mixing common.access.item.AccessItem from crafttweaker.mixins.json into net.minecraft.world.item.Item
[02May2025 22:24:04.046] [main/DEBUG] [mixin/]: Renaming @Accessor method crafttweaker$getBASE_ATTACK_DAMAGE_UUID()Ljava/util/UUID; to crafttweaker$getBASE_ATTACK_DAMAGE_UUID_$md$4b0f64$0 in crafttweaker.mixins.json:common.access.item.AccessItem
[02May2025 22:24:04.046] [main/DEBUG] [mixin/]: Renaming @Accessor method crafttweaker$getBASE_ATTACK_SPEED_UUID()Ljava/util/UUID; to crafttweaker$getBASE_ATTACK_SPEED_UUID_$md$4b0f64$1 in crafttweaker.mixins.json:common.access.item.AccessItem
[02May2025 22:24:04.071] [main/DEBUG] [net.minecraftforge.coremod.transformer.CoreModBaseTransformer/COREMOD]: Transforming net/minecraft/world/entity/EntityType
[02May2025 22:24:04.327] [main/DEBUG] [mixin/]: Mixing FireBlockAccessor from botania_xplat.mixins.json into net.minecraft.world.level.block.FireBlock
[02May2025 22:24:04.661] [main/DEBUG] [mixin/]: Mixing BushBlockMixin from botania_xplat.mixins.json into net.minecraft.world.level.block.BushBlock
[02May2025 22:24:04.674] [main/DEBUG] [net.minecraftforge.coremod.transformer.CoreModBaseTransformer/COREMOD]: Transforming net/minecraft/world/level/block/LiquidBlock
[02May2025 22:24:04.691] [main/DEBUG] [mixin/]: Mixing DispenserBlockAccessor from botania_xplat.mixins.json into net.minecraft.world.level.block.DispenserBlock
[02May2025 22:24:04.691] [main/DEBUG] [mixin/]: Renaming @Accessor method getDispenserRegistry()Ljava/util/Map; to getDispenserRegistry_$md$4b0f64$0 in botania_xplat.mixins.json:DispenserBlockAccessor
[02May2025 22:24:04.699] [main/DEBUG] [mixin/]: Mixing PistonBaseBlockMixin from botania_xplat.mixins.json into net.minecraft.world.level.block.piston.PistonBaseBlock
[02May2025 22:24:04.703] [main/DEBUG] [mixin/]: Mixing PistonBaseBlockAccessor from botania_xplat.mixins.json into net.minecraft.world.level.block.piston.PistonBaseBlock
[02May2025 22:24:04.726] [main/DEBUG] [net.minecraftforge.coremod.transformer.CoreModBaseTransformer/COREMOD]: Transforming net/minecraft/world/level/block/StairBlock
[02May2025 22:24:04.739] [main/DEBUG] [mixin/]: Mixing FarmBlockMixin from botania_xplat.mixins.json into net.minecraft.world.level.block.FarmBlock
[02May2025 22:24:04.790] [main/DEBUG] [mixin/]: Mixing common.access.block.AccessAbstractCauldronBlock from crafttweaker.mixins.json into net.minecraft.world.level.block.AbstractCauldronBlock
[02May2025 22:24:04.803] [main/DEBUG] [net.minecraftforge.coremod.transformer.CoreModBaseTransformer/COREMOD]: Transforming net/minecraft/world/level/block/FlowerPotBlock
[02May2025 22:24:04.845] [main/DEBUG] [mixin/]: Mixing GrowingPlantBodyBlockMixin from botania_xplat.mixins.json into net.minecraft.world.level.block.GrowingPlantBodyBlock
[02May2025 22:24:04.892] [main/DEBUG] [mixin/]: Mixing MixinPowderSnowBlock from curios.mixins.json into net.minecraft.world.level.block.PowderSnowBlock
[02May2025 22:24:04.972] [main/DEBUG] [mixin/]: Mixing BlockPropertiesAccessor from botania_xplat.mixins.json into net.minecraft.world.level.block.state.BlockBehaviour$Properties
[02May2025 22:24:05.137] [main/DEBUG] [mixin/]: Mixing common.access.entity.AccessFallingBlockEntity from crafttweaker.mixins.json into net.minecraft.world.entity.item.FallingBlockEntity
[02May2025 22:24:05.243] [main/DEBUG] [mixin/]: Mixing RandomizableContainerBlockEntityAccessor from botania_xplat.mixins.json into net.minecraft.world.level.block.entity.RandomizableContainerBlockEntity
[02May2025 22:24:06.633] [main/DEBUG] [mixin/]: Mixing AbstractFurnaceBlockEntityAccessor from botania_xplat.mixins.json into net.minecraft.world.level.block.entity.AbstractFurnaceBlockEntity
[02May2025 22:24:06.633] [main/DEBUG] [mixin/]: Mixing AbstractFurnaceBlockEntityForgeAccessor from botania_forge.mixins.json into net.minecraft.world.level.block.entity.AbstractFurnaceBlockEntity
[02May2025 22:24:06.824] [main/DEBUG] [mixin/]: Mixing MobAccessor from botania_xplat.mixins.json into net.minecraft.world.entity.Mob
[02May2025 22:24:06.825] [main/DEBUG] [mixin/]: Mixing MobMixin from botania_xplat.mixins.json into net.minecraft.world.entity.Mob
[02May2025 22:24:06.959] [main/DEBUG] [net.minecraftforge.coremod.transformer.CoreModBaseTransformer/COREMOD]: Transforming net/minecraft/world/item/ItemStack
[02May2025 22:24:07.179] [main/DEBUG] [mixin/]: Mixing WitherEntityAccessor from botania_xplat.mixins.json into net.minecraft.world.entity.boss.wither.WitherBoss
[02May2025 22:24:07.205] [main/DEBUG] [mixin/]: Mixing AnvilMenuMixin from ae2.mixins.json into net.minecraft.world.inventory.AnvilMenu
[02May2025 22:24:07.215] [main/DEBUG] [mixin/]: ae2.mixins.json:AnvilMenuMixin: Class version 61 required is higher than the class version supported by the current version of Mixin (JAVA_11 supports class version 55)
[02May2025 22:24:07.257] [main/DEBUG] [mixin/]: Mixing HopperBlockEntityAccessor from botania_xplat.mixins.json into net.minecraft.world.level.block.entity.HopperBlockEntity
[02May2025 22:24:07.258] [main/DEBUG] [mixin/]: Renaming @Invoker method botania_canInsert(Lnet/minecraft/world/Container;Lnet/minecraft/world/item/ItemStack;ILnet/minecraft/core/Direction;)Z to botania_canInsert_$md$4b0f64$0 in botania_xplat.mixins.json:HopperBlockEntityAccessor
[02May2025 22:24:07.258] [main/DEBUG] [mixin/]: Renaming @Invoker method botania_canMerge(Lnet/minecraft/world/item/ItemStack;Lnet/minecraft/world/item/ItemStack;)Z to botania_canMerge_$md$4b0f64$1 in botania_xplat.mixins.json:HopperBlockEntityAccessor
[02May2025 22:24:07.505] [main/DEBUG] [mixin/]: Mixing AnimalAccessor from botania_xplat.mixins.json into net.minecraft.world.entity.animal.Animal
[02May2025 22:24:08.050] [main/DEBUG] [mixin/]: Mixing LoomMenuMixin from botania_xplat.mixins.json into net.minecraft.world.inventory.LoomMenu
[02May2025 22:24:08.271] [main/DEBUG] [mixin/]: Mixing common.access.entity.AccessLightningBolt from crafttweaker.mixins.json into net.minecraft.world.entity.LightningBolt
[02May2025 22:24:08.400] [main/DEBUG] [net.minecraftforge.coremod.transformer.CoreModBaseTransformer/COREMOD]: Transforming net/minecraft/world/entity/animal/frog/Tadpole
[02May2025 22:24:08.485] [main/DEBUG] [net.minecraftforge.coremod.transformer.CoreModBaseTransformer/COREMOD]: Transforming net/minecraft/world/item/BucketItem
[02May2025 22:24:08.498] [main/DEBUG] [mixin/]: Mixing BundleItemAccessor from botania_xplat.mixins.json into net.minecraft.world.item.BundleItem
[02May2025 22:24:08.498] [main/DEBUG] [mixin/]: Renaming @Invoker method call_getContents(Lnet/minecraft/world/item/ItemStack;)Ljava/util/stream/Stream; to call_getContents_$md$4b0f64$0 in botania_xplat.mixins.json:BundleItemAccessor
[02May2025 22:24:08.506] [main/DEBUG] [mixin/]: Mixing ShearsItemMixin from mixins.cofhcore.json into net.minecraft.world.item.ShearsItem
[02May2025 22:24:08.508] [main/DEBUG] [mixin/]: Mixing MixinShearsItem from curios.mixins.json into net.minecraft.world.item.ShearsItem
[02May2025 22:24:08.521] [main/DEBUG] [mixin/]: Mixing HorseArmorItemMixin from mixins.cofhcore.json into net.minecraft.world.item.HorseArmorItem
[02May2025 22:24:08.530] [main/DEBUG] [mixin/]: Mixing ShieldItemMixin from mixins.cofhcore.json into net.minecraft.world.item.ShieldItem
[02May2025 22:24:08.579] [main/DEBUG] [mixin/]: Mixing AbstractMinecartMixin from botania_xplat.mixins.json into net.minecraft.world.entity.vehicle.AbstractMinecart
[02May2025 22:24:09.902] [main/DEBUG] [mixin/]: Mixing ExperienceOrbAccessor from botania_xplat.mixins.json into net.minecraft.world.entity.ExperienceOrb
[02May2025 22:24:09.926] [main/DEBUG] [mixin/]: Mixing BeeMixin from botania_xplat.mixins.json into net.minecraft.world.entity.animal.Bee
[02May2025 22:24:09.953] [main/DEBUG] [mixin/]: Mixing PollinateGoalMixin from botania_xplat.mixins.json into net.minecraft.world.entity.animal.Bee$BeePollinateGoal
[02May2025 22:24:09.954] [main/DEBUG] [mixin/]: Renaming synthetic method lambda$extendPredicate$0(Lnet/minecraft/world/level/block/state/BlockState;)Z to md4b0f64$lambda$extendPredicate$0$0 in botania_xplat.mixins.json:PollinateGoalMixin
[02May2025 22:24:09.961] [main/DEBUG] [mixin/]: Mixing HurtByTargetGoalAccessor from botania_xplat.mixins.json into net.minecraft.world.entity.ai.goal.target.HurtByTargetGoal
[02May2025 22:24:09.962] [main/DEBUG] [mixin/]: Mixing HurtByTargetGoalMixin from botania_xplat.mixins.json into net.minecraft.world.entity.ai.goal.target.HurtByTargetGoal
[02May2025 22:24:09.966] [main/DEBUG] [mixin/]: Mixing NearestAttackableTargetGoalAccessor from botania_xplat.mixins.json into net.minecraft.world.entity.ai.goal.target.NearestAttackableTargetGoal
[02May2025 22:24:09.990] [main/DEBUG] [mixin/]: Mixing AbstractHorseAccessor from botania_xplat.mixins.json into net.minecraft.world.entity.animal.horse.AbstractHorse
[02May2025 22:24:10.014] [main/DEBUG] [net.minecraftforge.coremod.transformer.CoreModBaseTransformer/COREMOD]: Transforming net/minecraft/world/entity/monster/Spider
[02May2025 22:24:10.067] [main/DEBUG] [mixin/]: Mixing CreeperAccessor from botania_xplat.mixins.json into net.minecraft.world.entity.monster.Creeper
[02May2025 22:24:10.068] [main/DEBUG] [mixin/]: Mixing CreeperMixin from botania_xplat.mixins.json into net.minecraft.world.entity.monster.Creeper
[02May2025 22:24:10.090] [main/DEBUG] [net.minecraftforge.coremod.transformer.CoreModBaseTransformer/COREMOD]: Transforming net/minecraft/world/entity/monster/Zombie
[02May2025 22:24:10.183] [main/DEBUG] [net.minecraftforge.coremod.transformer.CoreModBaseTransformer/COREMOD]: Transforming net/minecraft/world/entity/monster/ZombieVillager
[02May2025 22:24:10.241] [main/DEBUG] [mixin/]: Mixing ThrowableProjectileMixin from botania_xplat.mixins.json into net.minecraft.world.entity.projectile.ThrowableProjectile
[02May2025 22:24:10.277] [main/DEBUG] [net.minecraftforge.coremod.transformer.CoreModBaseTransformer/COREMOD]: Transforming net/minecraft/world/entity/monster/Evoker$EvokerSummonSpellGoal
[02May2025 22:24:10.400] [main/DEBUG] [mixin/]: Mixing MushroomCowAccessor from botania_xplat.mixins.json into net.minecraft.world.entity.animal.MushroomCow
[02May2025 22:24:10.480] [main/DEBUG] [net.minecraftforge.coremod.transformer.CoreModBaseTransformer/COREMOD]: Transforming net/minecraft/world/entity/animal/horse/SkeletonTrapGoal
[02May2025 22:24:10.510] [main/DEBUG] [mixin/]: Mixing BaseSpawnerMixin from botania_xplat.mixins.json into net.minecraft.world.level.BaseSpawner
[02May2025 22:24:10.523] [main/DEBUG] [net.minecraftforge.coremod.transformer.CoreModBaseTransformer/COREMOD]: Transforming net/minecraft/world/entity/monster/Strider
[02May2025 22:24:10.634] [main/DEBUG] [mixin/]: Mixing ServerPlayerMixin from botania_xplat.mixins.json into net.minecraft.server.level.ServerPlayer
[02May2025 22:24:10.696] [main/DEBUG] [net.minecraftforge.coremod.transformer.CoreModBaseTransformer/COREMOD]: Transforming net/minecraft/world/entity/npc/Villager
[02May2025 22:24:10.933] [main/DEBUG] [mixin/]: Mixing common.access.item.AccessIngredient from crafttweaker.mixins.json into net.minecraft.world.item.crafting.Ingredient
[02May2025 22:24:10.933] [main/DEBUG] [mixin/]: Renaming @Invoker method crafttweaker$callFromValues(Ljava/util/stream/Stream;)Lnet/minecraft/world/item/crafting/Ingredient; to crafttweaker$callFromValues_$md$4b0f64$0 in crafttweaker.mixins.json:common.access.item.AccessIngredient
[02May2025 22:24:10.934] [main/DEBUG] [mixin/]: Mixing common.transform.item.MixinIngredient from crafttweaker.mixins.json into net.minecraft.world.item.crafting.Ingredient
[02May2025 22:24:10.944] [main/DEBUG] [mixin/]: Mixing common.access.food.AccessFoodProperties from crafttweaker.mixins.json into net.minecraft.world.food.FoodProperties
[02May2025 22:24:10.945] [main/DEBUG] [mixin/]: Renaming @Invoker method crafttweaker$createFoodProperties(IFZZZLjava/util/List;)Lnet/minecraft/world/food/FoodProperties; to crafttweaker$createFoodProperties_$md$4b0f64$0 in crafttweaker.mixins.json:common.access.food.AccessFoodProperties
[02May2025 22:24:10.945] [main/DEBUG] [mixin/]: Mixing common.access.food.AccessFoodPropertiesForge from crafttweaker.forge.mixins.json into net.minecraft.world.food.FoodProperties
[02May2025 22:24:10.948] [main/DEBUG] [net.minecraftforge.coremod.transformer.CoreModBaseTransformer/COREMOD]: Transforming net/minecraft/world/effect/MobEffectInstance
[02May2025 22:24:11.004] [main/DEBUG] [mixin/]: Mixing common.access.brewing.AccessPotionBrewing from crafttweaker.forge.mixins.json into net.minecraft.world.item.alchemy.PotionBrewing
[02May2025 22:24:11.004] [main/DEBUG] [mixin/]: Renaming @Accessor method crafttweaker$getPOTION_MIXES()Ljava/util/List; to crafttweaker$getPOTION_MIXES_$md$4b0f64$0 in crafttweaker.forge.mixins.json:common.access.brewing.AccessPotionBrewing
[02May2025 22:24:11.004] [main/DEBUG] [mixin/]: Renaming @Accessor method crafttweaker$getCONTAINER_MIXES()Ljava/util/List; to crafttweaker$getCONTAINER_MIXES_$md$4b0f64$1 in crafttweaker.forge.mixins.json:common.access.brewing.AccessPotionBrewing
[02May2025 22:24:11.005] [main/DEBUG] [mixin/]: Renaming @Invoker method crafttweaker$callAddMix(Lnet/minecraft/world/item/alchemy/Potion;Lnet/minecraft/world/item/Item;Lnet/minecraft/world/item/alchemy/Potion;)V to crafttweaker$callAddMix_$md$4b0f64$2 in crafttweaker.forge.mixins.json:common.access.brewing.AccessPotionBrewing
[02May2025 22:24:11.063] [main/DEBUG] [mixin/]: Mixing ProtectionEnchantmentMixin from botania_xplat.mixins.json into net.minecraft.world.item.enchantment.ProtectionEnchantment
[02May2025 22:24:11.190] [main/DEBUG] [mixin/]: Mixing UnbreakingMixin from ae2.mixins.json into net.minecraft.world.item.enchantment.DigDurabilityEnchantment
[02May2025 22:24:11.192] [main/DEBUG] [mixin/]: ae2.mixins.json:UnbreakingMixin: Class version 61 required is higher than the class version supported by the current version of Mixin (JAVA_11 supports class version 55)
[02May2025 22:24:11.240] [main/DEBUG] [mixin/]: Mixing StatsAccessor from botania_xplat.mixins.json into net.minecraft.stats.Stats
[02May2025 22:24:11.240] [main/DEBUG] [mixin/]: Renaming @Invoker method botania_callRegisterCustom(Ljava/lang/String;Lnet/minecraft/stats/StatFormatter;)Lnet/minecraft/resources/ResourceLocation; to botania_callRegisterCustom_$md$4b0f64$0 in botania_xplat.mixins.json:StatsAccessor
[02May2025 22:24:11.291] [main/DEBUG] [mixin/]: Mixing MixinInventory from curios.mixins.json into net.minecraft.world.entity.player.Inventory
[02May2025 22:24:11.295] [main/DEBUG] [mixin/]: Mixing InventoryAccessor from botania_xplat.mixins.json into net.minecraft.world.entity.player.Inventory
[02May2025 22:24:11.315] [main/DEBUG] [mixin/]: Mixing LoomMenuPatternSlotMixin from botania_xplat.mixins.json into net.minecraft.world.inventory.LoomMenu$5
[02May2025 22:24:11.428] [main/DEBUG] [mixin/]: Mixing common.access.loot.AccessLootContext from crafttweaker.mixins.json into net.minecraft.world.level.storage.loot.LootContext
[02May2025 22:24:11.453] [main/DEBUG] [mixin/]: Mixing MixinApplyBonusCount from curios.mixins.json into net.minecraft.world.level.storage.loot.functions.ApplyBonusCount
[02May2025 22:24:11.745] [main/DEBUG] [net.minecraftforge.coremod.transformer.CoreModBaseTransformer/COREMOD]: Transforming net/minecraft/world/level/levelgen/structure/Structure
[02May2025 22:24:11.828] [main/DEBUG] [net.minecraftforge.coremod.transformer.CoreModBaseTransformer/COREMOD]: Transforming net/minecraft/world/level/levelgen/structure/structures/OceanRuinPieces$OceanRuinPiece
[02May2025 22:24:11.869] [main/DEBUG] [net.minecraftforge.coremod.transformer.CoreModBaseTransformer/COREMOD]: Transforming net/minecraft/world/level/levelgen/structure/structures/SwampHutPiece
[02May2025 22:24:11.916] [main/DEBUG] [net.minecraftforge.coremod.transformer.CoreModBaseTransformer/COREMOD]: Transforming net/minecraft/world/level/levelgen/structure/structures/OceanMonumentPieces$OceanMonumentPiece
[02May2025 22:24:11.966] [main/DEBUG] [net.minecraftforge.coremod.transformer.CoreModBaseTransformer/COREMOD]: Transforming net/minecraft/world/level/levelgen/structure/structures/WoodlandMansionPieces$WoodlandMansionPiece
[02May2025 22:24:12.058] [main/DEBUG] [mixin/]: Mixing PlacementContextMixin from botania_xplat.mixins.json into net.minecraft.world.level.levelgen.placement.PlacementContext
[02May2025 22:24:12.177] [main/DEBUG] [mixin/]: Mixing MixinBiomeSource from terrablender.mixins.json into net.minecraft.world.level.biome.BiomeSource
[02May2025 22:24:12.178] [main/DEBUG] [mixin/]: Renaming synthetic method lambda$appendDeferredBiomesList$0(Lcom/google/common/collect/ImmutableList;)Ljava/util/Set; to md4b0f64$lambda$appendDeferredBiomesList$0$0 in terrablender.mixins.json:MixinBiomeSource
[02May2025 22:24:12.203] [main/DEBUG] [net.minecraftforge.coremod.transformer.CoreModBaseTransformer/COREMOD]: Transforming net/minecraft/world/level/biome/Biome
[02May2025 22:24:12.204] [main/DEBUG] [mixin/]: Mixing BiomeAccessor from botania_xplat.mixins.json into net.minecraft.world.level.biome.Biome
[02May2025 22:24:12.284] [main/DEBUG] [mixin/]: Mixing MixinMultiNoiseBiomeSource from terrablender.mixins.json into net.minecraft.world.level.biome.MultiNoiseBiomeSource
[02May2025 22:24:12.298] [main/DEBUG] [mixin/]: Mixing MixinParameterList from terrablender.mixins.json into net.minecraft.world.level.biome.Climate$ParameterList
[02May2025 22:24:12.303] [main/DEBUG] [mixin/]: Renaming synthetic method lambda$initializeForTerraBlender$0(Lnet/minecraft/core/Registry;Lcom/google/common/collect/ImmutableList$Builder;Lcom/mojang/datafixers/util/Pair;)V to md4b0f64$lambda$initializeForTerraBlender$0$0 in terrablender.mixins.json:MixinParameterList
[02May2025 22:24:12.413] [main/DEBUG] [mixin/]: Mixing MixinNoiseGeneratorSettings from terrablender.mixins.json into net.minecraft.world.level.levelgen.NoiseGeneratorSettings
[02May2025 22:24:12.760] [main/DEBUG] [mixin/]: Mixing CriteriaTriggersAccessor from botania_xplat.mixins.json into net.minecraft.advancements.CriteriaTriggers
[02May2025 22:24:12.761] [main/DEBUG] [mixin/]: Renaming @Invoker method botania_register(Lnet/minecraft/advancements/CriterionTrigger;)Lnet/minecraft/advancements/CriterionTrigger; to botania_register_$md$4b0f64$0 in botania_xplat.mixins.json:CriteriaTriggersAccessor
[02May2025 22:24:13.383] [main/DEBUG] [io.netty.util.internal.PlatformDependent0/]: -Dio.netty.noUnsafe: false
[02May2025 22:24:13.383] [main/DEBUG] [io.netty.util.internal.PlatformDependent0/]: Java version: 17
[02May2025 22:24:13.383] [main/DEBUG] [io.netty.util.internal.PlatformDependent0/]: sun.misc.Unsafe.theUnsafe: available
[02May2025 22:24:13.384] [main/DEBUG] [io.netty.util.internal.PlatformDependent0/]: sun.misc.Unsafe.copyMemory: available
[02May2025 22:24:13.384] [main/DEBUG] [io.netty.util.internal.PlatformDependent0/]: sun.misc.Unsafe.storeFence: available
[02May2025 22:24:13.384] [main/DEBUG] [io.netty.util.internal.PlatformDependent0/]: java.nio.Buffer.address: available
[02May2025 22:24:13.385] [main/DEBUG] [io.netty.util.internal.PlatformDependent0/]: direct buffer constructor: unavailable
java.lang.UnsupportedOperationException: Reflective setAccessible(true) disabled
	at io.netty.util.internal.ReflectionUtil.trySetAccessible(ReflectionUtil.java:31) ~[netty-common-4.1.82.Final.jar%2382!/:4.1.82.Final]
	at io.netty.util.internal.PlatformDependent0$5.run(PlatformDependent0.java:288) ~[netty-common-4.1.82.Final.jar%2382!/:4.1.82.Final]
	at java.security.AccessController.doPrivileged(AccessController.java:318) ~[?:?]
	at io.netty.util.internal.PlatformDependent0.<clinit>(PlatformDependent0.java:282) ~[netty-common-4.1.82.Final.jar%2382!/:4.1.82.Final]
	at io.netty.util.internal.PlatformDependent.isAndroid(PlatformDependent.java:333) ~[netty-common-4.1.82.Final.jar%2382!/:4.1.82.Final]
	at io.netty.util.internal.PlatformDependent.<clinit>(PlatformDependent.java:88) ~[netty-common-4.1.82.Final.jar%2382!/:4.1.82.Final]
	at io.netty.util.ConstantPool.<init>(ConstantPool.java:34) ~[netty-common-4.1.82.Final.jar%2382!/:4.1.82.Final]
	at io.netty.util.AttributeKey$1.<init>(AttributeKey.java:27) ~[netty-common-4.1.82.Final.jar%2382!/:4.1.82.Final]
	at io.netty.util.AttributeKey.<clinit>(AttributeKey.java:27) ~[netty-common-4.1.82.Final.jar%2382!/:4.1.82.Final]
	at net.minecraftforge.network.NetworkConstants.<clinit>(NetworkConstants.java:34) ~[forge-1.20.1-47.4.0-universal.jar%23148!/:?]
	at net.minecraftforge.network.NetworkHooks.init(NetworkHooks.java:52) ~[forge-1.20.1-47.4.0-universal.jar%23148!/:?]
	at net.minecraft.server.Bootstrap.m_135870_(Bootstrap.java:62) ~[server-1.20.1-20230612.114412-srg.jar%23143!/:?]
	at net.minecraft.server.Main.main(Main.java:121) ~[server-1.20.1-20230612.114412-srg.jar%23143!/:?]
	at jdk.internal.reflect.NativeMethodAccessorImpl.invoke0(Native Method) ~[?:?]
	at jdk.internal.reflect.NativeMethodAccessorImpl.invoke(NativeMethodAccessorImpl.java:77) ~[?:?]
	at jdk.internal.reflect.DelegatingMethodAccessorImpl.invoke(DelegatingMethodAccessorImpl.java:43) ~[?:?]
	at java.lang.reflect.Method.invoke(Method.java:569) ~[?:?]
	at net.minecraftforge.fml.loading.targets.CommonLaunchHandler.runTarget(CommonLaunchHandler.java:111) ~[fmlloader-1.20.1-47.4.0.jar%2369!/:?]
	at net.minecraftforge.fml.loading.targets.CommonLaunchHandler.serverService(CommonLaunchHandler.java:103) ~[fmlloader-1.20.1-47.4.0.jar%2369!/:?]
	at net.minecraftforge.fml.loading.targets.CommonServerLaunchHandler.lambda$makeService$0(CommonServerLaunchHandler.java:27) ~[fmlloader-1.20.1-47.4.0.jar%2369!/:?]
	at cpw.mods.modlauncher.LaunchServiceHandlerDecorator.launch(LaunchServiceHandlerDecorator.java:30) ~[modlauncher-10.0.9.jar%2355!/:?]
	at cpw.mods.modlauncher.LaunchServiceHandler.launch(LaunchServiceHandler.java:53) ~[modlauncher-10.0.9.jar%2355!/:?]
	at cpw.mods.modlauncher.LaunchServiceHandler.launch(LaunchServiceHandler.java:71) ~[modlauncher-10.0.9.jar%2355!/:?]
	at cpw.mods.modlauncher.Launcher.run(Launcher.java:108) ~[modlauncher-10.0.9.jar%2355!/:?]
	at cpw.mods.modlauncher.Launcher.main(Launcher.java:78) ~[modlauncher-10.0.9.jar%2355!/:?]
	at cpw.mods.modlauncher.BootstrapLaunchConsumer.accept(BootstrapLaunchConsumer.java:26) ~[modlauncher-10.0.9.jar%2355!/:?]
	at cpw.mods.modlauncher.BootstrapLaunchConsumer.accept(BootstrapLaunchConsumer.java:23) ~[modlauncher-10.0.9.jar%2355!/:?]
	at cpw.mods.bootstraplauncher.BootstrapLauncher.main(BootstrapLauncher.java:141) ~[bootstraplauncher-1.1.2.jar:?]
[02May2025 22:24:13.386] [main/DEBUG] [io.netty.util.internal.PlatformDependent0/]: java.nio.Bits.unaligned: available, true
[02May2025 22:24:13.387] [main/DEBUG] [io.netty.util.internal.PlatformDependent0/]: jdk.internal.misc.Unsafe.allocateUninitializedArray(int): unavailable
java.lang.IllegalAccessException: class io.netty.util.internal.PlatformDependent0$7 (in module io.netty.common) cannot access class jdk.internal.misc.Unsafe (in module java.base) because module java.base does not export jdk.internal.misc to module io.netty.common
	at jdk.internal.reflect.Reflection.newIllegalAccessException(Reflection.java:392) ~[?:?]
	at java.lang.reflect.AccessibleObject.checkAccess(AccessibleObject.java:674) ~[?:?]
	at java.lang.reflect.Method.invoke(Method.java:561) ~[?:?]
	at io.netty.util.internal.PlatformDependent0$7.run(PlatformDependent0.java:410) ~[netty-common-4.1.82.Final.jar%2382!/:4.1.82.Final]
	at java.security.AccessController.doPrivileged(AccessController.java:318) ~[?:?]
	at io.netty.util.internal.PlatformDependent0.<clinit>(PlatformDependent0.java:401) ~[netty-common-4.1.82.Final.jar%2382!/:4.1.82.Final]
	at io.netty.util.internal.PlatformDependent.isAndroid(PlatformDependent.java:333) ~[netty-common-4.1.82.Final.jar%2382!/:4.1.82.Final]
	at io.netty.util.internal.PlatformDependent.<clinit>(PlatformDependent.java:88) ~[netty-common-4.1.82.Final.jar%2382!/:4.1.82.Final]
	at io.netty.util.ConstantPool.<init>(ConstantPool.java:34) ~[netty-common-4.1.82.Final.jar%2382!/:4.1.82.Final]
	at io.netty.util.AttributeKey$1.<init>(AttributeKey.java:27) ~[netty-common-4.1.82.Final.jar%2382!/:4.1.82.Final]
	at io.netty.util.AttributeKey.<clinit>(AttributeKey.java:27) ~[netty-common-4.1.82.Final.jar%2382!/:4.1.82.Final]
	at net.minecraftforge.network.NetworkConstants.<clinit>(NetworkConstants.java:34) ~[forge-1.20.1-47.4.0-universal.jar%23148!/:?]
	at net.minecraftforge.network.NetworkHooks.init(NetworkHooks.java:52) ~[forge-1.20.1-47.4.0-universal.jar%23148!/:?]
	at net.minecraft.server.Bootstrap.m_135870_(Bootstrap.java:62) ~[server-1.20.1-20230612.114412-srg.jar%23143!/:?]
	at net.minecraft.server.Main.main(Main.java:121) ~[server-1.20.1-20230612.114412-srg.jar%23143!/:?]
	at jdk.internal.reflect.NativeMethodAccessorImpl.invoke0(Native Method) ~[?:?]
	at jdk.internal.reflect.NativeMethodAccessorImpl.invoke(NativeMethodAccessorImpl.java:77) ~[?:?]
	at jdk.internal.reflect.DelegatingMethodAccessorImpl.invoke(DelegatingMethodAccessorImpl.java:43) ~[?:?]
	at java.lang.reflect.Method.invoke(Method.java:569) ~[?:?]
	at net.minecraftforge.fml.loading.targets.CommonLaunchHandler.runTarget(CommonLaunchHandler.java:111) ~[fmlloader-1.20.1-47.4.0.jar%2369!/:?]
	at net.minecraftforge.fml.loading.targets.CommonLaunchHandler.serverService(CommonLaunchHandler.java:103) ~[fmlloader-1.20.1-47.4.0.jar%2369!/:?]
	at net.minecraftforge.fml.loading.targets.CommonServerLaunchHandler.lambda$makeService$0(CommonServerLaunchHandler.java:27) ~[fmlloader-1.20.1-47.4.0.jar%2369!/:?]
	at cpw.mods.modlauncher.LaunchServiceHandlerDecorator.launch(LaunchServiceHandlerDecorator.java:30) ~[modlauncher-10.0.9.jar%2355!/:?]
	at cpw.mods.modlauncher.LaunchServiceHandler.launch(LaunchServiceHandler.java:53) ~[modlauncher-10.0.9.jar%2355!/:?]
	at cpw.mods.modlauncher.LaunchServiceHandler.launch(LaunchServiceHandler.java:71) ~[modlauncher-10.0.9.jar%2355!/:?]
	at cpw.mods.modlauncher.Launcher.run(Launcher.java:108) ~[modlauncher-10.0.9.jar%2355!/:?]
	at cpw.mods.modlauncher.Launcher.main(Launcher.java:78) ~[modlauncher-10.0.9.jar%2355!/:?]
	at cpw.mods.modlauncher.BootstrapLaunchConsumer.accept(BootstrapLaunchConsumer.java:26) ~[modlauncher-10.0.9.jar%2355!/:?]
	at cpw.mods.modlauncher.BootstrapLaunchConsumer.accept(BootstrapLaunchConsumer.java:23) ~[modlauncher-10.0.9.jar%2355!/:?]
	at cpw.mods.bootstraplauncher.BootstrapLauncher.main(BootstrapLauncher.java:141) ~[bootstraplauncher-1.1.2.jar:?]
[02May2025 22:24:13.389] [main/DEBUG] [io.netty.util.internal.PlatformDependent0/]: java.nio.DirectByteBuffer.<init>(long, int): unavailable
[02May2025 22:24:13.389] [main/DEBUG] [io.netty.util.internal.PlatformDependent/]: sun.misc.Unsafe: available
[02May2025 22:24:13.389] [main/DEBUG] [io.netty.util.internal.PlatformDependent/]: maxDirectMemory: 2082471936 bytes (maybe)
[02May2025 22:24:13.389] [main/DEBUG] [io.netty.util.internal.PlatformDependent/]: -Dio.netty.tmpdir: /tmp (java.io.tmpdir)
[02May2025 22:24:13.389] [main/DEBUG] [io.netty.util.internal.PlatformDependent/]: -Dio.netty.bitMode: 64 (sun.arch.data.model)
[02May2025 22:24:13.390] [main/DEBUG] [io.netty.util.internal.PlatformDependent/]: -Dio.netty.maxDirectMemory: -1 bytes
[02May2025 22:24:13.390] [main/DEBUG] [io.netty.util.internal.PlatformDependent/]: -Dio.netty.uninitializedArrayAllocationThreshold: -1
[02May2025 22:24:13.391] [main/DEBUG] [io.netty.util.internal.CleanerJava9/]: java.nio.ByteBuffer.cleaner(): available
[02May2025 22:24:13.391] [main/DEBUG] [io.netty.util.internal.PlatformDependent/]: -Dio.netty.noPreferDirect: false
[02May2025 22:24:13.460] [main/DEBUG] [net.minecraftforge.network.NetworkHooks/]: Loading Network data for FML net version: FML3
[02May2025 22:24:13.496] [main/DEBUG] [net.minecraftforge.common.ForgeI18n/CORE]: Loading I18N data entries: 6434
[02May2025 22:24:13.521] [main/DEBUG] [net.minecraftforge.fml.ModWorkManager/LOADING]: Using 2 threads for parallel mod-loading
[02May2025 22:24:13.528] [main/DEBUG] [net.minecraftforge.fml.javafmlmod.FMLJavaModLanguageProvider/LOADING]: Loading FMLModContainer from classloader cpw.mods.modlauncher.TransformingClassLoader@3c91530d - got cpw.mods.cl.ModuleClassLoader@267bbe1a
[02May2025 22:24:13.530] [main/DEBUG] [net.minecraftforge.fml.javafmlmod.FMLModContainer/LOADING]: Creating FMLModContainer instance for terrablender.core.TerraBlenderForge
[02May2025 22:24:13.531] [main/DEBUG] [net.minecraftforge.fml.javafmlmod.FMLJavaModLanguageProvider/LOADING]: Loading FMLModContainer from classloader cpw.mods.modlauncher.TransformingClassLoader@3c91530d - got cpw.mods.cl.ModuleClassLoader@267bbe1a
[02May2025 22:24:13.531] [main/DEBUG] [net.minecraftforge.fml.javafmlmod.FMLModContainer/LOADING]: Creating FMLModContainer instance for biomesoplenty.core.BiomesOPlenty
[02May2025 22:24:13.532] [main/DEBUG] [net.minecraftforge.fml.javafmlmod.FMLJavaModLanguageProvider/LOADING]: Loading FMLModContainer from classloader cpw.mods.modlauncher.TransformingClassLoader@3c91530d - got cpw.mods.cl.ModuleClassLoader@267bbe1a
[02May2025 22:24:13.532] [main/DEBUG] [net.minecraftforge.fml.javafmlmod.FMLModContainer/LOADING]: Creating FMLModContainer instance for mezz.jei.forge.JustEnoughItems
[02May2025 22:24:13.533] [main/DEBUG] [net.minecraftforge.fml.javafmlmod.FMLJavaModLanguageProvider/LOADING]: Loading FMLModContainer from classloader cpw.mods.modlauncher.TransformingClassLoader@3c91530d - got cpw.mods.cl.ModuleClassLoader@267bbe1a
[02May2025 22:24:13.533] [main/DEBUG] [net.minecraftforge.fml.javafmlmod.FMLModContainer/LOADING]: Creating FMLModContainer instance for appeng.core.AppEngBootstrap
[02May2025 22:24:13.533] [main/DEBUG] [net.minecraftforge.fml.javafmlmod.FMLJavaModLanguageProvider/LOADING]: Loading FMLModContainer from classloader cpw.mods.modlauncher.TransformingClassLoader@3c91530d - got cpw.mods.cl.ModuleClassLoader@267bbe1a
[02May2025 22:24:13.533] [main/DEBUG] [net.minecraftforge.fml.javafmlmod.FMLModContainer/LOADING]: Creating FMLModContainer instance for vazkii.botania.forge.ForgeCommonInitializer
[02May2025 22:24:13.537] [main/DEBUG] [net.minecraftforge.fml.javafmlmod.FMLJavaModLanguageProvider/LOADING]: Loading FMLModContainer from classloader cpw.mods.modlauncher.TransformingClassLoader@3c91530d - got cpw.mods.cl.ModuleClassLoader@267bbe1a
[02May2025 22:24:13.537] [main/DEBUG] [net.minecraftforge.fml.javafmlmod.FMLModContainer/LOADING]: Creating FMLModContainer instance for com.blamejared.crafttweaker.CraftTweakerForge
[02May2025 22:24:13.538] [main/DEBUG] [net.minecraftforge.fml.javafmlmod.FMLJavaModLanguageProvider/LOADING]: Loading FMLModContainer from classloader cpw.mods.modlauncher.TransformingClassLoader@3c91530d - got cpw.mods.cl.ModuleClassLoader@267bbe1a
[02May2025 22:24:13.538] [main/DEBUG] [net.minecraftforge.fml.javafmlmod.FMLModContainer/LOADING]: Creating FMLModContainer instance for net.minecraftforge.common.ForgeMod
[02May2025 22:24:13.578] [main/DEBUG] [net.minecraftforge.fml.javafmlmod.FMLJavaModLanguageProvider/LOADING]: Loading FMLModContainer from classloader cpw.mods.modlauncher.TransformingClassLoader@3c91530d - got cpw.mods.cl.ModuleClassLoader@267bbe1a
[02May2025 22:24:13.580] [main/DEBUG] [net.minecraftforge.fml.javafmlmod.FMLModContainer/LOADING]: Creating FMLModContainer instance for cofh.core.CoFHCore
[02May2025 22:24:13.582] [main/DEBUG] [net.minecraftforge.fml.javafmlmod.FMLJavaModLanguageProvider/LOADING]: Loading FMLModContainer from classloader cpw.mods.modlauncher.TransformingClassLoader@3c91530d - got cpw.mods.cl.ModuleClassLoader@267bbe1a
[02May2025 22:24:13.582] [main/DEBUG] [net.minecraftforge.fml.javafmlmod.FMLModContainer/LOADING]: Creating FMLModContainer instance for cofh.redstonearsenal.RedstoneArsenal
[02May2025 22:24:13.583] [main/DEBUG] [net.minecraftforge.fml.javafmlmod.FMLJavaModLanguageProvider/LOADING]: Loading FMLModContainer from classloader cpw.mods.modlauncher.TransformingClassLoader@3c91530d - got cpw.mods.cl.ModuleClassLoader@267bbe1a
[02May2025 22:24:13.583] [main/DEBUG] [net.minecraftforge.fml.javafmlmod.FMLModContainer/LOADING]: Creating FMLModContainer instance for top.theillusivec4.curios.Curios
[02May2025 22:24:13.583] [main/DEBUG] [net.minecraftforge.fml.javafmlmod.FMLJavaModLanguageProvider/LOADING]: Loading FMLModContainer from classloader cpw.mods.modlauncher.TransformingClassLoader@3c91530d - got cpw.mods.cl.ModuleClassLoader@267bbe1a
[02May2025 22:24:13.584] [main/DEBUG] [net.minecraftforge.fml.javafmlmod.FMLModContainer/LOADING]: Creating FMLModContainer instance for mekanism.common.Mekanism
[02May2025 22:24:13.586] [main/DEBUG] [net.minecraftforge.fml.javafmlmod.FMLJavaModLanguageProvider/LOADING]: Loading FMLModContainer from classloader cpw.mods.modlauncher.TransformingClassLoader@3c91530d - got cpw.mods.cl.ModuleClassLoader@267bbe1a
[02May2025 22:24:13.586] [main/DEBUG] [net.minecraftforge.fml.javafmlmod.FMLModContainer/LOADING]: Creating FMLModContainer instance for mekanism.tools.common.MekanismTools
[02May2025 22:24:13.587] [main/DEBUG] [net.minecraftforge.fml.javafmlmod.FMLJavaModLanguageProvider/LOADING]: Loading FMLModContainer from classloader cpw.mods.modlauncher.TransformingClassLoader@3c91530d - got cpw.mods.cl.ModuleClassLoader@267bbe1a
[02May2025 22:24:13.587] [main/DEBUG] [net.minecraftforge.fml.javafmlmod.FMLModContainer/LOADING]: Creating FMLModContainer instance for mekanism.generators.common.MekanismGenerators
[02May2025 22:24:13.588] [main/DEBUG] [net.minecraftforge.fml.javafmlmod.FMLJavaModLanguageProvider/LOADING]: Loading FMLModContainer from classloader cpw.mods.modlauncher.TransformingClassLoader@3c91530d - got cpw.mods.cl.ModuleClassLoader@267bbe1a
[02May2025 22:24:13.588] [main/DEBUG] [net.minecraftforge.fml.javafmlmod.FMLModContainer/LOADING]: Creating FMLModContainer instance for me.ramidzkh.mekae2.AppliedMekanistics
[02May2025 22:24:13.589] [main/DEBUG] [net.minecraftforge.fml.javafmlmod.FMLJavaModLanguageProvider/LOADING]: Loading FMLModContainer from classloader cpw.mods.modlauncher.TransformingClassLoader@3c91530d - got cpw.mods.cl.ModuleClassLoader@267bbe1a
[02May2025 22:24:13.589] [main/DEBUG] [net.minecraftforge.fml.javafmlmod.FMLModContainer/LOADING]: Creating FMLModContainer instance for cofh.thermal.core.ThermalCore
[02May2025 22:24:13.591] [main/DEBUG] [net.minecraftforge.fml.javafmlmod.FMLJavaModLanguageProvider/LOADING]: Loading FMLModContainer from classloader cpw.mods.modlauncher.TransformingClassLoader@3c91530d - got cpw.mods.cl.ModuleClassLoader@267bbe1a
[02May2025 22:24:13.591] [main/DEBUG] [net.minecraftforge.fml.javafmlmod.FMLModContainer/LOADING]: Creating FMLModContainer instance for cofh.thermal.foundation.ThermalFoundation
[02May2025 22:24:13.592] [main/DEBUG] [net.minecraftforge.fml.javafmlmod.FMLJavaModLanguageProvider/LOADING]: Loading FMLModContainer from classloader cpw.mods.modlauncher.TransformingClassLoader@3c91530d - got cpw.mods.cl.ModuleClassLoader@267bbe1a
[02May2025 22:24:13.592] [main/DEBUG] [net.minecraftforge.fml.javafmlmod.FMLModContainer/LOADING]: Creating FMLModContainer instance for cofh.thermal.expansion.ThermalExpansion
[02May2025 22:24:13.593] [main/DEBUG] [net.minecraftforge.fml.javafmlmod.FMLJavaModLanguageProvider/LOADING]: Loading FMLModContainer from classloader cpw.mods.modlauncher.TransformingClassLoader@3c91530d - got cpw.mods.cl.ModuleClassLoader@267bbe1a
[02May2025 22:24:13.593] [main/DEBUG] [net.minecraftforge.fml.javafmlmod.FMLModContainer/LOADING]: Creating FMLModContainer instance for cofh.thermal.innovation.ThermalInnovation
[02May2025 22:24:13.593] [main/DEBUG] [net.minecraftforge.fml.javafmlmod.FMLJavaModLanguageProvider/LOADING]: Loading FMLModContainer from classloader cpw.mods.modlauncher.TransformingClassLoader@3c91530d - got cpw.mods.cl.ModuleClassLoader@267bbe1a
[02May2025 22:24:13.594] [main/DEBUG] [net.minecraftforge.fml.javafmlmod.FMLModContainer/LOADING]: Creating FMLModContainer instance for cofh.thermal.integration.ThermalIntegration
[02May2025 22:24:13.594] [main/DEBUG] [net.minecraftforge.fml.javafmlmod.FMLJavaModLanguageProvider/LOADING]: Loading FMLModContainer from classloader cpw.mods.modlauncher.TransformingClassLoader@3c91530d - got cpw.mods.cl.ModuleClassLoader@267bbe1a
[02May2025 22:24:13.594] [main/DEBUG] [net.minecraftforge.fml.javafmlmod.FMLModContainer/LOADING]: Creating FMLModContainer instance for vazkii.patchouli.forge.common.ForgeModInitializer
[02May2025 22:24:13.595] [main/DEBUG] [net.minecraftforge.fml.javafmlmod.FMLJavaModLanguageProvider/LOADING]: Loading FMLModContainer from classloader cpw.mods.modlauncher.TransformingClassLoader@3c91530d - got cpw.mods.cl.ModuleClassLoader@267bbe1a
[02May2025 22:24:13.595] [main/DEBUG] [net.minecraftforge.fml.javafmlmod.FMLModContainer/LOADING]: Creating FMLModContainer instance for cofh.thermal.dynamics.ThermalDynamics
[02May2025 22:24:13.596] [main/DEBUG] [net.minecraftforge.fml.javafmlmod.FMLJavaModLanguageProvider/LOADING]: Loading FMLModContainer from classloader cpw.mods.modlauncher.TransformingClassLoader@3c91530d - got cpw.mods.cl.ModuleClassLoader@267bbe1a
[02May2025 22:24:13.596] [main/DEBUG] [net.minecraftforge.fml.javafmlmod.FMLModContainer/LOADING]: Creating FMLModContainer instance for cofh.thermal.cultivation.ThermalCultivation
[02May2025 22:24:13.597] [main/DEBUG] [net.minecraftforge.fml.javafmlmod.FMLJavaModLanguageProvider/LOADING]: Loading FMLModContainer from classloader cpw.mods.modlauncher.TransformingClassLoader@3c91530d - got cpw.mods.cl.ModuleClassLoader@267bbe1a
[02May2025 22:24:13.597] [main/DEBUG] [net.minecraftforge.fml.javafmlmod.FMLModContainer/LOADING]: Creating FMLModContainer instance for com.chaosthedude.naturescompass.NaturesCompass
[02May2025 22:24:13.645] [modloading-worker-0/DEBUG] [net.minecraftforge.fml.javafmlmod.AutomaticEventSubscriber/LOADING]: Attempting to inject @EventBusSubscriber classes into the eventbus for terrablender
[02May2025 22:24:13.652] [modloading-worker-0/DEBUG] [net.minecraftforge.fml.javafmlmod.AutomaticEventSubscriber/LOADING]: Auto-subscribing terrablender.handler.InitializationHandler to FORGE
[02May2025 22:24:13.676] [modloading-worker-0/DEBUG] [net.minecraftforge.fml.config.ConfigTracker/CONFIG]: Config file biomesoplenty/generation.toml for biomesoplenty tracking
[02May2025 22:24:13.678] [modloading-worker-0/DEBUG] [net.minecraftforge.fml.config.ConfigTracker/CONFIG]: Config file jei-server.toml for jei tracking
[02May2025 22:24:13.695] [modloading-worker-0/DEBUG] [net.minecraftforge.fml.javafmlmod.AutomaticEventSubscriber/LOADING]: Attempting to inject @EventBusSubscriber classes into the eventbus for jei
[02May2025 22:24:13.812] [modloading-worker-0/DEBUG] [net.minecraftforge.fml.javafmlmod.AutomaticEventSubscriber/LOADING]: Attempting to inject @EventBusSubscriber classes into the eventbus for ae2
[02May2025 22:24:13.812] [modloading-worker-0/DEBUG] [net.minecraftforge.fml.javafmlmod.AutomaticEventSubscriber/LOADING]: Auto-subscribing appeng.datagen.AE2DataGenerators to MOD
[02May2025 22:24:13.841] [modloading-worker-0/DEBUG] [net.minecraftforge.fml.config.ConfigTracker/CONFIG]: Config file botania-common.toml for botania tracking
[02May2025 22:24:13.863] [modloading-worker-0/DEBUG] [botania/]: Instantiating vazkii.botania.common.impl.BotaniaAPIImpl for service vazkii.botania.api.BotaniaAPI
[02May2025 22:24:13.864] [modloading-worker-0/DEBUG] [botania/]: Instantiating vazkii.botania.forge.xplat.ForgeXplatImpl for service vazkii.botania.xplat.XplatAbstractions
[02May2025 22:24:14.013] [modloading-worker-0/DEBUG] [mixin/]: Mixing BotaniaGrassBlockForgeMixin from botania_forge.mixins.json into vazkii.botania.common.block.BotaniaGrassBlock
[02May2025 22:24:14.222] [modloading-worker-0/DEBUG] [net.minecraftforge.fml.javafmlmod.AutomaticEventSubscriber/LOADING]: Attempting to inject @EventBusSubscriber classes into the eventbus for biomesoplenty
[02May2025 22:24:14.224] [modloading-worker-0/DEBUG] [net.minecraftforge.fml.javafmlmod.AutomaticEventSubscriber/LOADING]: Auto-subscribing biomesoplenty.init.ModVillagerTrades to FORGE
[02May2025 22:24:14.228] [modloading-worker-0/DEBUG] [net.minecraftforge.fml.javafmlmod.AutomaticEventSubscriber/LOADING]: Auto-subscribing biomesoplenty.common.datagen.DataGenerationHandler to MOD
[02May2025 22:24:14.241] [modloading-worker-0/DEBUG] [net.minecraftforge.fml.javafmlmod.AutomaticEventSubscriber/LOADING]: Auto-subscribing biomesoplenty.common.util.biome.BiomeUtil to FORGE
[02May2025 22:24:14.253] [modloading-worker-0/DEBUG] [CraftTweaker-Services/]: Loaded com.blamejared.crafttweaker.impl.service.BridgeService@8f01366 for service interface com.blamejared.crafttweaker.platform.services.IBridgeService
[02May2025 22:24:14.270] [modloading-worker-0/DEBUG] [CraftTweaker-Services/]: Loaded com.blamejared.crafttweaker.platform.ForgePlatformHelper@e908738 for service interface com.blamejared.crafttweaker.platform.services.IPlatformHelper
[02May2025 22:24:14.273] [modloading-worker-0/DEBUG] [CraftTweaker-Services/]: Loaded com.blamejared.crafttweaker.platform.ForgeDistributionHelper@60992c6a for service interface com.blamejared.crafttweaker.platform.services.IDistributionHelper
[02May2025 22:24:14.274] [modloading-worker-0/DEBUG] [CraftTweaker-Services/]: Loaded com.blamejared.crafttweaker.platform.client.ForgeClientHelper@7f319a57 for service interface com.blamejared.crafttweaker.platform.services.IClientHelper
[02May2025 22:24:14.278] [modloading-worker-0/DEBUG] [CraftTweaker-Services/]: Loaded com.blamejared.crafttweaker.platform.event.ForgeEventHelper@282b4a33 for service interface com.blamejared.crafttweaker.platform.services.IEventHelper
[02May2025 22:24:14.281] [modloading-worker-0/DEBUG] [CraftTweaker-Services/]: Loaded com.blamejared.crafttweaker.platform.network.ForgeNetworkHelper@1d31987f for service interface com.blamejared.crafttweaker.platform.services.INetworkHelper
[02May2025 22:24:14.290] [modloading-worker-0/DEBUG] [CraftTweaker-Services/]: Loaded com.blamejared.crafttweaker.platform.ForgeRegistryHelper@4d9d9894 for service interface com.blamejared.crafttweaker.platform.services.IRegistryHelper
[02May2025 22:24:14.336] [modloading-worker-0/DEBUG] [net.minecraftforge.fml.javafmlmod.AutomaticEventSubscriber/LOADING]: Attempting to inject @EventBusSubscriber classes into the eventbus for botania
[02May2025 22:24:14.339] [modloading-worker-0/DEBUG] [net.minecraftforge.fml.javafmlmod.AutomaticEventSubscriber/LOADING]: Auto-subscribing vazkii.botania.forge.internal_caps.ForgeInternalEntityCapabilities$ModBusEvents to MOD
[02May2025 22:24:14.340] [modloading-worker-0/DEBUG] [net.minecraftforge.fml.javafmlmod.AutomaticEventSubscriber/LOADING]: Auto-subscribing vazkii.botania.forge.internal_caps.ForgeInternalEntityCapabilities$ForgeBusEvents to FORGE
[02May2025 22:24:14.347] [modloading-worker-0/DEBUG] [net.minecraftforge.fml.javafmlmod.AutomaticEventSubscriber/LOADING]: Auto-subscribing vazkii.botania.forge.data.ForgeDatagenInitializer to MOD
[02May2025 22:24:14.348] [modloading-worker-0/DEBUG] [net.minecraftforge.fml.javafmlmod.AutomaticEventSubscriber/LOADING]: Auto-subscribing vazkii.botania.forge.ForgeRegistryHandler to MOD
[02May2025 22:24:14.349] [modloading-worker-0/DEBUG] [net.minecraftforge.fml.javafmlmod.AutomaticEventSubscriber/LOADING]: Auto-subscribing vazkii.botania.forge.ForgeBotaniaConfig to MOD
[02May2025 22:24:14.381] [modloading-worker-0/DEBUG] [net.minecraftforge.versions.forge.ForgeVersion/CORE]: Forge Version package package net.minecraftforge.versions.forge, Forge, version 47.4 from cpw.mods.modlauncher.TransformingClassLoader@3c91530d
[02May2025 22:24:14.387] [modloading-worker-0/DEBUG] [net.minecraftforge.versions.forge.ForgeVersion/CORE]: Found Forge version 47.4.0
[02May2025 22:24:14.394] [modloading-worker-0/DEBUG] [net.minecraftforge.versions.forge.ForgeVersion/CORE]: Found Forge spec 47.4
[02May2025 22:24:14.394] [modloading-worker-0/DEBUG] [net.minecraftforge.versions.forge.ForgeVersion/CORE]: Found Forge group net.minecraftforge
[02May2025 22:24:14.394] [modloading-worker-0/DEBUG] [net.minecraftforge.versions.mcp.MCPVersion/CORE]: MCP Version package package net.minecraftforge.versions.mcp, Minecraft, version 1.20.1 from cpw.mods.modlauncher.TransformingClassLoader@3c91530d
[02May2025 22:24:14.394] [modloading-worker-0/DEBUG] [net.minecraftforge.versions.mcp.MCPVersion/CORE]: Found MC version information 1.20.1
[02May2025 22:24:14.394] [modloading-worker-0/DEBUG] [net.minecraftforge.versions.mcp.MCPVersion/CORE]: Found MCP version information 20230612.114412
[02May2025 22:24:14.394] [modloading-worker-0/INFO] [net.minecraftforge.common.ForgeMod/FORGEMOD]: Forge mod loading, version 47.4.0, for MC 1.20.1 with MCP 20230612.114412
[02May2025 22:24:14.395] [modloading-worker-0/INFO] [net.minecraftforge.common.MinecraftForge/FORGE]: MinecraftForge v47.4.0 Initialized
[02May2025 22:24:14.454] [modloading-worker-0/DEBUG] [net.minecraftforge.fml.config.ConfigTracker/CONFIG]: Config file forge-client.toml for forge tracking
[02May2025 22:24:14.454] [modloading-worker-0/DEBUG] [net.minecraftforge.fml.config.ConfigTracker/CONFIG]: Config file forge-server.toml for forge tracking
[02May2025 22:24:14.454] [modloading-worker-0/DEBUG] [net.minecraftforge.fml.ModLoadingContext/]: Attempted to register an empty config for type COMMON on mod forge
[02May2025 22:24:14.495] [modloading-worker-0/DEBUG] [mixin/]: Mixing common.access.server.AccessReloadableServerResources from crafttweaker.mixins.json into net.minecraft.server.ReloadableServerResources
[02May2025 22:24:14.520] [modloading-worker-0/DEBUG] [net.minecraftforge.fml.javafmlmod.AutomaticEventSubscriber/LOADING]: Attempting to inject @EventBusSubscriber classes into the eventbus for forge
[02May2025 22:24:14.520] [modloading-worker-0/DEBUG] [net.minecraftforge.fml.javafmlmod.AutomaticEventSubscriber/LOADING]: Auto-subscribing net.minecraftforge.common.ForgeSpawnEggItem$CommonHandler to MOD
[02May2025 22:24:14.577] [modloading-worker-0/DEBUG] [cofh_core/]: Channel cofh_core:general, Register packet, ID: 1
[02May2025 22:24:14.584] [modloading-worker-0/DEBUG] [cofh_core/]: Channel cofh_core:general, Register packet, ID: 2
[02May2025 22:24:14.587] [modloading-worker-0/DEBUG] [cofh_core/]: Channel cofh_core:general, Register packet, ID: 3
[02May2025 22:24:14.595] [modloading-worker-0/DEBUG] [cofh_core/]: Channel cofh_core:general, Register packet, ID: 4
[02May2025 22:24:14.595] [modloading-worker-0/DEBUG] [cofh_core/]: Channel cofh_core:general, Register packet, ID: 5
[02May2025 22:24:14.596] [modloading-worker-0/DEBUG] [cofh_core/]: Channel cofh_core:general, Register packet, ID: 8
[02May2025 22:24:14.596] [modloading-worker-0/DEBUG] [cofh_core/]: Channel cofh_core:general, Register packet, ID: 16
[02May2025 22:24:14.601] [modloading-worker-0/DEBUG] [cofh_core/]: Channel cofh_core:general, Register packet, ID: 17
[02May2025 22:24:14.602] [modloading-worker-0/DEBUG] [cofh_core/]: Channel cofh_core:general, Register packet, ID: 20
[02May2025 22:24:14.602] [modloading-worker-0/DEBUG] [cofh_core/]: Channel cofh_core:general, Register packet, ID: 21
[02May2025 22:24:14.605] [modloading-worker-0/DEBUG] [mixin/]: Mixing common.access.level.damage.AccessDamageSources from crafttweaker.mixins.json into net.minecraft.world.damagesource.DamageSources
[02May2025 22:24:14.606] [modloading-worker-0/DEBUG] [cofh_core/]: Channel cofh_core:general, Register packet, ID: 24
[02May2025 22:24:14.606] [modloading-worker-0/DEBUG] [cofh_core/]: Channel cofh_core:general, Register packet, ID: 25
[02May2025 22:24:14.610] [modloading-worker-0/DEBUG] [cofh_core/]: Channel cofh_core:general, Register packet, ID: 28
[02May2025 22:24:14.610] [modloading-worker-0/DEBUG] [cofh_core/]: Channel cofh_core:general, Register packet, ID: 32
[02May2025 22:24:14.614] [modloading-worker-0/DEBUG] [cofh_core/]: Channel cofh_core:general, Register packet, ID: 33
[02May2025 22:24:14.615] [modloading-worker-0/DEBUG] [cofh_core/]: Channel cofh_core:general, Register packet, ID: 34
[02May2025 22:24:14.615] [modloading-worker-0/DEBUG] [cofh_core/]: Channel cofh_core:general, Register packet, ID: 35
[02May2025 22:24:14.619] [modloading-worker-0/DEBUG] [cofh_core/]: Channel cofh_core:general, Register packet, ID: 36
[02May2025 22:24:14.620] [modloading-worker-0/DEBUG] [cofh_core/]: Channel cofh_core:general, Register packet, ID: 37
[02May2025 22:24:14.620] [modloading-worker-0/DEBUG] [cofh_core/]: Channel cofh_core:general, Register packet, ID: 38
[02May2025 22:24:14.627] [modloading-worker-0/DEBUG] [cofh_core/]: Channel cofh_core:general, Register packet, ID: 64
[02May2025 22:24:14.627] [modloading-worker-0/DEBUG] [cofh_core/]: Channel cofh_core:general, Register packet, ID: 65
[02May2025 22:24:14.628] [modloading-worker-0/DEBUG] [cofh_core/]: Channel cofh_core:general, Register packet, ID: 66
[02May2025 22:24:14.628] [modloading-worker-0/DEBUG] [cofh_core/]: Channel cofh_core:general, Register packet, ID: 67
[02May2025 22:24:14.634] [modloading-worker-0/DEBUG] [cofh_core/]: Channel cofh_core:general, Register packet, ID: 96
[02May2025 22:24:14.634] [modloading-worker-0/DEBUG] [cofh_core/]: Channel cofh_core:general, Register packet, ID: 97
[02May2025 22:24:14.685] [modloading-worker-0/DEBUG] [mixin/]: Mixing common.access.villager.AccessTippedArrowForItemsAndEmeralds from crafttweaker.mixins.json into net.minecraft.world.entity.npc.VillagerTrades$TippedArrowForItemsAndEmeralds
[02May2025 22:24:14.692] [modloading-worker-0/DEBUG] [net.minecraftforge.fml.config.ConfigTracker/CONFIG]: Config file cofh_core-server.toml for cofh_core tracking
[02May2025 22:24:14.696] [modloading-worker-0/DEBUG] [mixin/]: Mixing common.access.villager.AccessItemsForEmeralds from crafttweaker.mixins.json into net.minecraft.world.entity.npc.VillagerTrades$ItemsForEmeralds
[02May2025 22:24:14.703] [modloading-worker-0/DEBUG] [mixin/]: Mixing common.access.villager.AccessItemsAndEmeraldsToItems from crafttweaker.mixins.json into net.minecraft.world.entity.npc.VillagerTrades$ItemsAndEmeraldsToItems
[02May2025 22:24:14.709] [modloading-worker-0/DEBUG] [mixin/]: Mixing common.access.villager.AccessEnchantedItemForEmeralds from crafttweaker.mixins.json into net.minecraft.world.entity.npc.VillagerTrades$EnchantedItemForEmeralds
[02May2025 22:24:14.718] [modloading-worker-0/DEBUG] [mixin/]: Mixing common.access.villager.AccessEmeraldForItems from crafttweaker.mixins.json into net.minecraft.world.entity.npc.VillagerTrades$EmeraldForItems
[02May2025 22:24:14.725] [modloading-worker-0/DEBUG] [mixin/]: Mixing common.access.villager.AccessDyedArmorForEmeralds from crafttweaker.mixins.json into net.minecraft.world.entity.npc.VillagerTrades$DyedArmorForEmeralds
[02May2025 22:24:14.730] [modloading-worker-0/DEBUG] [mixin/]: Mixing common.access.villager.AccessBasicTrade from crafttweaker.forge.mixins.json into net.minecraftforge.common.BasicItemListing
[02May2025 22:24:14.731] [modloading-worker-0/DEBUG] [mixin/]: Mixing common.transform.villager.MixinBasicTrade from crafttweaker.forge.mixins.json into net.minecraftforge.common.BasicItemListing
[02May2025 22:24:14.785] [modloading-worker-0/DEBUG] [net.minecraftforge.fml.javafmlmod.AutomaticEventSubscriber/LOADING]: Attempting to inject @EventBusSubscriber classes into the eventbus for cofh_core
[02May2025 22:24:14.793] [modloading-worker-0/DEBUG] [net.minecraftforge.fml.javafmlmod.AutomaticEventSubscriber/LOADING]: Auto-subscribing cofh.core.init.data.CoreDataGen to MOD
[02May2025 22:24:14.794] [modloading-worker-0/DEBUG] [net.minecraftforge.fml.javafmlmod.AutomaticEventSubscriber/LOADING]: Auto-subscribing cofh.core.common.item.ItemTracker to FORGE
[02May2025 22:24:14.811] [modloading-worker-0/DEBUG] [net.minecraftforge.fml.javafmlmod.AutomaticEventSubscriber/LOADING]: Auto-subscribing cofh.core.common.event.ShieldEvents to FORGE
[02May2025 22:24:14.815] [modloading-worker-0/DEBUG] [net.minecraftforge.fml.javafmlmod.AutomaticEventSubscriber/LOADING]: Auto-subscribing cofh.core.common.event.EffectEvents to FORGE
[02May2025 22:24:14.837] [modloading-worker-0/DEBUG] [net.minecraftforge.fml.javafmlmod.AutomaticEventSubscriber/LOADING]: Auto-subscribing cofh.core.common.event.CoreCommonEvents to FORGE
[02May2025 22:24:14.848] [modloading-worker-0/DEBUG] [net.minecraftforge.fml.javafmlmod.AutomaticEventSubscriber/LOADING]: Auto-subscribing cofh.core.common.event.ArmorEvents to FORGE
[02May2025 22:24:14.859] [modloading-worker-0/DEBUG] [net.minecraftforge.fml.javafmlmod.AutomaticEventSubscriber/LOADING]: Auto-subscribing cofh.core.common.event.AreaEffectEvents to FORGE
[02May2025 22:24:14.865] [modloading-worker-0/DEBUG] [net.minecraftforge.fml.javafmlmod.AutomaticEventSubscriber/LOADING]: Auto-subscribing cofh.core.common.event.ArcheryEvents to FORGE
[02May2025 22:24:14.877] [modloading-worker-0/DEBUG] [net.minecraftforge.fml.javafmlmod.AutomaticEventSubscriber/LOADING]: Auto-subscribing cofh.core.common.TransientLightManager to FORGE
[02May2025 22:24:14.893] [modloading-worker-0/DEBUG] [mixin/]: Mixing common.access.predicate.AccessStatePropertiesPredicateBuilder from crafttweaker.mixins.json into net.minecraft.advancements.critereon.StatePropertiesPredicate$Builder
[02May2025 22:24:14.895] [modloading-worker-0/DEBUG] [net.minecraftforge.fml.config.ConfigTracker/CONFIG]: Config file redstone_arsenal-server.toml for redstone_arsenal tracking
[02May2025 22:24:15.009] [modloading-worker-0/DEBUG] [mixin/]: Mixing MixinNbtPredicate from curios.mixins.json into net.minecraft.advancements.critereon.NbtPredicate
[02May2025 22:24:15.070] [modloading-worker-0/DEBUG] [mixin/]: Mixing common.access.predicate.AccessLightningBoltPredicate from crafttweaker.mixins.json into net.minecraft.advancements.critereon.LighthingBoltPredicate
[02May2025 22:24:15.071] [modloading-worker-0/DEBUG] [mixin/]: Renaming @Invoker method crafttweaker$of(Lnet/minecraft/advancements/critereon/MinMaxBounds$Ints;Lnet/minecraft/advancements/critereon/EntityPredicate;)Lnet/minecraft/advancements/critereon/LighthingBoltPredicate; to crafttweaker$of_$md$4b0f64$0 in crafttweaker.mixins.json:common.access.predicate.AccessLightningBoltPredicate
[02May2025 22:24:15.153] [modloading-worker-0/DEBUG] [mixin/]: Mixing LootTableMixin from botania_xplat.mixins.json into net.minecraft.world.level.storage.loot.LootTable
[02May2025 22:24:15.154] [modloading-worker-0/DEBUG] [redstone_arsenal/]: Channel redstone_arsenal:flux_shielding, Register packet, ID: 1
[02May2025 22:24:15.155] [modloading-worker-0/DEBUG] [mixin/]: Renaming synthetic method lambda$filterDisposables$0(Lnet/minecraft/world/level/storage/loot/LootContext;Ljava/util/function/Consumer;Lnet/minecraft/world/item/ItemStack;)V to md4b0f64$lambda$filterDisposables$0$0 in botania_xplat.mixins.json:LootTableMixin
[02May2025 22:24:15.169] [modloading-worker-0/DEBUG] [mixin/]: Mixing common.access.loot.AccessLootTable from crafttweaker.mixins.json into net.minecraft.world.level.storage.loot.LootTable
[02May2025 22:24:15.176] [modloading-worker-0/DEBUG] [net.minecraftforge.fml.javafmlmod.AutomaticEventSubscriber/LOADING]: Attempting to inject @EventBusSubscriber classes into the eventbus for redstone_arsenal
[02May2025 22:24:15.176] [modloading-worker-0/DEBUG] [net.minecraftforge.fml.javafmlmod.AutomaticEventSubscriber/LOADING]: Auto-subscribing cofh.redstonearsenal.init.data.ModDataGen to MOD
[02May2025 22:24:15.177] [modloading-worker-0/DEBUG] [net.minecraftforge.fml.javafmlmod.AutomaticEventSubscriber/LOADING]: Auto-subscribing cofh.redstonearsenal.common.event.RSAEvents to FORGE
[02May2025 22:24:15.224] [modloading-worker-0/DEBUG] [net.minecraftforge.fml.config.ConfigTracker/CONFIG]: Config file curios-client.toml for curios tracking
[02May2025 22:24:15.236] [modloading-worker-0/DEBUG] [net.minecraftforge.fml.config.ConfigTracker/CONFIG]: Config file curios-common.toml for curios tracking
[02May2025 22:24:15.236] [modloading-worker-0/DEBUG] [net.minecraftforge.fml.config.ConfigTracker/CONFIG]: Config file curios-server.toml for curios tracking
[02May2025 22:24:15.236] [modloading-worker-0/DEBUG] [net.minecraftforge.fml.javafmlmod.AutomaticEventSubscriber/LOADING]: Attempting to inject @EventBusSubscriber classes into the eventbus for curios
[02May2025 22:24:15.316] [modloading-worker-0/DEBUG] [mixin/]: Mixing common.access.loot.AccessLootContextBuilder from crafttweaker.mixins.json into net.minecraft.world.level.storage.loot.LootContext$Builder
[02May2025 22:24:15.528] [modloading-worker-0/DEBUG] [mixin/]: Mixing common.transform.item.attribute.MixinItemAttributeModifierEvent from crafttweaker.forge.mixins.json into net.minecraftforge.event.ItemAttributeModifierEvent
[02May2025 22:24:15.810] [modloading-worker-0/DEBUG] [net.minecraftforge.fml.config.ConfigTracker/CONFIG]: Config file Mekanism/client.toml for mekanism tracking
[02May2025 22:24:15.810] [modloading-worker-0/DEBUG] [net.minecraftforge.fml.config.ConfigTracker/CONFIG]: Config file Mekanism/common.toml for mekanism tracking
[02May2025 22:24:15.810] [modloading-worker-0/DEBUG] [net.minecraftforge.fml.config.ConfigTracker/CONFIG]: Config file Mekanism/general.toml for mekanism tracking
[02May2025 22:24:15.810] [modloading-worker-0/DEBUG] [net.minecraftforge.fml.config.ConfigTracker/CONFIG]: Config file Mekanism/gear.toml for mekanism tracking
[02May2025 22:24:15.810] [modloading-worker-0/DEBUG] [net.minecraftforge.fml.config.ConfigTracker/CONFIG]: Config file Mekanism/machine-storage.toml for mekanism tracking
[02May2025 22:24:15.810] [modloading-worker-0/DEBUG] [net.minecraftforge.fml.config.ConfigTracker/CONFIG]: Config file Mekanism/tiers.toml for mekanism tracking
[02May2025 22:24:15.810] [modloading-worker-0/DEBUG] [net.minecraftforge.fml.config.ConfigTracker/CONFIG]: Config file Mekanism/machine-usage.toml for mekanism tracking
[02May2025 22:24:15.810] [modloading-worker-0/DEBUG] [net.minecraftforge.fml.config.ConfigTracker/CONFIG]: Config file Mekanism/world.toml for mekanism tracking
[02May2025 22:24:15.966] [modloading-worker-0/DEBUG] [mixin/]: Mixing PistonStructureResolverMixin from botania_xplat.mixins.json into net.minecraft.world.level.block.piston.PistonStructureResolver
[02May2025 22:24:16.815] [modloading-worker-0/DEBUG] [mixin/]: Mixing common.access.tag.AccessTagManager from crafttweaker.mixins.json into net.minecraft.tags.TagManager
[02May2025 22:24:16.818] [modloading-worker-0/DEBUG] [mixin/]: Mixing common.transform.tags.MixinTagManager from crafttweaker.mixins.json into net.minecraft.tags.TagManager
[02May2025 22:24:16.818] [modloading-worker-0/DEBUG] [mixin/]: Renaming synthetic method lambda$crafttweaker$appendConsumer$0(Ljava/lang/Object;)V to md4b0f64$lambda$crafttweaker$appendConsumer$0$0 in crafttweaker.mixins.json:common.transform.tags.MixinTagManager
[02May2025 22:24:17.312] [modloading-worker-0/DEBUG] [mixin/]: Mixing common.access.recipe.AccessSmithingTrimRecipe from crafttweaker.mixins.json into net.minecraft.world.item.crafting.SmithingTrimRecipe
[02May2025 22:24:17.315] [modloading-worker-0/DEBUG] [mixin/]: Mixing AccessorSmithingTrimRecipe from patchouli_xplat.mixins.json into net.minecraft.world.item.crafting.SmithingTrimRecipe
[02May2025 22:24:17.327] [modloading-worker-0/DEBUG] [mixin/]: Mixing common.access.recipe.AccessSmithingTransformRecipe from crafttweaker.mixins.json into net.minecraft.world.item.crafting.SmithingTransformRecipe
[02May2025 22:24:17.329] [modloading-worker-0/DEBUG] [mixin/]: Mixing AccessorSmithingTransformRecipe from patchouli_xplat.mixins.json into net.minecraft.world.item.crafting.SmithingTransformRecipe
[02May2025 22:24:17.687] [modloading-worker-0/DEBUG] [net.minecraftforge.fml.javafmlmod.AutomaticEventSubscriber/LOADING]: Attempting to inject @EventBusSubscriber classes into the eventbus for crafttweaker
[02May2025 22:24:17.692] [modloading-worker-0/DEBUG] [net.minecraftforge.fml.javafmlmod.AutomaticEventSubscriber/LOADING]: Auto-subscribing com.blamejared.crafttweaker.impl.event.CTModEventHandler to MOD
[02May2025 22:24:17.693] [modloading-worker-0/DEBUG] [net.minecraftforge.fml.javafmlmod.AutomaticEventSubscriber/LOADING]: Auto-subscribing com.blamejared.crafttweaker.impl.event.CTCommonEventHandler to FORGE
[02May2025 22:24:17.753] [modloading-worker-0/DEBUG] [net.minecraftforge.fml.config.ConfigTracker/CONFIG]: Config file Mekanism/tools.toml for mekanismtools tracking
[02May2025 22:24:17.753] [modloading-worker-0/DEBUG] [net.minecraftforge.fml.config.ConfigTracker/CONFIG]: Config file Mekanism/tools-client.toml for mekanismtools tracking
[02May2025 22:24:17.808] [modloading-worker-0/DEBUG] [net.minecraftforge.fml.javafmlmod.AutomaticEventSubscriber/LOADING]: Attempting to inject @EventBusSubscriber classes into the eventbus for mekanismtools
[02May2025 22:24:17.862] [modloading-worker-0/DEBUG] [net.minecraftforge.fml.config.ConfigTracker/CONFIG]: Config file Mekanism/generators.toml for mekanismgenerators tracking
[02May2025 22:24:17.862] [modloading-worker-0/DEBUG] [net.minecraftforge.fml.config.ConfigTracker/CONFIG]: Config file Mekanism/generators-gear.toml for mekanismgenerators tracking
[02May2025 22:24:17.862] [modloading-worker-0/DEBUG] [net.minecraftforge.fml.config.ConfigTracker/CONFIG]: Config file Mekanism/generator-storage.toml for mekanismgenerators tracking
[02May2025 22:24:18.198] [modloading-worker-0/DEBUG] [net.minecraftforge.fml.javafmlmod.AutomaticEventSubscriber/LOADING]: Attempting to inject @EventBusSubscriber classes into the eventbus for mekanismgenerators
[02May2025 22:24:18.287] [modloading-worker-0/DEBUG] [net.minecraftforge.fml.javafmlmod.AutomaticEventSubscriber/LOADING]: Attempting to inject @EventBusSubscriber classes into the eventbus for appmek
[02May2025 22:24:18.839] [modloading-worker-0/DEBUG] [net.minecraftforge.fml.javafmlmod.AutomaticEventSubscriber/LOADING]: Attempting to inject @EventBusSubscriber classes into the eventbus for thermal
[02May2025 22:24:18.839] [modloading-worker-0/DEBUG] [net.minecraftforge.fml.javafmlmod.AutomaticEventSubscriber/LOADING]: Auto-subscribing cofh.thermal.core.init.data.TCoreDataGen to MOD
[02May2025 22:24:18.840] [modloading-worker-0/DEBUG] [net.minecraftforge.fml.javafmlmod.AutomaticEventSubscriber/LOADING]: Auto-subscribing cofh.thermal.core.common.event.TCoreCommonSetupEvents to FORGE
[02May2025 22:24:18.849] [modloading-worker-0/DEBUG] [mixin/]: Mixing RecipeManagerAccessor from botania_xplat.mixins.json into net.minecraft.world.item.crafting.RecipeManager
[02May2025 22:24:18.851] [modloading-worker-0/DEBUG] [mixin/]: Mixing common.access.recipe.AccessRecipeManager from crafttweaker.mixins.json into net.minecraft.world.item.crafting.RecipeManager
[02May2025 22:24:18.863] [modloading-worker-0/DEBUG] [net.minecraftforge.fml.javafmlmod.AutomaticEventSubscriber/LOADING]: Auto-subscribing cofh.thermal.core.common.event.TCoreCommonEvents to FORGE
[02May2025 22:24:18.910] [modloading-worker-0/DEBUG] [net.minecraftforge.fml.javafmlmod.AutomaticEventSubscriber/LOADING]: Attempting to inject @EventBusSubscriber classes into the eventbus for thermal_foundation
[02May2025 22:24:18.910] [modloading-worker-0/DEBUG] [net.minecraftforge.fml.javafmlmod.AutomaticEventSubscriber/LOADING]: Auto-subscribing cofh.thermal.foundation.init.data.TFndDataGen to MOD
[02May2025 22:24:18.914] [modloading-worker-0/DEBUG] [net.minecraftforge.fml.javafmlmod.AutomaticEventSubscriber/LOADING]: Auto-subscribing cofh.thermal.foundation.common.event.TFndCommonSetupEvents to FORGE
[02May2025 22:24:18.950] [modloading-worker-0/DEBUG] [net.minecraftforge.fml.javafmlmod.AutomaticEventSubscriber/LOADING]: Attempting to inject @EventBusSubscriber classes into the eventbus for thermal_expansion
[02May2025 22:24:18.953] [modloading-worker-0/DEBUG] [net.minecraftforge.fml.javafmlmod.AutomaticEventSubscriber/LOADING]: Auto-subscribing cofh.thermal.expansion.init.data.TExpDataGen to MOD
[02May2025 22:24:18.965] [modloading-worker-0/DEBUG] [net.minecraftforge.fml.javafmlmod.AutomaticEventSubscriber/LOADING]: Attempting to inject @EventBusSubscriber classes into the eventbus for thermal_innovation
[02May2025 22:24:18.965] [modloading-worker-0/DEBUG] [net.minecraftforge.fml.javafmlmod.AutomaticEventSubscriber/LOADING]: Auto-subscribing cofh.thermal.innovation.init.data.TInoDataGen to MOD
[02May2025 22:24:18.970] [modloading-worker-0/DEBUG] [net.minecraftforge.fml.javafmlmod.AutomaticEventSubscriber/LOADING]: Attempting to inject @EventBusSubscriber classes into the eventbus for thermal_integration
[02May2025 22:24:18.972] [modloading-worker-0/DEBUG] [net.minecraftforge.fml.javafmlmod.AutomaticEventSubscriber/LOADING]: Auto-subscribing cofh.thermal.integration.init.data.TIntDataGen to MOD
[02May2025 22:24:18.977] [modloading-worker-0/DEBUG] [net.minecraftforge.fml.config.ConfigTracker/CONFIG]: Config file patchouli-client.toml for patchouli tracking
[02May2025 22:24:18.978] [modloading-worker-0/DEBUG] [net.minecraftforge.fml.javafmlmod.AutomaticEventSubscriber/LOADING]: Attempting to inject @EventBusSubscriber classes into the eventbus for patchouli
[02May2025 22:24:18.978] [modloading-worker-0/DEBUG] [net.minecraftforge.fml.javafmlmod.AutomaticEventSubscriber/LOADING]: Auto-subscribing vazkii.patchouli.forge.common.ForgeModInitializer to MOD
[02May2025 22:24:18.985] [modloading-worker-0/DEBUG] [thermal_dynamics/]: Channel thermal_dynamics:general, Register packet, ID: 1
[02May2025 22:24:18.991] [modloading-worker-0/DEBUG] [thermal_dynamics/]: Channel thermal_dynamics:general, Register packet, ID: 32
[02May2025 22:24:18.991] [modloading-worker-0/DEBUG] [thermal_dynamics/]: Channel thermal_dynamics:general, Register packet, ID: 34
[02May2025 22:24:18.992] [modloading-worker-0/DEBUG] [thermal_dynamics/]: Channel thermal_dynamics:general, Register packet, ID: 100
[02May2025 22:24:19.022] [modloading-worker-0/DEBUG] [net.minecraftforge.fml.javafmlmod.AutomaticEventSubscriber/LOADING]: Attempting to inject @EventBusSubscriber classes into the eventbus for thermal_dynamics
[02May2025 22:24:19.022] [modloading-worker-0/DEBUG] [net.minecraftforge.fml.javafmlmod.AutomaticEventSubscriber/LOADING]: Auto-subscribing cofh.thermal.dynamics.init.data.TDynDataGen to MOD
[02May2025 22:24:19.072] [modloading-worker-0/DEBUG] [net.minecraftforge.fml.javafmlmod.AutomaticEventSubscriber/LOADING]: Attempting to inject @EventBusSubscriber classes into the eventbus for mekanism
[02May2025 22:24:19.076] [modloading-worker-0/DEBUG] [net.minecraftforge.fml.javafmlmod.AutomaticEventSubscriber/LOADING]: Attempting to inject @EventBusSubscriber classes into the eventbus for thermal_cultivation
[02May2025 22:24:19.076] [modloading-worker-0/DEBUG] [net.minecraftforge.fml.javafmlmod.AutomaticEventSubscriber/LOADING]: Auto-subscribing cofh.thermal.cultivation.init.data.TCulDataGen to MOD
[02May2025 22:24:19.097] [modloading-worker-0/DEBUG] [net.minecraftforge.fml.javafmlmod.AutomaticEventSubscriber/LOADING]: Auto-subscribing cofh.thermal.cultivation.common.event.TCulCommonSetupEvents to FORGE
[02May2025 22:24:19.098] [modloading-worker-0/DEBUG] [net.minecraftforge.fml.javafmlmod.AutomaticEventSubscriber/LOADING]: Auto-subscribing cofh.thermal.cultivation.common.event.TCulCommonEvents to FORGE
[02May2025 22:24:19.106] [modloading-worker-0/DEBUG] [net.minecraftforge.fml.config.ConfigTracker/CONFIG]: Config file naturescompass-common.toml for naturescompass tracking
[02May2025 22:24:19.106] [modloading-worker-0/DEBUG] [net.minecraftforge.fml.config.ConfigTracker/CONFIG]: Config file naturescompass-client.toml for naturescompass tracking
[02May2025 22:24:19.106] [modloading-worker-0/DEBUG] [net.minecraftforge.fml.javafmlmod.AutomaticEventSubscriber/LOADING]: Attempting to inject @EventBusSubscriber classes into the eventbus for naturescompass
[02May2025 22:24:19.106] [modloading-worker-0/DEBUG] [net.minecraftforge.fml.javafmlmod.AutomaticEventSubscriber/LOADING]: Auto-subscribing com.chaosthedude.naturescompass.registry.NaturesCompassRegistry to MOD
[02May2025 22:24:19.151] [main/DEBUG] [net.minecraftforge.fml.config.ConfigTracker/CONFIG]: Config file cofh_core-common.toml for cofh_core tracking
[02May2025 22:24:19.153] [main/WARN] [net.minecraftforge.common.ForgeConfigSpec/CORE]: Configuration file /workspaces/moddedserver/config/cofh_core-common.toml is not correct. Correcting
[02May2025 22:24:19.159] [main/WARN] [net.minecraftforge.common.ForgeConfigSpec/CORE]: Incorrect key Gameplay was corrected from null to its default, SimpleCommentedConfig:{}. 
[02May2025 22:24:19.159] [main/WARN] [net.minecraftforge.common.ForgeConfigSpec/CORE]: Incorrect key Gameplay.Return Dismantle Drops was corrected from null to its default, false. 
[02May2025 22:24:19.161] [main/DEBUG] [net.minecraftforge.common.ForgeConfigSpec/CORE]: The comment on key Gameplay.Return Dismantle Drops does not match the spec. This may create a backup.
[02May2025 22:24:19.161] [main/WARN] [net.minecraftforge.common.ForgeConfigSpec/CORE]: Incorrect key Gameplay.Fishing was corrected from null to its default, SimpleCommentedConfig:{}. 
[02May2025 22:24:19.161] [main/WARN] [net.minecraftforge.common.ForgeConfigSpec/CORE]: Incorrect key Gameplay.Fishing.Fishing Exhaustion was corrected from null to its default, false. 
[02May2025 22:24:19.161] [main/DEBUG] [net.minecraftforge.common.ForgeConfigSpec/CORE]: The comment on key Gameplay.Fishing.Fishing Exhaustion does not match the spec. This may create a backup.
[02May2025 22:24:19.162] [main/WARN] [net.minecraftforge.common.ForgeConfigSpec/CORE]: Incorrect key Gameplay.Fishing.Fishing Exhaustion Amount was corrected from null to its default, 0.125. 
[02May2025 22:24:19.162] [main/DEBUG] [net.minecraftforge.common.ForgeConfigSpec/CORE]: The comment on key Gameplay.Fishing.Fishing Exhaustion Amount does not match the spec. This may create a backup.
[02May2025 22:24:19.162] [main/WARN] [net.minecraftforge.common.ForgeConfigSpec/CORE]: Incorrect key Gameplay.World was corrected from null to its default, SimpleCommentedConfig:{}. 
[02May2025 22:24:19.163] [main/WARN] [net.minecraftforge.common.ForgeConfigSpec/CORE]: Incorrect key Gameplay.World.Sapling Growth Reduction was corrected from null to its default, false. 
[02May2025 22:24:19.164] [main/DEBUG] [net.minecraftforge.common.ForgeConfigSpec/CORE]: The comment on key Gameplay.World.Sapling Growth Reduction does not match the spec. This may create a backup.
[02May2025 22:24:19.164] [main/WARN] [net.minecraftforge.common.ForgeConfigSpec/CORE]: Incorrect key Gameplay.World.Sapling Growth Reduction Factor was corrected from null to its default, 4. 
[02May2025 22:24:19.164] [main/DEBUG] [net.minecraftforge.common.ForgeConfigSpec/CORE]: The comment on key Gameplay.World.Sapling Growth Reduction Factor does not match the spec. This may create a backup.
[02May2025 22:24:19.188] [main/DEBUG] [net.minecraftforge.fml.config.ConfigTracker/CONFIG]: Config file thermal-server.toml for thermal tracking
[02May2025 22:24:19.189] [main/DEBUG] [net.minecraftforge.fml.config.ConfigTracker/CONFIG]: Config file thermal-common.toml for thermal tracking
[02May2025 22:24:19.192] [main/WARN] [net.minecraftforge.common.ForgeConfigSpec/CORE]: Configuration file /workspaces/moddedserver/config/thermal-common.toml is not correct. Correcting
[02May2025 22:24:19.192] [main/WARN] [net.minecraftforge.common.ForgeConfigSpec/CORE]: Incorrect key World was corrected from null to its default, SimpleCommentedConfig:{}. 
[02May2025 22:24:19.192] [main/WARN] [net.minecraftforge.common.ForgeConfigSpec/CORE]: Incorrect key World.Features was corrected from null to its default, SimpleCommentedConfig:{}. 
[02May2025 22:24:19.192] [main/WARN] [net.minecraftforge.common.ForgeConfigSpec/CORE]: Incorrect key World.Features.Oil Sand was corrected from null to its default, SimpleCommentedConfig:{}. 
[02May2025 22:24:19.192] [main/WARN] [net.minecraftforge.common.ForgeConfigSpec/CORE]: Incorrect key World.Features.Oil Sand.Enable was corrected from null to its default, true. 
[02May2025 22:24:19.192] [main/DEBUG] [net.minecraftforge.common.ForgeConfigSpec/CORE]: The comment on key World.Features.Oil Sand.Enable does not match the spec. This may create a backup.
[02May2025 22:24:19.192] [main/WARN] [net.minecraftforge.common.ForgeConfigSpec/CORE]: Incorrect key World.Features.Apatite was corrected from null to its default, SimpleCommentedConfig:{}. 
[02May2025 22:24:19.192] [main/WARN] [net.minecraftforge.common.ForgeConfigSpec/CORE]: Incorrect key World.Features.Apatite.Enable was corrected from null to its default, true. 
[02May2025 22:24:19.192] [main/DEBUG] [net.minecraftforge.common.ForgeConfigSpec/CORE]: The comment on key World.Features.Apatite.Enable does not match the spec. This may create a backup.
[02May2025 22:24:19.193] [main/WARN] [net.minecraftforge.common.ForgeConfigSpec/CORE]: Incorrect key World.Features.Silver was corrected from null to its default, SimpleCommentedConfig:{}. 
[02May2025 22:24:19.193] [main/WARN] [net.minecraftforge.common.ForgeConfigSpec/CORE]: Incorrect key World.Features.Silver.Enable was corrected from null to its default, true. 
[02May2025 22:24:19.193] [main/DEBUG] [net.minecraftforge.common.ForgeConfigSpec/CORE]: The comment on key World.Features.Silver.Enable does not match the spec. This may create a backup.
[02May2025 22:24:19.193] [main/WARN] [net.minecraftforge.common.ForgeConfigSpec/CORE]: Incorrect key World.Features.Lead was corrected from null to its default, SimpleCommentedConfig:{}. 
[02May2025 22:24:19.193] [main/WARN] [net.minecraftforge.common.ForgeConfigSpec/CORE]: Incorrect key World.Features.Lead.Enable was corrected from null to its default, true. 
[02May2025 22:24:19.193] [main/DEBUG] [net.minecraftforge.common.ForgeConfigSpec/CORE]: The comment on key World.Features.Lead.Enable does not match the spec. This may create a backup.
[02May2025 22:24:19.193] [main/WARN] [net.minecraftforge.common.ForgeConfigSpec/CORE]: Incorrect key World.Features.Nickel was corrected from null to its default, SimpleCommentedConfig:{}. 
[02May2025 22:24:19.193] [main/WARN] [net.minecraftforge.common.ForgeConfigSpec/CORE]: Incorrect key World.Features.Nickel.Enable was corrected from null to its default, true. 
[02May2025 22:24:19.194] [main/DEBUG] [net.minecraftforge.common.ForgeConfigSpec/CORE]: The comment on key World.Features.Nickel.Enable does not match the spec. This may create a backup.
[02May2025 22:24:19.194] [main/WARN] [net.minecraftforge.common.ForgeConfigSpec/CORE]: Incorrect key World.Features.Rubberwood Trees was corrected from null to its default, SimpleCommentedConfig:{}. 
[02May2025 22:24:19.194] [main/WARN] [net.minecraftforge.common.ForgeConfigSpec/CORE]: Incorrect key World.Features.Rubberwood Trees.Enable was corrected from null to its default, true. 
[02May2025 22:24:19.194] [main/DEBUG] [net.minecraftforge.common.ForgeConfigSpec/CORE]: The comment on key World.Features.Rubberwood Trees.Enable does not match the spec. This may create a backup.
[02May2025 22:24:19.194] [main/WARN] [net.minecraftforge.common.ForgeConfigSpec/CORE]: Incorrect key World.Features.Cinnabar was corrected from null to its default, SimpleCommentedConfig:{}. 
[02May2025 22:24:19.194] [main/WARN] [net.minecraftforge.common.ForgeConfigSpec/CORE]: Incorrect key World.Features.Cinnabar.Enable was corrected from null to its default, true. 
[02May2025 22:24:19.194] [main/DEBUG] [net.minecraftforge.common.ForgeConfigSpec/CORE]: The comment on key World.Features.Cinnabar.Enable does not match the spec. This may create a backup.
[02May2025 22:24:19.194] [main/WARN] [net.minecraftforge.common.ForgeConfigSpec/CORE]: Incorrect key World.Features.Sulfur was corrected from null to its default, SimpleCommentedConfig:{}. 
[02May2025 22:24:19.194] [main/WARN] [net.minecraftforge.common.ForgeConfigSpec/CORE]: Incorrect key World.Features.Sulfur.Enable was corrected from null to its default, true. 
[02May2025 22:24:19.194] [main/DEBUG] [net.minecraftforge.common.ForgeConfigSpec/CORE]: The comment on key World.Features.Sulfur.Enable does not match the spec. This may create a backup.
[02May2025 22:24:19.194] [main/WARN] [net.minecraftforge.common.ForgeConfigSpec/CORE]: Incorrect key World.Features.Tin was corrected from null to its default, SimpleCommentedConfig:{}. 
[02May2025 22:24:19.194] [main/WARN] [net.minecraftforge.common.ForgeConfigSpec/CORE]: Incorrect key World.Features.Tin.Enable was corrected from null to its default, true. 
[02May2025 22:24:19.194] [main/DEBUG] [net.minecraftforge.common.ForgeConfigSpec/CORE]: The comment on key World.Features.Tin.Enable does not match the spec. This may create a backup.
[02May2025 22:24:19.194] [main/WARN] [net.minecraftforge.common.ForgeConfigSpec/CORE]: Incorrect key World.Features.Niter was corrected from null to its default, SimpleCommentedConfig:{}. 
[02May2025 22:24:19.196] [main/WARN] [net.minecraftforge.common.ForgeConfigSpec/CORE]: Incorrect key World.Features.Niter.Enable was corrected from null to its default, true. 
[02May2025 22:24:19.196] [main/DEBUG] [net.minecraftforge.common.ForgeConfigSpec/CORE]: The comment on key World.Features.Niter.Enable does not match the spec. This may create a backup.
[02May2025 22:24:19.201] [main/DEBUG] [net.minecraftforge.fml.config.ConfigTracker/CONFIG]: Config file thermal_integration-common.toml for thermal_integration tracking
[02May2025 22:24:19.201] [main/WARN] [net.minecraftforge.common.ForgeConfigSpec/CORE]: Configuration file /workspaces/moddedserver/config/thermal_integration-common.toml is not correct. Correcting
[02May2025 22:24:19.201] [main/WARN] [net.minecraftforge.common.ForgeConfigSpec/CORE]: Incorrect key Materials was corrected from null to its default, SimpleCommentedConfig:{}. 
[02May2025 22:24:19.201] [main/WARN] [net.minecraftforge.common.ForgeConfigSpec/CORE]: Incorrect key Materials.Rose Gold was corrected from null to its default, true. 
[02May2025 22:24:19.202] [main/DEBUG] [net.minecraftforge.common.ForgeConfigSpec/CORE]: The comment on key Materials.Rose Gold does not match the spec. This may create a backup.
[02May2025 22:24:19.202] [main/WARN] [net.minecraftforge.common.ForgeConfigSpec/CORE]: Incorrect key Materials.Steel was corrected from null to its default, true. 
[02May2025 22:24:19.202] [main/DEBUG] [net.minecraftforge.common.ForgeConfigSpec/CORE]: The comment on key Materials.Steel does not match the spec. This may create a backup.
[02May2025 22:24:19.202] [main/WARN] [net.minecraftforge.common.ForgeConfigSpec/CORE]: Incorrect key Mod Compatibility was corrected from null to its default, SimpleCommentedConfig:{}. 
[02May2025 22:24:19.202] [main/WARN] [net.minecraftforge.common.ForgeConfigSpec/CORE]: Incorrect key Mod Compatibility.Biomes O' Plenty was corrected from null to its default, true. 
[02May2025 22:24:19.202] [main/DEBUG] [net.minecraftforge.common.ForgeConfigSpec/CORE]: The comment on key Mod Compatibility.Biomes O' Plenty does not match the spec. This may create a backup.
[02May2025 22:24:19.202] [main/WARN] [net.minecraftforge.common.ForgeConfigSpec/CORE]: Incorrect key Mod Compatibility.Create was corrected from null to its default, true. 
[02May2025 22:24:19.202] [main/DEBUG] [net.minecraftforge.common.ForgeConfigSpec/CORE]: The comment on key Mod Compatibility.Create does not match the spec. This may create a backup.
[02May2025 22:24:19.202] [main/WARN] [net.minecraftforge.common.ForgeConfigSpec/CORE]: Incorrect key Mod Compatibility.Dyenamics was corrected from null to its default, true. 
[02May2025 22:24:19.202] [main/DEBUG] [net.minecraftforge.common.ForgeConfigSpec/CORE]: The comment on key Mod Compatibility.Dyenamics does not match the spec. This may create a backup.
[02May2025 22:24:19.202] [main/WARN] [net.minecraftforge.common.ForgeConfigSpec/CORE]: Incorrect key Mod Compatibility.Farmer's Delight was corrected from null to its default, true. 
[02May2025 22:24:19.202] [main/DEBUG] [net.minecraftforge.common.ForgeConfigSpec/CORE]: The comment on key Mod Compatibility.Farmer's Delight does not match the spec. This may create a backup.
[02May2025 22:24:19.202] [main/WARN] [net.minecraftforge.common.ForgeConfigSpec/CORE]: Incorrect key Mod Compatibility.Immersive Engineering was corrected from null to its default, true. 
[02May2025 22:24:19.203] [main/DEBUG] [net.minecraftforge.common.ForgeConfigSpec/CORE]: The comment on key Mod Compatibility.Immersive Engineering does not match the spec. This may create a backup.
[02May2025 22:24:19.203] [main/WARN] [net.minecraftforge.common.ForgeConfigSpec/CORE]: Incorrect key Mod Compatibility.Mekanism was corrected from null to its default, true. 
[02May2025 22:24:19.204] [main/DEBUG] [net.minecraftforge.common.ForgeConfigSpec/CORE]: The comment on key Mod Compatibility.Mekanism does not match the spec. This may create a backup.
[02May2025 22:24:19.204] [main/WARN] [net.minecraftforge.common.ForgeConfigSpec/CORE]: Incorrect key Mod Compatibility.Mystical Agriculture was corrected from null to its default, true. 
[02May2025 22:24:19.204] [main/DEBUG] [net.minecraftforge.common.ForgeConfigSpec/CORE]: The comment on key Mod Compatibility.Mystical Agriculture does not match the spec. This may create a backup.
[02May2025 22:24:19.204] [main/WARN] [net.minecraftforge.common.ForgeConfigSpec/CORE]: Incorrect key Mod Compatibility.Quark was corrected from null to its default, true. 
[02May2025 22:24:19.204] [main/DEBUG] [net.minecraftforge.common.ForgeConfigSpec/CORE]: The comment on key Mod Compatibility.Quark does not match the spec. This may create a backup.
[02May2025 22:24:19.204] [main/WARN] [net.minecraftforge.common.ForgeConfigSpec/CORE]: Incorrect key Mod Compatibility.Redstone Arsenal was corrected from null to its default, true. 
[02May2025 22:24:19.205] [main/DEBUG] [net.minecraftforge.common.ForgeConfigSpec/CORE]: The comment on key Mod Compatibility.Redstone Arsenal does not match the spec. This may create a backup.
[02May2025 22:24:19.205] [main/WARN] [net.minecraftforge.common.ForgeConfigSpec/CORE]: Incorrect key Mod Compatibility.Refined Storage was corrected from null to its default, true. 
[02May2025 22:24:19.205] [main/DEBUG] [net.minecraftforge.common.ForgeConfigSpec/CORE]: The comment on key Mod Compatibility.Refined Storage does not match the spec. This may create a backup.
[02May2025 22:24:19.205] [main/WARN] [net.minecraftforge.common.ForgeConfigSpec/CORE]: Incorrect key Mod Compatibility.Tinker's Construct was corrected from null to its default, true. 
[02May2025 22:24:19.205] [main/DEBUG] [net.minecraftforge.common.ForgeConfigSpec/CORE]: The comment on key Mod Compatibility.Tinker's Construct does not match the spec. This may create a backup.
[02May2025 22:24:19.277] [main/DEBUG] [net.minecraftforge.common.capabilities.CapabilityManager/CAPABILITIES]: Attempting to automatically register: Lappeng/api/networking/IInWorldGridNodeHost;
[02May2025 22:24:19.277] [main/DEBUG] [net.minecraftforge.common.capabilities.CapabilityManager/CAPABILITIES]: Attempting to automatically register: Lmekanism/api/IAlloyInteraction;
[02May2025 22:24:19.277] [main/DEBUG] [net.minecraftforge.common.capabilities.CapabilityManager/CAPABILITIES]: Attempting to automatically register: Lmekanism/api/IConfigCardAccess;
[02May2025 22:24:19.277] [main/DEBUG] [net.minecraftforge.common.capabilities.CapabilityManager/CAPABILITIES]: Attempting to automatically register: Lmekanism/api/IConfigurable;
[02May2025 22:24:19.278] [main/DEBUG] [net.minecraftforge.common.capabilities.CapabilityManager/CAPABILITIES]: Attempting to automatically register: Lmekanism/api/IEvaporationSolar;
[02May2025 22:24:19.278] [main/DEBUG] [net.minecraftforge.common.capabilities.CapabilityManager/CAPABILITIES]: Attempting to automatically register: Lmekanism/api/chemical/gas/IGasHandler;
[02May2025 22:24:19.278] [main/DEBUG] [net.minecraftforge.common.capabilities.CapabilityManager/CAPABILITIES]: Attempting to automatically register: Lmekanism/api/chemical/infuse/IInfusionHandler;
[02May2025 22:24:19.278] [main/DEBUG] [net.minecraftforge.common.capabilities.CapabilityManager/CAPABILITIES]: Attempting to automatically register: Lmekanism/api/chemical/pigment/IPigmentHandler;
[02May2025 22:24:19.278] [main/DEBUG] [net.minecraftforge.common.capabilities.CapabilityManager/CAPABILITIES]: Attempting to automatically register: Lmekanism/api/chemical/slurry/ISlurryHandler;
[02May2025 22:24:19.278] [main/DEBUG] [net.minecraftforge.common.capabilities.CapabilityManager/CAPABILITIES]: Attempting to automatically register: Lmekanism/api/energy/IStrictEnergyHandler;
[02May2025 22:24:19.278] [main/DEBUG] [net.minecraftforge.common.capabilities.CapabilityManager/CAPABILITIES]: Attempting to automatically register: Lmekanism/api/heat/IHeatHandler;
[02May2025 22:24:19.278] [main/DEBUG] [net.minecraftforge.common.capabilities.CapabilityManager/CAPABILITIES]: Attempting to automatically register: Lmekanism/api/lasers/ILaserDissipation;
[02May2025 22:24:19.279] [main/DEBUG] [net.minecraftforge.common.capabilities.CapabilityManager/CAPABILITIES]: Attempting to automatically register: Lmekanism/api/lasers/ILaserReceptor;
[02May2025 22:24:19.279] [main/DEBUG] [net.minecraftforge.common.capabilities.CapabilityManager/CAPABILITIES]: Attempting to automatically register: Lmekanism/api/radiation/capability/IRadiationEntity;
[02May2025 22:24:19.279] [main/DEBUG] [net.minecraftforge.common.capabilities.CapabilityManager/CAPABILITIES]: Attempting to automatically register: Lmekanism/api/radiation/capability/IRadiationShielding;
[02May2025 22:24:19.279] [main/DEBUG] [net.minecraftforge.common.capabilities.CapabilityManager/CAPABILITIES]: Attempting to automatically register: Lmekanism/api/security/IOwnerObject;
[02May2025 22:24:19.279] [main/DEBUG] [net.minecraftforge.common.capabilities.CapabilityManager/CAPABILITIES]: Attempting to automatically register: Lmekanism/api/security/ISecurityObject;
[02May2025 22:24:19.279] [main/DEBUG] [net.minecraftforge.common.capabilities.CapabilityManager/CAPABILITIES]: Attempting to automatically register: Lnet/minecraftforge/energy/IEnergyStorage;
[02May2025 22:24:19.279] [main/DEBUG] [net.minecraftforge.common.capabilities.CapabilityManager/CAPABILITIES]: Attempting to automatically register: Lnet/minecraftforge/fluids/capability/IFluidHandler;
[02May2025 22:24:19.279] [main/DEBUG] [net.minecraftforge.common.capabilities.CapabilityManager/CAPABILITIES]: Attempting to automatically register: Lnet/minecraftforge/fluids/capability/IFluidHandlerItem;
[02May2025 22:24:19.279] [main/DEBUG] [net.minecraftforge.common.capabilities.CapabilityManager/CAPABILITIES]: Attempting to automatically register: Lnet/minecraftforge/items/IItemHandler;
[02May2025 22:24:22.262] [main/DEBUG] [net.minecraftforge.coremod.transformer.CoreModBaseTransformer/COREMOD]: Transforming net/minecraft/world/entity/raid/Raid
[02May2025 22:24:22.508] [main/DEBUG] [mixin/]: Mixing ServerPlayerGameModeAccessor from botania_xplat.mixins.json into net.minecraft.server.level.ServerPlayerGameMode
[02May2025 22:24:23.440] [main/DEBUG] [mixin/]: Mixing SpawnPlacementsMixin from botania_xplat.mixins.json into net.minecraft.world.entity.SpawnPlacements
[02May2025 22:24:23.491] [main/DEBUG] [net.minecraftforge.fml.config.ConfigTracker/CONFIG]: Loading configs type COMMON
[02May2025 22:24:23.492] [main/DEBUG] [net.minecraftforge.fml.config.ConfigFileTypeHandler/CONFIG]: Built TOML config for /workspaces/moddedserver/config/biomesoplenty/generation.toml
[02May2025 22:24:23.492] [main/DEBUG] [net.minecraftforge.fml.config.ConfigFileTypeHandler/CONFIG]: Loaded TOML config file /workspaces/moddedserver/config/biomesoplenty/generation.toml
[02May2025 22:24:23.509] [main/DEBUG] [net.minecraftforge.fml.config.ConfigFileTypeHandler/CONFIG]: Watching TOML config file /workspaces/moddedserver/config/biomesoplenty/generation.toml for changes
[02May2025 22:24:23.511] [main/WARN] [net.minecraftforge.common.ForgeConfigSpec/CORE]: Configuration file /workspaces/moddedserver/config/biomesoplenty/generation.toml is not correct. Correcting
[02May2025 22:24:23.511] [main/WARN] [net.minecraftforge.common.ForgeConfigSpec/CORE]: Incorrect key overworld was corrected from null to its default, SimpleCommentedConfig:{}. 
[02May2025 22:24:23.512] [main/WARN] [net.minecraftforge.common.ForgeConfigSpec/CORE]: Incorrect key overworld.bop_primary_overworld_region_weight was corrected from null to its default, 10. 
[02May2025 22:24:23.512] [main/DEBUG] [net.minecraftforge.common.ForgeConfigSpec/CORE]: The comment on key overworld.bop_primary_overworld_region_weight does not match the spec. This may create a backup.
[02May2025 22:24:23.512] [main/WARN] [net.minecraftforge.common.ForgeConfigSpec/CORE]: Incorrect key overworld.bop_secondary_overworld_region_weight was corrected from null to its default, 8. 
[02May2025 22:24:23.513] [main/DEBUG] [net.minecraftforge.common.ForgeConfigSpec/CORE]: The comment on key overworld.bop_secondary_overworld_region_weight does not match the spec. This may create a backup.
[02May2025 22:24:23.514] [main/WARN] [net.minecraftforge.common.ForgeConfigSpec/CORE]: Incorrect key overworld.bop_nether_region_weight was corrected from null to its default, 13. 
[02May2025 22:24:23.514] [main/DEBUG] [net.minecraftforge.common.ForgeConfigSpec/CORE]: The comment on key overworld.bop_nether_region_weight does not match the spec. This may create a backup.
[02May2025 22:24:23.514] [main/WARN] [net.minecraftforge.common.ForgeConfigSpec/CORE]: Incorrect key overworld.bop_overworld_rare_region_weight was corrected from null to its default, 2. 
[02May2025 22:24:23.514] [main/DEBUG] [net.minecraftforge.common.ForgeConfigSpec/CORE]: The comment on key overworld.bop_overworld_rare_region_weight does not match the spec. This may create a backup.
[02May2025 22:24:23.514] [main/WARN] [net.minecraftforge.common.ForgeConfigSpec/CORE]: Incorrect key overworld.bop_nether_rare_region_weight was corrected from null to its default, 2. 
[02May2025 22:24:23.514] [main/DEBUG] [net.minecraftforge.common.ForgeConfigSpec/CORE]: The comment on key overworld.bop_nether_rare_region_weight does not match the spec. This may create a backup.
[02May2025 22:24:23.514] [main/DEBUG] [net.minecraftforge.common.ForgeConfigSpec/CORE]: The comment on key overworld does not match the spec. This may create a backup.
[02May2025 22:24:23.518] [Thread-2/DEBUG] [net.minecraftforge.fml.config.ConfigFileTypeHandler/CONFIG]: Config file biomesoplenty/generation.toml changed, sending notifies
[02May2025 22:24:23.518] [main/DEBUG] [net.minecraftforge.fml.config.ConfigFileTypeHandler/CONFIG]: Built TOML config for /workspaces/moddedserver/config/botania-common.toml
[02May2025 22:24:23.518] [main/DEBUG] [net.minecraftforge.fml.config.ConfigFileTypeHandler/CONFIG]: Loaded TOML config file /workspaces/moddedserver/config/botania-common.toml
[02May2025 22:24:23.520] [Thread-2/DEBUG] [net.minecraftforge.fml.config.ConfigFileTypeHandler/CONFIG]: Config file biomesoplenty/generation.toml changed, sending notifies
[02May2025 22:24:23.521] [main/DEBUG] [net.minecraftforge.fml.config.ConfigFileTypeHandler/CONFIG]: Watching TOML config file /workspaces/moddedserver/config/botania-common.toml for changes
[02May2025 22:24:23.521] [main/WARN] [net.minecraftforge.common.ForgeConfigSpec/CORE]: Configuration file /workspaces/moddedserver/config/botania-common.toml is not correct. Correcting
[02May2025 22:24:23.521] [main/WARN] [net.minecraftforge.common.ForgeConfigSpec/CORE]: Incorrect key blockBreakingParticles was corrected from null to its default, SimpleCommentedConfig:{}. 
[02May2025 22:24:23.521] [main/WARN] [net.minecraftforge.common.ForgeConfigSpec/CORE]: Incorrect key blockBreakingParticles.enabled was corrected from null to its default, true. 
[02May2025 22:24:23.521] [main/DEBUG] [net.minecraftforge.common.ForgeConfigSpec/CORE]: The comment on key blockBreakingParticles.enabled does not match the spec. This may create a backup.
[02May2025 22:24:23.521] [main/WARN] [net.minecraftforge.common.ForgeConfigSpec/CORE]: Incorrect key blockBreakingParticles.toolEnabled was corrected from null to its default, true. 
[02May2025 22:24:23.522] [main/DEBUG] [net.minecraftforge.common.ForgeConfigSpec/CORE]: The comment on key blockBreakingParticles.toolEnabled does not match the spec. This may create a backup.
[02May2025 22:24:23.522] [main/WARN] [net.minecraftforge.common.ForgeConfigSpec/CORE]: Incorrect key manaSpreaders was corrected from null to its default, SimpleCommentedConfig:{}. 
[02May2025 22:24:23.523] [main/WARN] [net.minecraftforge.common.ForgeConfigSpec/CORE]: Incorrect key manaSpreaders.silent was corrected from null to its default, false. 
[02May2025 22:24:23.523] [main/DEBUG] [net.minecraftforge.common.ForgeConfigSpec/CORE]: The comment on key manaSpreaders.silent does not match the spec. This may create a backup.
[02May2025 22:24:23.523] [main/WARN] [net.minecraftforge.common.ForgeConfigSpec/CORE]: Incorrect key manaSpreaders.traceTime was corrected from null to its default, 400. 
[02May2025 22:24:23.526] [main/DEBUG] [net.minecraftforge.common.ForgeConfigSpec/CORE]: The comment on key manaSpreaders.traceTime does not match the spec. This may create a backup.
[02May2025 22:24:23.527] [main/WARN] [net.minecraftforge.common.ForgeConfigSpec/CORE]: Incorrect key harvestLevels was corrected from null to its default, SimpleCommentedConfig:{}. 
[02May2025 22:24:23.527] [main/WARN] [net.minecraftforge.common.ForgeConfigSpec/CORE]: Incorrect key harvestLevels.weightLens was corrected from null to its default, 2. 
[02May2025 22:24:23.527] [main/DEBUG] [net.minecraftforge.common.ForgeConfigSpec/CORE]: The comment on key harvestLevels.weightLens does not match the spec. This may create a backup.
[02May2025 22:24:23.527] [main/WARN] [net.minecraftforge.common.ForgeConfigSpec/CORE]: Incorrect key harvestLevels.boreLens was corrected from null to its default, 3. 
[02May2025 22:24:23.527] [main/DEBUG] [net.minecraftforge.common.ForgeConfigSpec/CORE]: The comment on key harvestLevels.boreLens does not match the spec. This may create a backup.
[02May2025 22:24:23.528] [main/WARN] [net.minecraftforge.common.ForgeConfigSpec/CORE]: Incorrect key chargeAnimation was corrected from null to its default, true. 
[02May2025 22:24:23.528] [main/DEBUG] [net.minecraftforge.common.ForgeConfigSpec/CORE]: The comment on key chargeAnimation does not match the spec. This may create a backup.
[02May2025 22:24:23.531] [main/WARN] [net.minecraftforge.common.ForgeConfigSpec/CORE]: Incorrect key flowerBindingForceCheck was corrected from null to its default, true. 
[02May2025 22:24:23.531] [main/DEBUG] [net.minecraftforge.common.ForgeConfigSpec/CORE]: The comment on key flowerBindingForceCheck does not match the spec. This may create a backup.
[02May2025 22:24:23.534] [main/WARN] [net.minecraftforge.common.ForgeConfigSpec/CORE]: Incorrect key enderPickpocket was corrected from null to its default, true. 
[02May2025 22:24:23.534] [main/DEBUG] [net.minecraftforge.common.ForgeConfigSpec/CORE]: The comment on key enderPickpocket does not match the spec. This may create a backup.
[02May2025 22:24:23.535] [main/WARN] [net.minecraftforge.common.ForgeConfigSpec/CORE]: Incorrect key manaEnchanter was corrected from null to its default, true. 
[02May2025 22:24:23.535] [main/DEBUG] [net.minecraftforge.common.ForgeConfigSpec/CORE]: The comment on key manaEnchanter does not match the spec. This may create a backup.
[02May2025 22:24:23.539] [main/WARN] [net.minecraftforge.common.ForgeConfigSpec/CORE]: Incorrect key relics was corrected from null to its default, true. 
[02May2025 22:24:23.539] [main/DEBUG] [net.minecraftforge.common.ForgeConfigSpec/CORE]: The comment on key relics does not match the spec. This may create a backup.
[02May2025 22:24:23.541] [main/WARN] [net.minecraftforge.common.ForgeConfigSpec/CORE]: Incorrect key invertMagnetRing was corrected from null to its default, false. 
[02May2025 22:24:23.541] [main/DEBUG] [net.minecraftforge.common.ForgeConfigSpec/CORE]: The comment on key invertMagnetRing does not match the spec. This may create a backup.
[02May2025 22:24:23.542] [main/WARN] [net.minecraftforge.common.ForgeConfigSpec/CORE]: Incorrect key gardenOfGlass was corrected from null to its default, SimpleCommentedConfig:{}. 
[02May2025 22:24:23.543] [main/WARN] [net.minecraftforge.common.ForgeConfigSpec/CORE]: Incorrect key gardenOfGlass.spawnWithLexicon was corrected from null to its default, true. 
[02May2025 22:24:23.543] [main/DEBUG] [net.minecraftforge.common.ForgeConfigSpec/CORE]: The comment on key gardenOfGlass.spawnWithLexicon does not match the spec. This may create a backup.
[02May2025 22:24:23.543] [main/WARN] [net.minecraftforge.common.ForgeConfigSpec/CORE]: Incorrect key gardenOfGlass.islandScaleMultiplier was corrected from null to its default, 8. 
[02May2025 22:24:23.543] [main/DEBUG] [net.minecraftforge.common.ForgeConfigSpec/CORE]: The comment on key gardenOfGlass.islandScaleMultiplier does not match the spec. This may create a backup.
[02May2025 22:24:23.546] [main/WARN] [net.minecraftforge.common.ForgeConfigSpec/CORE]: Incorrect key rannuncarpus was corrected from null to its default, SimpleCommentedConfig:{}. 
[02May2025 22:24:23.546] [main/DEBUG] [net.minecraftforge.common.ForgeConfigSpec/CORE]: List on key itemBlacklist is deemed to need correction. It is null, not a list, or an empty list. Modders, consider defineListAllowEmpty?
[02May2025 22:24:23.546] [main/WARN] [net.minecraftforge.common.ForgeConfigSpec/CORE]: Incorrect key rannuncarpus.itemBlacklist was corrected from null to its default, []. 
[02May2025 22:24:23.546] [main/DEBUG] [net.minecraftforge.common.ForgeConfigSpec/CORE]: The comment on key rannuncarpus.itemBlacklist does not match the spec. This may create a backup.
[02May2025 22:24:23.546] [main/DEBUG] [net.minecraftforge.common.ForgeConfigSpec/CORE]: List on key modBlacklist is deemed to need correction. It is null, not a list, or an empty list. Modders, consider defineListAllowEmpty?
[02May2025 22:24:23.546] [main/WARN] [net.minecraftforge.common.ForgeConfigSpec/CORE]: Incorrect key rannuncarpus.modBlacklist was corrected from null to its default, [storagedrawers]. 
[02May2025 22:24:23.548] [main/DEBUG] [net.minecraftforge.common.ForgeConfigSpec/CORE]: The comment on key rannuncarpus.modBlacklist does not match the spec. This may create a backup.
[02May2025 22:24:23.548] [Thread-2/DEBUG] [net.minecraftforge.fml.config.ConfigFileTypeHandler/CONFIG]: Config file botania-common.toml changed, sending notifies
[02May2025 22:24:23.558] [main/DEBUG] [net.minecraftforge.fml.config.ConfigFileTypeHandler/CONFIG]: Built TOML config for /workspaces/moddedserver/config/curios-common.toml
[02May2025 22:24:23.558] [main/DEBUG] [net.minecraftforge.fml.config.ConfigFileTypeHandler/CONFIG]: Loaded TOML config file /workspaces/moddedserver/config/curios-common.toml
[02May2025 22:24:23.559] [main/DEBUG] [net.minecraftforge.fml.config.ConfigFileTypeHandler/CONFIG]: Watching TOML config file /workspaces/moddedserver/config/curios-common.toml for changes
[02May2025 22:24:23.559] [main/WARN] [net.minecraftforge.common.ForgeConfigSpec/CORE]: Configuration file /workspaces/moddedserver/config/curios-common.toml is not correct. Correcting
[02May2025 22:24:23.559] [main/DEBUG] [net.minecraftforge.common.ForgeConfigSpec/CORE]: List on key slots is deemed to need correction. It is null, not a list, or an empty list. Modders, consider defineListAllowEmpty?
[02May2025 22:24:23.560] [main/WARN] [net.minecraftforge.common.ForgeConfigSpec/CORE]: Incorrect key slots was corrected from null to its default, []. 
[02May2025 22:24:23.560] [main/DEBUG] [net.minecraftforge.common.ForgeConfigSpec/CORE]: The comment on key slots does not match the spec. This may create a backup.
[02May2025 22:24:23.562] [Thread-2/DEBUG] [net.minecraftforge.fml.config.ConfigFileTypeHandler/CONFIG]: Config file curios-common.toml changed, sending notifies
[02May2025 22:24:23.563] [main/DEBUG] [net.minecraftforge.fml.config.ConfigFileTypeHandler/CONFIG]: Built TOML config for /workspaces/moddedserver/config/Mekanism/common.toml
[02May2025 22:24:23.563] [main/DEBUG] [net.minecraftforge.fml.config.ConfigFileTypeHandler/CONFIG]: Loaded TOML config file /workspaces/moddedserver/config/Mekanism/common.toml
[02May2025 22:24:23.567] [main/DEBUG] [net.minecraftforge.fml.config.ConfigFileTypeHandler/CONFIG]: Watching TOML config file /workspaces/moddedserver/config/Mekanism/common.toml for changes
[02May2025 22:24:23.567] [main/WARN] [net.minecraftforge.common.ForgeConfigSpec/CORE]: Configuration file /workspaces/moddedserver/config/Mekanism/common.toml is not correct. Correcting
[02May2025 22:24:23.567] [main/WARN] [net.minecraftforge.common.ForgeConfigSpec/CORE]: Incorrect key common was corrected from null to its default, SimpleCommentedConfig:{}. 
[02May2025 22:24:23.567] [main/WARN] [net.minecraftforge.common.ForgeConfigSpec/CORE]: Incorrect key common.energyType was corrected from null to its default, FORGE_ENERGY. 
[02May2025 22:24:23.567] [main/DEBUG] [net.minecraftforge.common.ForgeConfigSpec/CORE]: The comment on key common.energyType does not match the spec. This may create a backup.
[02May2025 22:24:23.567] [main/WARN] [net.minecraftforge.common.ForgeConfigSpec/CORE]: Incorrect key common.temperatureUnit was corrected from null to its default, KELVIN. 
[02May2025 22:24:23.568] [main/DEBUG] [net.minecraftforge.common.ForgeConfigSpec/CORE]: The comment on key common.temperatureUnit does not match the spec. This may create a backup.
[02May2025 22:24:23.568] [main/WARN] [net.minecraftforge.common.ForgeConfigSpec/CORE]: Incorrect key common.enableDecayTimers was corrected from null to its default, true. 
[02May2025 22:24:23.568] [main/DEBUG] [net.minecraftforge.common.ForgeConfigSpec/CORE]: The comment on key common.enableDecayTimers does not match the spec. This may create a backup.
[02May2025 22:24:23.568] [main/DEBUG] [net.minecraftforge.common.ForgeConfigSpec/CORE]: The comment on key common does not match the spec. This may create a backup.
[02May2025 22:24:23.571] [Thread-2/DEBUG] [net.minecraftforge.fml.config.ConfigFileTypeHandler/CONFIG]: Config file Mekanism/common.toml changed, sending notifies
[02May2025 22:24:23.572] [main/DEBUG] [net.minecraftforge.fml.config.ConfigFileTypeHandler/CONFIG]: Built TOML config for /workspaces/moddedserver/config/naturescompass-common.toml
[02May2025 22:24:23.572] [main/DEBUG] [net.minecraftforge.fml.config.ConfigFileTypeHandler/CONFIG]: Loaded TOML config file /workspaces/moddedserver/config/naturescompass-common.toml
[02May2025 22:24:23.572] [Thread-2/DEBUG] [net.minecraftforge.fml.config.ConfigFileTypeHandler/CONFIG]: Config file Mekanism/common.toml changed, sending notifies
[02May2025 22:24:23.572] [main/DEBUG] [net.minecraftforge.fml.config.ConfigFileTypeHandler/CONFIG]: Watching TOML config file /workspaces/moddedserver/config/naturescompass-common.toml for changes
[02May2025 22:24:23.572] [main/WARN] [net.minecraftforge.common.ForgeConfigSpec/CORE]: Configuration file /workspaces/moddedserver/config/naturescompass-common.toml is not correct. Correcting
[02May2025 22:24:23.573] [main/WARN] [net.minecraftforge.common.ForgeConfigSpec/CORE]: Incorrect key General was corrected from null to its default, SimpleCommentedConfig:{}. 
[02May2025 22:24:23.573] [main/WARN] [net.minecraftforge.common.ForgeConfigSpec/CORE]: Incorrect key General.allowTeleport was corrected from null to its default, true. 
[02May2025 22:24:23.573] [main/DEBUG] [net.minecraftforge.common.ForgeConfigSpec/CORE]: The comment on key General.allowTeleport does not match the spec. This may create a backup.
[02May2025 22:24:23.573] [main/WARN] [net.minecraftforge.common.ForgeConfigSpec/CORE]: Incorrect key General.displayCoordinates was corrected from null to its default, true. 
[02May2025 22:24:23.573] [main/DEBUG] [net.minecraftforge.common.ForgeConfigSpec/CORE]: The comment on key General.displayCoordinates does not match the spec. This may create a backup.
[02May2025 22:24:23.573] [main/WARN] [net.minecraftforge.common.ForgeConfigSpec/CORE]: Incorrect key General.radiusModifier was corrected from null to its default, 2500. 
[02May2025 22:24:23.573] [main/DEBUG] [net.minecraftforge.common.ForgeConfigSpec/CORE]: The comment on key General.radiusModifier does not match the spec. This may create a backup.
[02May2025 22:24:23.573] [main/WARN] [net.minecraftforge.common.ForgeConfigSpec/CORE]: Incorrect key General.sampleSpaceModifier was corrected from null to its default, 16. 
[02May2025 22:24:23.573] [main/DEBUG] [net.minecraftforge.common.ForgeConfigSpec/CORE]: The comment on key General.sampleSpaceModifier does not match the spec. This may create a backup.
[02May2025 22:24:23.574] [main/WARN] [net.minecraftforge.common.ForgeConfigSpec/CORE]: Incorrect key General.biomeBlacklist was corrected from null to its default, []. 
[02May2025 22:24:23.575] [main/DEBUG] [net.minecraftforge.common.ForgeConfigSpec/CORE]: The comment on key General.biomeBlacklist does not match the spec. This may create a backup.
[02May2025 22:24:23.575] [main/WARN] [net.minecraftforge.common.ForgeConfigSpec/CORE]: Incorrect key General.maxSamples was corrected from null to its default, 50000. 
[02May2025 22:24:23.575] [main/DEBUG] [net.minecraftforge.common.ForgeConfigSpec/CORE]: The comment on key General.maxSamples does not match the spec. This may create a backup.
[02May2025 22:24:23.577] [main/DEBUG] [net.minecraftforge.fml.config.ConfigFileTypeHandler/CONFIG]: Built TOML config for /workspaces/moddedserver/config/cofh_core-common.toml
[02May2025 22:24:23.578] [main/DEBUG] [net.minecraftforge.fml.config.ConfigFileTypeHandler/CONFIG]: Loaded TOML config file /workspaces/moddedserver/config/cofh_core-common.toml
[02May2025 22:24:23.578] [main/DEBUG] [net.minecraftforge.fml.config.ConfigFileTypeHandler/CONFIG]: Watching TOML config file /workspaces/moddedserver/config/cofh_core-common.toml for changes
[02May2025 22:24:23.583] [Thread-2/DEBUG] [net.minecraftforge.fml.config.ConfigFileTypeHandler/CONFIG]: Config file cofh_core-common.toml changed, sending notifies
[02May2025 22:24:23.583] [Thread-2/DEBUG] [net.minecraftforge.fml.config.ConfigFileTypeHandler/CONFIG]: Config file cofh_core-common.toml changed, sending notifies
[02May2025 22:24:23.583] [main/DEBUG] [net.minecraftforge.fml.config.ConfigFileTypeHandler/CONFIG]: Built TOML config for /workspaces/moddedserver/config/thermal-common.toml
[02May2025 22:24:23.583] [main/DEBUG] [net.minecraftforge.fml.config.ConfigFileTypeHandler/CONFIG]: Loaded TOML config file /workspaces/moddedserver/config/thermal-common.toml
[02May2025 22:24:23.584] [main/DEBUG] [net.minecraftforge.fml.config.ConfigFileTypeHandler/CONFIG]: Watching TOML config file /workspaces/moddedserver/config/thermal-common.toml for changes
[02May2025 22:24:23.587] [main/DEBUG] [net.minecraftforge.fml.config.ConfigFileTypeHandler/CONFIG]: Built TOML config for /workspaces/moddedserver/config/thermal_integration-common.toml
[02May2025 22:24:23.587] [main/DEBUG] [net.minecraftforge.fml.config.ConfigFileTypeHandler/CONFIG]: Loaded TOML config file /workspaces/moddedserver/config/thermal_integration-common.toml
[02May2025 22:24:23.587] [main/DEBUG] [net.minecraftforge.fml.config.ConfigFileTypeHandler/CONFIG]: Watching TOML config file /workspaces/moddedserver/config/thermal_integration-common.toml for changes
[02May2025 22:24:23.589] [Thread-2/DEBUG] [net.minecraftforge.fml.config.ConfigFileTypeHandler/CONFIG]: Config file thermal_integration-common.toml changed, sending notifies
[02May2025 22:24:23.589] [Thread-2/DEBUG] [net.minecraftforge.fml.config.ConfigFileTypeHandler/CONFIG]: Config file thermal_integration-common.toml changed, sending notifies
[02May2025 22:24:23.799] [modloading-worker-0/DEBUG] [botania/]: Instantiating vazkii.botania.common.impl.corporea.CorporeaHelperImpl for service vazkii.botania.api.corporea.CorporeaHelper
[02May2025 22:24:23.854] [modloading-worker-0/DEBUG] [mixin/]: Mixing MixinSlotAttribute from curios.mixins.json into top.theillusivec4.curios.api.SlotAttribute
[02May2025 22:24:23.854] [modloading-worker-0/INFO] [mekanism.common.Mekanism/]: Version 10.4.15 initializing...
[02May2025 22:24:23.870] [modloading-worker-0/DEBUG] [mixin/]: Mixing MixinCuriosApi from curios.mixins.json into top.theillusivec4.curios.api.CuriosApi
[02May2025 22:24:23.902] [Forge Version Check/INFO] [net.minecraftforge.fml.VersionChecker/]: [crafttweaker] Starting version check at https://updates.blamejared.com/get?n=crafttweaker&gv=1.20.1
[02May2025 22:24:24.086] [modloading-worker-0/INFO] [mekanism.common.Mekanism/]: Loaded 'Mekanism: Tools' module.
[02May2025 22:24:24.100] [modloading-worker-0/INFO] [mekanism.common.Mekanism/]: Loaded 'Mekanism: Generators' module.
[02May2025 22:24:24.133] [modloading-worker-0/DEBUG] [patchouli/]: Instantiating xplat impl: vazkii.patchouli.forge.xplat.ForgeXplatImpl
[02May2025 22:24:24.164] [modloading-worker-0/INFO] [mekanism.common.Mekanism/]: Fake player readout: UUID = 46e82cd0-d480-3d48-800a-77431ede078e, name = [Mekanism]
[02May2025 22:24:24.165] [modloading-worker-0/INFO] [mekanism.common.Mekanism/]: Mod loaded.
[02May2025 22:24:24.173] [main/DEBUG] [net.minecraftforge.fml.DeferredWorkQueue/LOADING]: Dispatching synchronous work for work queue COMMON_SETUP: 23 jobs
[02May2025 22:24:24.187] [main/INFO] [terrablender/]: Registered region minecraft:overworld to index 0 for type OVERWORLD
[02May2025 22:24:24.187] [main/INFO] [terrablender/]: Registered region minecraft:nether to index 0 for type NETHER
[02May2025 22:24:24.187] [main/INFO] [terrablender/]: Registered region biomesoplenty:overworld_primary to index 1 for type OVERWORLD
[02May2025 22:24:24.187] [main/INFO] [terrablender/]: Registered region biomesoplenty:overworld_secondary to index 2 for type OVERWORLD
[02May2025 22:24:24.187] [main/INFO] [terrablender/]: Registered region biomesoplenty:overworld_rare to index 3 for type OVERWORLD
[02May2025 22:24:24.190] [main/INFO] [terrablender/]: Registered region biomesoplenty:nether_common to index 1 for type NETHER
[02May2025 22:24:24.190] [main/INFO] [terrablender/]: Registered region biomesoplenty:nether_rare to index 2 for type NETHER
[02May2025 22:24:24.516] [main/DEBUG] [net.minecraftforge.fml.DeferredWorkQueue/LOADING]: Synchronous work queue completed in 340.8 ms
[02May2025 22:24:24.538] [modloading-worker-0/DEBUG] [mekanism.common.Mekanism/]: Received IMC message 'add_meka_tool_modules' from 'mekanism' for module 'mekanism:energy_unit'.
[02May2025 22:24:24.539] [modloading-worker-0/DEBUG] [mekanism.common.Mekanism/]: Received IMC message 'add_meka_tool_modules' from 'mekanism' for module 'mekanism:attack_amplification_unit'.
[02May2025 22:24:24.539] [modloading-worker-0/DEBUG] [mekanism.common.Mekanism/]: Received IMC message 'add_meka_tool_modules' from 'mekanism' for module 'mekanism:silk_touch_unit'.
[02May2025 22:24:24.539] [modloading-worker-0/DEBUG] [mekanism.common.Mekanism/]: Received IMC message 'add_meka_tool_modules' from 'mekanism' for module 'mekanism:fortune_unit'.
[02May2025 22:24:24.539] [modloading-worker-0/DEBUG] [mekanism.common.Mekanism/]: Received IMC message 'add_meka_tool_modules' from 'mekanism' for module 'mekanism:blasting_unit'.
[02May2025 22:24:24.539] [modloading-worker-0/DEBUG] [mekanism.common.Mekanism/]: Received IMC message 'add_meka_tool_modules' from 'mekanism' for module 'mekanism:vein_mining_unit'.
[02May2025 22:24:24.539] [modloading-worker-0/DEBUG] [mekanism.common.Mekanism/]: Received IMC message 'add_meka_tool_modules' from 'mekanism' for module 'mekanism:farming_unit'.
[02May2025 22:24:24.539] [modloading-worker-0/DEBUG] [mekanism.common.Mekanism/]: Received IMC message 'add_meka_tool_modules' from 'mekanism' for module 'mekanism:shearing_unit'.
[02May2025 22:24:24.539] [modloading-worker-0/DEBUG] [mekanism.common.Mekanism/]: Received IMC message 'add_meka_tool_modules' from 'mekanism' for module 'mekanism:teleportation_unit'.
[02May2025 22:24:24.539] [modloading-worker-0/DEBUG] [mekanism.common.Mekanism/]: Received IMC message 'add_meka_tool_modules' from 'mekanism' for module 'mekanism:excavation_escalation_unit'.
[02May2025 22:24:24.539] [modloading-worker-0/DEBUG] [mekanism.common.Mekanism/]: Received IMC message 'add_meka_suit_helmet_modules' from 'mekanismgenerators' for module 'mekanismgenerators:solar_recharging_unit'.
[02May2025 22:24:24.539] [modloading-worker-0/DEBUG] [mekanism.common.Mekanism/]: Received IMC message 'add_meka_suit_helmet_modules' from 'mekanism' for module 'mekanism:energy_unit'.
[02May2025 22:24:24.539] [modloading-worker-0/DEBUG] [mekanism.common.Mekanism/]: Received IMC message 'add_meka_suit_helmet_modules' from 'mekanism' for module 'mekanism:color_modulation_unit'.
[02May2025 22:24:24.539] [modloading-worker-0/DEBUG] [mekanism.common.Mekanism/]: Received IMC message 'add_meka_suit_helmet_modules' from 'mekanism' for module 'mekanism:laser_dissipation_unit'.
[02May2025 22:24:24.539] [modloading-worker-0/DEBUG] [mekanism.common.Mekanism/]: Received IMC message 'add_meka_suit_helmet_modules' from 'mekanism' for module 'mekanism:radiation_shielding_unit'.
[02May2025 22:24:24.539] [modloading-worker-0/DEBUG] [mekanism.common.Mekanism/]: Received IMC message 'add_meka_suit_helmet_modules' from 'mekanism' for module 'mekanism:electrolytic_breathing_unit'.
[02May2025 22:24:24.540] [modloading-worker-0/DEBUG] [mekanism.common.Mekanism/]: Received IMC message 'add_meka_suit_helmet_modules' from 'mekanism' for module 'mekanism:inhalation_purification_unit'.
[02May2025 22:24:24.540] [modloading-worker-0/DEBUG] [mekanism.common.Mekanism/]: Received IMC message 'add_meka_suit_helmet_modules' from 'mekanism' for module 'mekanism:vision_enhancement_unit'.
[02May2025 22:24:24.540] [modloading-worker-0/DEBUG] [mekanism.common.Mekanism/]: Received IMC message 'add_meka_suit_helmet_modules' from 'mekanism' for module 'mekanism:nutritional_injection_unit'.
[02May2025 22:24:24.540] [modloading-worker-0/DEBUG] [mekanism.common.Mekanism/]: Received IMC message 'add_meka_suit_bodyarmor_modules' from 'mekanism' for module 'mekanism:energy_unit'.
[02May2025 22:24:24.540] [modloading-worker-0/DEBUG] [mekanism.common.Mekanism/]: Received IMC message 'add_meka_suit_bodyarmor_modules' from 'mekanism' for module 'mekanism:color_modulation_unit'.
[02May2025 22:24:24.540] [modloading-worker-0/DEBUG] [mekanism.common.Mekanism/]: Received IMC message 'add_meka_suit_bodyarmor_modules' from 'mekanism' for module 'mekanism:laser_dissipation_unit'.
[02May2025 22:24:24.540] [modloading-worker-0/DEBUG] [mekanism.common.Mekanism/]: Received IMC message 'add_meka_suit_bodyarmor_modules' from 'mekanism' for module 'mekanism:radiation_shielding_unit'.
[02May2025 22:24:24.540] [modloading-worker-0/DEBUG] [mekanism.common.Mekanism/]: Received IMC message 'add_meka_suit_bodyarmor_modules' from 'mekanism' for module 'mekanism:jetpack_unit'.
[02May2025 22:24:24.540] [modloading-worker-0/DEBUG] [mekanism.common.Mekanism/]: Received IMC message 'add_meka_suit_bodyarmor_modules' from 'mekanism' for module 'mekanism:gravitational_modulating_unit'.
[02May2025 22:24:24.540] [modloading-worker-0/DEBUG] [mekanism.common.Mekanism/]: Received IMC message 'add_meka_suit_bodyarmor_modules' from 'mekanism' for module 'mekanism:charge_distribution_unit'.
[02May2025 22:24:24.540] [modloading-worker-0/DEBUG] [mekanism.common.Mekanism/]: Received IMC message 'add_meka_suit_bodyarmor_modules' from 'mekanism' for module 'mekanism:dosimeter_unit'.
[02May2025 22:24:24.540] [modloading-worker-0/DEBUG] [mekanism.common.Mekanism/]: Received IMC message 'add_meka_suit_bodyarmor_modules' from 'mekanism' for module 'mekanism:geiger_unit'.
[02May2025 22:24:24.540] [modloading-worker-0/DEBUG] [mekanism.common.Mekanism/]: Received IMC message 'add_meka_suit_bodyarmor_modules' from 'mekanism' for module 'mekanism:elytra_unit'.
[02May2025 22:24:24.540] [modloading-worker-0/DEBUG] [mekanism.common.Mekanism/]: Received IMC message 'add_meka_suit_pants_modules' from 'mekanismgenerators' for module 'mekanismgenerators:geothermal_generator_unit'.
[02May2025 22:24:24.540] [modloading-worker-0/DEBUG] [mekanism.common.Mekanism/]: Received IMC message 'add_meka_suit_pants_modules' from 'mekanism' for module 'mekanism:energy_unit'.
[02May2025 22:24:24.540] [modloading-worker-0/DEBUG] [mekanism.common.Mekanism/]: Received IMC message 'add_meka_suit_pants_modules' from 'mekanism' for module 'mekanism:color_modulation_unit'.
[02May2025 22:24:24.540] [modloading-worker-0/DEBUG] [mekanism.common.Mekanism/]: Received IMC message 'add_meka_suit_pants_modules' from 'mekanism' for module 'mekanism:laser_dissipation_unit'.
[02May2025 22:24:24.540] [modloading-worker-0/DEBUG] [mekanism.common.Mekanism/]: Received IMC message 'add_meka_suit_pants_modules' from 'mekanism' for module 'mekanism:radiation_shielding_unit'.
[02May2025 22:24:24.540] [modloading-worker-0/DEBUG] [mekanism.common.Mekanism/]: Received IMC message 'add_meka_suit_pants_modules' from 'mekanism' for module 'mekanism:locomotive_boosting_unit'.
[02May2025 22:24:24.540] [modloading-worker-0/DEBUG] [mekanism.common.Mekanism/]: Received IMC message 'add_meka_suit_pants_modules' from 'mekanism' for module 'mekanism:gyroscopic_stabilization_unit'.
[02May2025 22:24:24.540] [modloading-worker-0/DEBUG] [mekanism.common.Mekanism/]: Received IMC message 'add_meka_suit_pants_modules' from 'mekanism' for module 'mekanism:hydrostatic_repulsor_unit'.
[02May2025 22:24:24.540] [modloading-worker-0/DEBUG] [mekanism.common.Mekanism/]: Received IMC message 'add_meka_suit_pants_modules' from 'mekanism' for module 'mekanism:motorized_servo_unit'.
[02May2025 22:24:24.540] [modloading-worker-0/DEBUG] [mekanism.common.Mekanism/]: Received IMC message 'add_meka_suit_boots_modules' from 'mekanism' for module 'mekanism:energy_unit'.
[02May2025 22:24:24.540] [modloading-worker-0/DEBUG] [mekanism.common.Mekanism/]: Received IMC message 'add_meka_suit_boots_modules' from 'mekanism' for module 'mekanism:color_modulation_unit'.
[02May2025 22:24:24.540] [modloading-worker-0/DEBUG] [mekanism.common.Mekanism/]: Received IMC message 'add_meka_suit_boots_modules' from 'mekanism' for module 'mekanism:laser_dissipation_unit'.
[02May2025 22:24:24.540] [modloading-worker-0/DEBUG] [mekanism.common.Mekanism/]: Received IMC message 'add_meka_suit_boots_modules' from 'mekanism' for module 'mekanism:radiation_shielding_unit'.
[02May2025 22:24:24.540] [modloading-worker-0/DEBUG] [mekanism.common.Mekanism/]: Received IMC message 'add_meka_suit_boots_modules' from 'mekanism' for module 'mekanism:hydraulic_propulsion_unit'.
[02May2025 22:24:24.540] [modloading-worker-0/DEBUG] [mekanism.common.Mekanism/]: Received IMC message 'add_meka_suit_boots_modules' from 'mekanism' for module 'mekanism:magnetic_attraction_unit'.
[02May2025 22:24:24.540] [modloading-worker-0/DEBUG] [mekanism.common.Mekanism/]: Received IMC message 'add_meka_suit_boots_modules' from 'mekanism' for module 'mekanism:frost_walker_unit'.
[02May2025 22:24:24.685] [Forge Version Check/DEBUG] [net.minecraftforge.fml.VersionChecker/]: [crafttweaker] Received version check data:
{"homepage":"https://www.curseforge.com/minecraft/mc-mods/crafttweaker","promos":{"1.20.1-latest":"14.0.57"}}
[02May2025 22:24:24.687] [Forge Version Check/INFO] [net.minecraftforge.fml.VersionChecker/]: [crafttweaker] Found status: BETA Current: 14.0.57 Target: 14.0.57
[02May2025 22:24:24.687] [Forge Version Check/INFO] [net.minecraftforge.fml.VersionChecker/]: [forge] Starting version check at https://files.minecraftforge.net/net/minecraftforge/forge/promotions_slim.json
[02May2025 22:24:24.938] [Forge Version Check/DEBUG] [net.minecraftforge.fml.VersionChecker/]: [forge] Received version check data:
{
  "homepage": "https://files.minecraftforge.net/net/minecraftforge/forge/",
  "promos": {
    "1.1-latest": "1.3.4.29",
    "1.2.3-latest": "1.4.1.64",
    "1.2.4-latest": "2.0.0.68",
    "1.2.5-latest": "3.4.9.171",
    "1.3.2-latest": "4.3.5.318",
    "1.4.0-latest": "5.0.0.326",
    "1.4.1-latest": "6.0.0.329",
    "1.4.2-latest": "6.0.1.355",
    "1.4.3-latest": "6.2.1.358",
    "1.4.4-latest": "6.3.0.378",
    "1.4.5-latest": "6.4.2.448",
    "1.4.6-latest": "6.5.0.489",
    "1.4.7-latest": "6.6.2.534",
    "1.5-latest": "7.7.0.598",
    "1.5.1-latest": "7.7.2.682",
    "1.5.2-latest": "7.8.1.738",
    "1.5.2-recommended": "7.8.1.738",
    "1.6.1-latest": "8.9.0.775",
    "1.6.2-latest": "9.10.1.871",
    "1.6.2-recommended": "9.10.1.871",
    "1.6.3-latest": "9.11.0.878",
    "1.6.4-latest": "9.11.1.1345",
    "1.6.4-recommended": "9.11.1.1345",
    "1.7.2-latest": "10.12.2.1161",
    "1.7.2-recommended": "10.12.2.1161",
    "1.7.10_pre4-latest": "10.12.2.1149",
    "1.7.10-latest": "10.13.4.1614",
    "1.7.10-recommended": "10.13.4.1614",
    "1.8-latest": "11.14.4.1577",
    "1.8-recommended": "11.14.4.1563",
    "1.8.8-latest": "11.15.0.1655",
    "1.8.9-latest": "11.15.1.2318",
    "1.8.9-recommended": "11.15.1.2318",
    "1.9-latest": "12.16.1.1938",
    "1.9-recommended": "12.16.1.1887",
    "1.9.4-latest": "12.17.0.2317",
    "1.9.4-recommended": "12.17.0.2317",
    "1.10-latest": "12.18.0.2000",
    "1.10.2-latest": "12.18.3.2511",
    "1.10.2-recommended": "12.18.3.2511",
    "1.11-latest": "13.19.1.2199",
    "1.11-recommended": "13.19.1.2189",
    "1.11.2-latest": "13.20.1.2588",
    "1.11.2-recommended": "13.20.1.2588",
    "1.12-latest": "14.21.1.2443",
    "1.12-recommended": "14.21.1.2387",
    "1.12.1-latest": "14.22.1.2485",
    "1.12.1-recommended": "14.22.1.2478",
    "1.12.2-latest": "14.23.5.2860",
    "1.12.2-recommended": "14.23.5.2859",
    "1.13.2-latest": "25.0.223",
    "1.14.2-latest": "26.0.63",
    "1.14.3-latest": "27.0.60",
    "1.14.4-latest": "28.2.26",
    "1.14.4-recommended": "28.2.26",
    "1.15-latest": "29.0.4",
    "1.15.1-latest": "30.0.51",
    "1.15.2-latest": "31.2.57",
    "1.15.2-recommended": "31.2.57",
    "1.16.1-latest": "32.0.108",
    "1.16.2-latest": "33.0.61",
    "1.16.3-latest": "34.1.42",
    "1.16.3-recommended": "34.1.0",
    "1.16.4-latest": "35.1.37",
    "1.16.4-recommended": "35.1.4",
    "1.16.5-latest": "36.2.42",
    "1.16.5-recommended": "36.2.34",
    "1.17.1-latest": "37.1.1",
    "1.17.1-recommended": "37.1.1",
    "1.18-latest": "38.0.17",
    "1.18.1-latest": "39.1.2",
    "1.18.1-recommended": "39.1.0",
    "1.18.2-recommended": "40.3.0",
    "1.18.2-latest": "40.3.10",
    "1.19-latest": "41.1.0",
    "1.19-recommended": "41.1.0",
    "1.19.1-latest": "42.0.9",
    "1.19.2-recommended": "43.5.0",
    "1.19.2-latest": "43.5.0",
    "1.19.3-latest": "44.1.23",
    "1.19.3-recommended": "44.1.0",
    "1.19.4-recommended": "45.4.0",
    "1.19.4-latest": "45.4.0",
    "1.20-latest": "46.0.14",
    "1.20.1-recommended": "47.4.0",
    "1.20.1-latest": "47.4.0",
    "1.20.2-latest": "48.1.0",
    "1.20.2-recommended": "48.1.0",
    "1.20.3-latest": "49.0.2",
    "1.20.4-latest": "49.2.0",
    "1.20.4-recommended": "49.2.0",
    "1.20.6-latest": "50.2.0",
    "1.20.6-recommended": "50.2.0",
    "1.21-latest": "51.0.33",
    "1.21.1-latest": "52.1.1",
    "1.21.1-recommended": "52.1.0",
    "1.21.3-latest": "53.1.1",
    "1.21.3-recommended": "53.1.0",
    "1.21.4-latest": "54.1.3",
    "1.21.4-recommended": "54.1.0",
    "1.21.5-latest": "55.0.9"
  }
}
[02May2025 22:24:24.939] [Forge Version Check/INFO] [net.minecraftforge.fml.VersionChecker/]: [forge] Found status: UP_TO_DATE Current: 47.4.0 Target: null
[02May2025 22:24:24.943] [Forge Version Check/INFO] [net.minecraftforge.fml.VersionChecker/]: [cofh_core] Starting version check at https://raw.github.com/cofh/version/main/cofh_core/update.json
[02May2025 22:24:25.342] [Forge Version Check/DEBUG] [net.minecraftforge.fml.VersionChecker/]: [cofh_core] Received version check data:
{
	"homepage": "https://teamcofh.com/downloads/",
	"1.20.1": {
		"11.0.2": "Bugfix and compatibility improvements related to BlockIngredient.",
		"11.0.1": "Minor bugfixes.",
		"11.0.0": "Initial 1.20.1 release!"
	},
	"1.19.2": {
		"10.3.0": "Good bugfixes.",
		"10.2.0": "Lots of under the hood changes.",
		"10.0.2": "Fix a rare race condition.",
		"10.0.1": "Fix an issue with item storage.",
		"10.0.0": "Initial 1.19.x release!"
	},
	"1.18.2": {
		"9.2.2": "Good bugfixes.",
		"9.2.0": "Lots of under the hood changes.",
		"9.1.2": "Fix an issue with item storage.",
		"9.1.1": "Fix a couple of minor Forge complaints and a rare crash.",
		"9.1.0": "More backend refactors; unification with 10.0 branch where possible.",
		"9.0.0": "Semver adjustment, massive backend refactors.",
		"1.6.4": "Minor bugfixes and refactors.",
		"1.6.3": "Re-add some lost functionality.",
		"1.6.2": "Minor bugfixes.",
		"1.6.1": "Minor bugfixes.",
		"1.6.0": "Initial 1.18.2 release!"
	},
	"1.16.5": {
		"1.5.0": "Final major 1.16.5 release.",
		"1.4.3": "Minor bugfixes and updates.",
		"1.4.1": "Some minor fixes for transparency issues.",
		"1.4.0": "Lots of underlying improvements and transitions towards 1.18 porting.",
		"1.3.1": "Minor fix for client configs.",
		"1.3.0": "Minor fixes involving bottled fluids. Backend improvements.",
		"1.2.1": "Minor fixes for some enchantment issues and an XP rounding calculation.",
		"1.2.0": "Lots of backend changes and refactors. Bump to 1.16.4 required."
	},
	"1.16.4": {
		"1.2.1": "Minor fixes for some enchantment issues and an XP rounding calculation.",
		"1.2.0": "Lots of backend changes and refactors. Bump to 1.16.4 required.",
		"1.1.6": "Localization update.",
		"1.1.4": "Fixes very rare crash with Area Effect block breaking.",
		"1.1.3": "Backend QoL changes and fixes.",
		"1.1.2": "Adjust how some enchantments are calculated.",
		"1.1.1": "Minor numerical localization improvement.",
		"1.1.0": "Lots of big internal refactors. Fixes Optifine issue since they are too lazy/incompetent to do it.",
		"1.0.3": "Minor optimizations; boosted Forge version requirement."
	},
	"1.16.3": {
		"1.1.6": "Localization update.",
		"1.1.4": "Fixes very rare crash with Area Effect block breaking.",
		"1.1.3": "Backend QoL changes and fixes.",
		"1.1.2": "Adjust how some enchantments are calculated.",
		"1.1.1": "Minor numerical localization improvement.",
		"1.1.0": "Lots of big internal refactors. Fixes Optifine issue since they are too lazy/incompetent to do it.",
		"1.0.3": "Minor optimizations; boosted Forge version requirement.",
		"1.0.1": "Adds client config option for Optifine compatibility.",
		"1.0.0": "Initial 1.16 version. Config system updates."
	},
	"1.15.2": {
		"1.0.1": "Adds client config option for Optifine compatibility.",
		"1.0.0": "Final content version for 1.15. Config system updates.",
		"0.7.0b": "Improved event handling and refactors.",
		"0.6.4b": "One more bugfix.",
		"0.6.3b": "Tiny little bugfixes.",
		"0.6.2b": "More optimizations and backend stuff.",
		"0.6.1b": "Necessary update for Thermal.",
		"0.6.0b": "Bugfixes and optimizations.",
		"0.5.0b": "Big ol' update necessary for the Thermal Series.",
		"0.4.0b": "More backend updates.",
		"0.3.2b": "Same feature parity, less debug message.",
		"0.3.1b": "Feature parity across versions!"
	},
	"1.14.4": {
		"0.4.0b": "More backend updates.",
		"0.3.1b": "Woops! Minor bugfix.",
		"0.3.0b": "Backend upgrades.",
		"0.2.0b": "Adjustments and refactoring.",
		"0.1.0b": "And we're in beta!",
		"0.0.1a": "Alpha Test!"
	},
	"promos": {
		"1.20.1-latest": "11.0.0",
		"1.20.1-recommended": "11.0.0",
		"1.19.2-latest": "10.3.0",
		"1.19.2-recommended": "10.3.0",
		"1.18.2-latest": "9.2.2",
		"1.18.2-recommended": "9.2.2",
		"1.16.5-latest": "1.5.2",
		"1.16.5-recommended": "1.5.2",
		"1.16.4-latest": "1.2.1",
		"1.16.4-recommended": "1.2.1",
		"1.16.3-latest": "1.1.6",
		"1.16.3-recommended": "1.1.6",
		"1.15.2-latest": "1.0.1",
		"1.15.2-recommended": "1.0.1",
		"1.14.4-latest": "0.4.0b",
		"1.14.4-recommended": "0.4.0b"
	}
}
[02May2025 22:24:25.343] [Forge Version Check/INFO] [net.minecraftforge.fml.VersionChecker/]: [cofh_core] Found status: AHEAD Current: 11.0.2 Target: null
[02May2025 22:24:25.346] [Forge Version Check/INFO] [net.minecraftforge.fml.VersionChecker/]: [redstone_arsenal] Starting version check at https://raw.github.com/cofh/version/main/redstone_arsenal/update.json
[02May2025 22:24:25.712] [Forge Version Check/DEBUG] [net.minecraftforge.fml.VersionChecker/]: [redstone_arsenal] Received version check data:
{
	"homepage": "https://teamcofh.com/downloads/",
	"1.20.1": {
		"8.0.1": "Fixes for Flux Arrow behavior.",
		"8.0.0": "Initial 1.20.1 release!"
	},
	"1.19.2": {
		"7.2.0": "Update for compatibility with new CoFH Core.",
		"7.0.0": "Initial 1.19.x version!"
	},
	"1.18.2": {
		"6.2.0": "Update for compatibility with new CoFH Core.",
		"6.1.0": "Update for compatibility with new CoFH Core. Minor fixes.",
		"6.0.0b": "Initial 1.18 version. Straight port from 1.16, basically."
	},
	"1.16.5": {
		"0.9.2b": "Final major 1.16.5 release.",
		"0.9.1b": "Fixes a server-side crash bug.",
		"0.9.0b": "Bugfixes and mechanical refinement",
		"0.8.0b": "Initial 1.16 version. Reimagined!"
	},
	"promos": {
		"1.20.1-latest": "8.0.1",
		"1.20.1-recommended": "8.0.1",
		"1.19.2-latest": "7.2.0",
		"1.19.2-recommended": "7.2.0",
		"1.18.2-latest": "6.2.0",
		"1.18.2-recommended": "6.2.0",
		"1.16.5-latest": "0.9.2b",
		"1.16.5-recommended": "0.9.2b"
	}
}
[02May2025 22:24:25.712] [Forge Version Check/INFO] [net.minecraftforge.fml.VersionChecker/]: [redstone_arsenal] Found status: UP_TO_DATE Current: 8.0.1 Target: null
[02May2025 22:24:25.712] [Forge Version Check/INFO] [net.minecraftforge.fml.VersionChecker/]: [appmek] Starting version check at https://api.modrinth.com/updates/applied-mekanistics/forge_updates.json
[02May2025 22:24:25.873] [Forge Version Check/DEBUG] [net.minecraftforge.fml.VersionChecker/]: [appmek] Received version check data:
{"homepage":"https://modrinth.com/mod/applied-mekanistics","promos":{"1.19.2-recommended":"1.3.5","1.18.2-latest":"1.2.1","1.19.2-latest":"1.3.5","1.18.2-recommended":"1.2.1","1.19-latest":"1.3.0-alpha"}}
[02May2025 22:24:25.873] [Forge Version Check/INFO] [net.minecraftforge.fml.VersionChecker/]: [appmek] Found status: BETA Current: 1.4.2 Target: null
[02May2025 22:24:25.874] [Forge Version Check/INFO] [net.minecraftforge.fml.VersionChecker/]: [thermal] Starting version check at https://raw.github.com/cofh/version/main/thermal/update.json
[02May2025 22:24:25.960] [Forge Version Check/DEBUG] [net.minecraftforge.fml.VersionChecker/]: [thermal] Received version check data:
{
	"homepage": "https://teamcofh.com/downloads/",
	"1.20.1": {
		"11.0.5": "Fix for items not showing in Creative Tabs and JEI.",
		"11.0.4": "Minor fixes for new Arboreal Extractor; new default recipe behavior.",
		"11.0.3": "Tag fixes, remove Bamboo Block.",
		"11.0.2": "Merry Christmas!",
		"11.0.1": "Florbs! And worldgen fixes.",
		"11.0.0": "Initial 1.20.1 release!"
	},
	"1.19.2": {
		"10.2.0": "Lots of under the hood changes. Dynamics compatibility.",
		"10.0.0": "Initial 1.19.x release!"
	},
	"1.18.2": {
		"9.2.0": "Lots of under the hood changes. Dynamics compatibility.",
		"9.1.0": "Update for compatibility with new CoFH Core. Minor fixes.",
		"9.0.0": "Semver adjustment, massive internal refactors. Added Fluid Filter.",
		"1.6.3": "Bugfixes, couple new features. Backend refactors in prep for 1.19.",
		"1.6.2": "Additional mod infrastructure and localization.",
		"1.6.1": "Minor bugfixes and worldgen improvements.",
		"1.6.0": "Initial 1.18.2 release!"
	},
	"1.16.5": {
		"1.5.0": "Final major 1.16.5 release.",
		"1.4.5": "Minor bugfixes and updates.",
		"1.4.2": "Minor recipe fixes and a new augment.",
		"1.4.1": "Behavioral change to side configurations, allow for Reservoir to be dyed.",
		"1.4.0": "Content! Satchel, Reservoir, Slot Seal, lots of new Foods and improvements. Curios support.",
		"1.3.2": "Minor fix for server configs.",
		"1.3.1": "Minor fix for client configs.",
		"1.3.0": "Content! Aquatic Entangler, new crops and explosives. Minor bugfixes.",
		"1.2.0": "Content! Vacuumulator, Nullifier, Energetic Infuser, new augments! Minor fixes and QoL."
	},
	"1.16.4": {
		"1.2.0": "Content! Vacuumulator, Nullifier, Energetic Infuser, new augments! Minor fixes and QoL.",
		"1.1.6": "Backend changes, crash fix with Tinker Bench.",
		"1.1.5": "Fix a minor issue with cell transfer restriction.",
		"1.1.4": "Improve and optimize backend handler behavior substantially.",
		"1.1.3": "Bugfixes and QoL. New wrench behavior!",
		"1.1.2": "Relaxes minimum valid fuel values for dynamos, somewhat.",
		"1.1.1": "Fixes a recipe bug with dedicated servers. Other minor recipe fixes.",
		"1.1.0": "Content! Bugfixes! Pyrolyzer, Fluid and Energy Cells, oil processing!",
		"1.0.3": "Fixes a recipe desync issue. Ore generation can now be disabled."
	},
	"1.16.3": {
		"1.1.6": "Backend changes, crash fix with Tinker Bench.",
		"1.1.5": "Fix a minor issue with cell transfer restriction.",
		"1.1.4": "Improve and optimize backend handler behavior substantially.",
		"1.1.3": "Bugfixes and QoL. New wrench behavior!",
		"1.1.2": "Relaxes minimum valid fuel values for dynamos, somewhat.",
		"1.1.1": "Fixes a recipe bug with dedicated servers. Other minor recipe fixes.",
		"1.1.0": "Content! Bugfixes! Pyrolyzer, Fluid and Energy Cells, oil processing!",
		"1.0.3": "Fixes a recipe desync issue. Ore generation can now be disabled.",
		"1.0.1": "Fixed a couple of 1.16 specific Patchouli issues and a corner case with xmod recipes.",
		"1.0.0": "Initial 1.16 version. Minor bugfixes and texture changes. Added Patchouli book!"
	},
	"1.15.2": {
		"1.0.0": "Final content version for 1.15. Minor bugfixes and texture changes. Added Patchouli book!",
		"0.3.0b": "Bugfixes and more recipes.",
		"0.2.5b": "Minor bugfix for the Fabricator. Adjustment to mob spawns.",
		"0.2.4b": "New machine textures! Also the Sequential Fabricator. Some tiny bugfixes.",
		"0.2.3b": "Fixed some Smelter recipe issues. More recipe support!",
		"0.2.2b": "Lots more mod recipe support, revamped tags. Bugfix with Dynamo connections.",
		"0.2.1b": "Ores generate again. And mobs are quiet.",
		"0.2.0b": "Lots of bugfixes, some QoL.",
		"0.1.0b": "Public beta test version!"
	},
		"promos": {
		"1.20.1-latest": "11.0.5",
		"1.20.1-recommended": "11.0.5",
		"1.19.2-latest": "10.3.0",
		"1.19.2-recommended": "10.3.0",
		"1.18.2-latest": "9.2.0",
		"1.18.2-recommended": "9.2.0",
		"1.16.5-latest": "1.5.2",
		"1.16.5-recommended": "1.5.2",
		"1.16.4-latest": "1.2.0",
		"1.16.4-recommended": "1.2.0",
		"1.16.3-latest": "1.1.6",
		"1.16.3-recommended": "1.1.6",
		"1.15.2-latest": "1.0.0",
		"1.15.2-recommended": "1.0.0"
	}
}
[02May2025 22:24:25.961] [Forge Version Check/INFO] [net.minecraftforge.fml.VersionChecker/]: [thermal] Found status: AHEAD Current: 11.0.6 Target: null
[02May2025 22:24:25.961] [Forge Version Check/INFO] [net.minecraftforge.fml.VersionChecker/]: [thermal_foundation] Starting version check at https://raw.github.com/cofh/version/main/thermal/update_foundation.json
[02May2025 22:24:26.309] [Forge Version Check/DEBUG] [net.minecraftforge.fml.VersionChecker/]: [thermal_foundation] Received version check data:
{
	"homepage": "https://teamcofh.com/downloads/",
	"1.20.1": {
		"11.0.2": "JEI/Creative Tab fixes.",
		"11.0.1": "Florbs! And worldgen fixes.",
		"11.0.0": "Initial 1.20.1 release!"
	},
	"1.19.2": {
		"10.2.0": "Lots of under the hood changes. Dynamics compatibility.",
		"10.0.0": "Semver adjustment, jar-in-jar structuring."
	},
		"promos": {
		"1.20.1-latest": "11.0.2",
		"1.20.1-recommended": "11.0.2",
		"1.19.2-latest": "10.3.0",
		"1.19.2-recommended": "10.3.0"
	}
}
[02May2025 22:24:26.309] [Forge Version Check/INFO] [net.minecraftforge.fml.VersionChecker/]: [thermal_foundation] Found status: AHEAD Current: 11.0.6 Target: null
[02May2025 22:24:26.310] [Forge Version Check/INFO] [net.minecraftforge.fml.VersionChecker/]: [thermal_expansion] Starting version check at https://raw.github.com/cofh/version/main/thermal/update_expansion.json
[02May2025 22:24:26.401] [Forge Version Check/DEBUG] [net.minecraftforge.fml.VersionChecker/]: [thermal_expansion] Received version check data:
{
	"homepage": "https://teamcofh.com/downloads/",
	"1.20.1": {
		"11.0.1": "JEI/Creative Tab fixes.",
		"11.0.0": "Initial 1.20.1 release!"
	},
	"1.19.2": {
		"10.2.0": "Lots of under the hood changes. Dynamics compatibility.",
		"10.0.0": "Initial 1.19.x release!"
	},
	"1.18.2": {
		"9.2.0": "Lots of under the hood changes. Dynamics compatibility.",
		"9.1.0": "Update for compatibility with new CoFH Core. Minor fixes.",
		"9.0.0": "Semver adjustment, added Crystallizer.",
		"1.6.3": "Better JEI Potion handling. Minor balancing changes.",
		"1.6.1": "Recipe adjustments.",
		"1.6.0": "Initial 1.18.2 release!"
	},
		"promos": {
		"1.20.1-latest": "11.0.1",
		"1.20.1-recommended": "11.0.1",
		"1.19.2-latest": "10.3.0",
		"1.19.2-recommended": "10.3.0",
		"1.18.2-latest": "9.2.0",
		"1.18.2-recommended": "9.2.0"
	}
}
[02May2025 22:24:26.402] [Forge Version Check/INFO] [net.minecraftforge.fml.VersionChecker/]: [thermal_expansion] Found status: UP_TO_DATE Current: 11.0.1 Target: null
[02May2025 22:24:26.403] [Forge Version Check/INFO] [net.minecraftforge.fml.VersionChecker/]: [thermal_innovation] Starting version check at https://raw.github.com/cofh/version/main/thermal/update_innovation.json
[02May2025 22:24:26.665] [Forge Version Check/DEBUG] [net.minecraftforge.fml.VersionChecker/]: [thermal_innovation] Received version check data:
{
	"homepage": "https://teamcofh.com/downloads/",
	"1.20.1": {
		"11.0.0": "Initial 1.20.1 release!"
	},
	"1.19.2": {
		"10.2.0": "Lots of under the hood changes. Dynamics compatibility.",
		"10.0.0": "Initial 1.19.x release!"
	},
	"1.18.2": {
		"9.2.0": "Lots of under the hood changes. Dynamics compatibility.",
		"9.1.0": "Update for compatibility with new CoFH Core.",
		"9.0.0": "Semver adjustment, updated tool graphics.",
		"1.6.3": "Backend refactors in prep for 1.19.",
		"1.6.1": "Fix a couple of minor texture issues.",
		"1.6.0": "Initial 1.18.2 release!"
	},
		"promos": {
		"1.20.1-latest": "11.0.0",
		"1.20.1-recommended": "11.0.0",
		"1.19.2-latest": "10.3.0",
		"1.19.2-recommended": "10.3.0",
		"1.18.2-latest": "9.2.0",
		"1.18.2-recommended": "9.2.0"
	}
}
[02May2025 22:24:26.665] [Forge Version Check/INFO] [net.minecraftforge.fml.VersionChecker/]: [thermal_innovation] Found status: AHEAD Current: 11.0.1 Target: null
[02May2025 22:24:26.669] [Forge Version Check/INFO] [net.minecraftforge.fml.VersionChecker/]: [thermal_integration] Starting version check at https://raw.github.com/cofh/version/main/thermal/update_integration.json
[02May2025 22:24:26.755] [Forge Version Check/DEBUG] [net.minecraftforge.fml.VersionChecker/]: [thermal_integration] Received version check data:
{
	"homepage": "https://teamcofh.com/downloads/",
	"1.20.1": {
		"11.0.0": "Initial 1.20.1 release!"
	},
	"1.19.2": {
		"10.2.0": "Lots of under the hood changes. Dynamics compatibility.",
		"10.0.0": "Initial 1.19.x release!"
	},
	"1.18.2": {
		"9.2.0": "Lots of under the hood changes. Dynamics compatibility.",
		"9.1.0": "Update for compatibility with new CoFH Core. More mod support.",
		"9.0.0": "Semver adjustment, more mod support.",
		"1.6.3": "More mod support. Minor bugfixes.",
		"1.6.0": "Initial 1.18.2 release!"
	},
		"promos": {
		"1.20.1-latest": "11.0.0",
		"1.20.1-recommended": "11.0.0",
		"1.19.2-latest": "10.3.0",
		"1.19.2-recommended": "10.3.0",
		"1.18.2-latest": "9.2.0",
		"1.18.2-recommended": "9.2.0"
	}
}
[02May2025 22:24:26.756] [Forge Version Check/INFO] [net.minecraftforge.fml.VersionChecker/]: [thermal_integration] Found status: AHEAD Current: 11.0.1 Target: null
[02May2025 22:24:26.756] [Forge Version Check/INFO] [net.minecraftforge.fml.VersionChecker/]: [thermal_dynamics] Starting version check at https://raw.github.com/cofh/version/main/thermal/update_dynamics.json
[02May2025 22:24:26.960] [Forge Version Check/DEBUG] [net.minecraftforge.fml.VersionChecker/]: [thermal_dynamics] Received version check data:
{
	"homepage": "https://teamcofh.com/downloads/",
	"1.20.1": {
		"11.0.1": "Minor fix for Logistical Item Buffer.",
		"11.0.0": "Initial 1.20.1 release!"
	},
	"1.19.2": {
		"10.3.1": "Minor fix for Logistical Item Buffer.",
		"10.3.0": "Finalize and polish non-beta release.",
		"10.2.0b": "Initial 1.19.x release!"
	},
	"1.18.2": {
		"9.2.0b": "Initial 1.18.2 release!"
	},
		"promos": {
		"1.20.1-latest": "11.0.1",
		"1.20.1-recommended": "11.0.1",
		"1.19.2-latest": "10.3.1",
		"1.19.2-recommended": "10.3.1",
		"1.18.2-latest": "9.2.0b",
		"1.18.2-recommended": "9.2.0b"
	}
}
[02May2025 22:24:26.961] [Forge Version Check/INFO] [net.minecraftforge.fml.VersionChecker/]: [thermal_dynamics] Found status: UP_TO_DATE Current: 11.0.1 Target: null
[02May2025 22:24:26.963] [Forge Version Check/INFO] [net.minecraftforge.fml.VersionChecker/]: [thermal_cultivation] Starting version check at https://raw.github.com/cofh/version/main/thermal/update_cultivation.json
[02May2025 22:24:27.414] [Forge Version Check/DEBUG] [net.minecraftforge.fml.VersionChecker/]: [thermal_cultivation] Received version check data:
{
	"homepage": "https://teamcofh.com/downloads/",
	"1.20.1": {
		"11.0.1": "JEI/Creative Tab fixes.",
		"11.0.0": "Initial 1.20.1 release!"
	},
	"1.19.2": {
		"10.2.0": "Lots of under the hood changes. Dynamics compatibility.",
		"10.0.0": "Initial 1.19.x release!"
	},
	"1.18.2": {
		"9.2.0": "Lots of under the hood changes. Dynamics compatibility.",
		"9.1.0": "Update for compatibility with new CoFH Core.",
		"9.0.0": "Semver adjustment, minor backend adjustments.",
		"1.6.3": "Add Batch Composter and Compost.",
		"1.6.1": "Fix a minor issue with Phyto-Soil.",
		"1.6.0": "Initial 1.18.2 release!"
	},
		"promos": {
		"1.20.1-latest": "11.0.1",
		"1.20.1-recommended": "11.0.1",
		"1.19.2-latest": "10.3.0",
		"1.19.2-recommended": "10.3.0",
		"1.18.2-latest": "9.2.0",
		"1.18.2-recommended": "9.2.0"
	}
}
[02May2025 22:24:27.414] [Forge Version Check/INFO] [net.minecraftforge.fml.VersionChecker/]: [thermal_cultivation] Found status: UP_TO_DATE Current: 11.0.1 Target: null
[02May2025 22:24:27.966] [main/ERROR] [net.minecraft.server.dedicated.Settings/]: Failed to load properties from file: server.properties
java.nio.file.NoSuchFileException: server.properties
	at sun.nio.fs.UnixException.translateToIOException(UnixException.java:92) ~[?:?]
	at sun.nio.fs.UnixException.rethrowAsIOException(UnixException.java:106) ~[?:?]
	at sun.nio.fs.UnixException.rethrowAsIOException(UnixException.java:111) ~[?:?]
	at sun.nio.fs.UnixFileSystemProvider.newByteChannel(UnixFileSystemProvider.java:218) ~[?:?]
	at java.nio.file.Files.newByteChannel(Files.java:380) ~[?:?]
	at java.nio.file.Files.newByteChannel(Files.java:432) ~[?:?]
	at java.nio.file.spi.FileSystemProvider.newInputStream(FileSystemProvider.java:422) ~[?:?]
	at java.nio.file.Files.newInputStream(Files.java:160) ~[?:?]
	at net.minecraft.server.dedicated.Settings.m_139839_(Settings.java:36) ~[server-1.20.1-20230612.114412-srg.jar%23143!/:?]
	at net.minecraft.server.dedicated.DedicatedServerProperties.m_180929_(DedicatedServerProperties.java:137) ~[server-1.20.1-20230612.114412-srg.jar%23143!/:?]
	at net.minecraft.server.dedicated.DedicatedServerSettings.<init>(DedicatedServerSettings.java:12) ~[server-1.20.1-20230612.114412-srg.jar%23143!/:?]
	at net.minecraft.server.Main.main(Main.java:126) ~[server-1.20.1-20230612.114412-srg.jar%23143!/:?]
	at jdk.internal.reflect.NativeMethodAccessorImpl.invoke0(Native Method) ~[?:?]
	at jdk.internal.reflect.NativeMethodAccessorImpl.invoke(NativeMethodAccessorImpl.java:77) ~[?:?]
	at jdk.internal.reflect.DelegatingMethodAccessorImpl.invoke(DelegatingMethodAccessorImpl.java:43) ~[?:?]
	at java.lang.reflect.Method.invoke(Method.java:569) ~[?:?]
	at net.minecraftforge.fml.loading.targets.CommonLaunchHandler.runTarget(CommonLaunchHandler.java:111) ~[fmlloader-1.20.1-47.4.0.jar%2369!/:?]
	at net.minecraftforge.fml.loading.targets.CommonLaunchHandler.serverService(CommonLaunchHandler.java:103) ~[fmlloader-1.20.1-47.4.0.jar%2369!/:?]
	at net.minecraftforge.fml.loading.targets.CommonServerLaunchHandler.lambda$makeService$0(CommonServerLaunchHandler.java:27) ~[fmlloader-1.20.1-47.4.0.jar%2369!/:?]
	at cpw.mods.modlauncher.LaunchServiceHandlerDecorator.launch(LaunchServiceHandlerDecorator.java:30) ~[modlauncher-10.0.9.jar%2355!/:?]
	at cpw.mods.modlauncher.LaunchServiceHandler.launch(LaunchServiceHandler.java:53) ~[modlauncher-10.0.9.jar%2355!/:?]
	at cpw.mods.modlauncher.LaunchServiceHandler.launch(LaunchServiceHandler.java:71) ~[modlauncher-10.0.9.jar%2355!/:?]
	at cpw.mods.modlauncher.Launcher.run(Launcher.java:108) ~[modlauncher-10.0.9.jar%2355!/:?]
	at cpw.mods.modlauncher.Launcher.main(Launcher.java:78) ~[modlauncher-10.0.9.jar%2355!/:?]
	at cpw.mods.modlauncher.BootstrapLaunchConsumer.accept(BootstrapLaunchConsumer.java:26) ~[modlauncher-10.0.9.jar%2355!/:?]
	at cpw.mods.modlauncher.BootstrapLaunchConsumer.accept(BootstrapLaunchConsumer.java:23) ~[modlauncher-10.0.9.jar%2355!/:?]
	at cpw.mods.bootstraplauncher.BootstrapLauncher.main(BootstrapLauncher.java:141) ~[bootstraplauncher-1.1.2.jar:?]
[02May2025 22:24:28.005] [main/INFO] [com.mojang.authlib.yggdrasil.YggdrasilAuthenticationService/]: Environment: authHost='https://authserver.mojang.com', accountsHost='https://api.mojang.com', sessionHost='https://sessionserver.mojang.com', servicesHost='https://api.minecraftservices.com', name='PROD'
[02May2025 22:24:28.051] [main/WARN] [net.minecraft.server.packs.VanillaPackResourcesBuilder/]: Assets URL 'union:/workspaces/moddedserver/libraries/net/minecraft/server/1.20.1-20230612.114412/server-1.20.1-20230612.114412-srg.jar%23143!/assets/.mcassetsroot' uses unexpected schema
[02May2025 22:24:28.052] [main/WARN] [net.minecraft.server.packs.VanillaPackResourcesBuilder/]: Assets URL 'union:/workspaces/moddedserver/libraries/net/minecraft/server/1.20.1-20230612.114412/server-1.20.1-20230612.114412-srg.jar%23143!/data/.mcassetsroot' uses unexpected schema
[02May2025 22:24:28.119] [main/DEBUG] [net.minecraftforge.server.ServerLifecycleHooks/CORE]: Generating PackInfo named mod:terrablender for mod file /workspaces/moddedserver/mods/TerraBlender-forge-1.20.1-3.0.1.10.jar
[02May2025 22:24:28.120] [main/DEBUG] [net.minecraftforge.server.ServerLifecycleHooks/CORE]: Generating PackInfo named mod:biomesoplenty for mod file /workspaces/moddedserver/mods/BiomesOPlenty-1.20.1-18.0.0.592.jar
[02May2025 22:24:28.120] [main/DEBUG] [net.minecraftforge.server.ServerLifecycleHooks/CORE]: Generating PackInfo named mod:jei for mod file /workspaces/moddedserver/mods/jei-1.20.1-forge-15.20.0.106.jar
[02May2025 22:24:28.120] [main/DEBUG] [net.minecraftforge.server.ServerLifecycleHooks/CORE]: Generating PackInfo named mod:ae2 for mod file /workspaces/moddedserver/mods/appliedenergistics2-forge-15.3.4.jar
[02May2025 22:24:28.120] [main/DEBUG] [net.minecraftforge.server.ServerLifecycleHooks/CORE]: Generating PackInfo named mod:botania for mod file /workspaces/moddedserver/mods/Botania-1.20.1-448-FORGE.jar
[02May2025 22:24:28.120] [main/DEBUG] [net.minecraftforge.server.ServerLifecycleHooks/CORE]: Generating PackInfo named mod:crafttweaker for mod file /workspaces/moddedserver/mods/CraftTweaker-forge-1.20.1-14.0.57.jar
[02May2025 22:24:28.126] [main/DEBUG] [net.minecraftforge.server.ServerLifecycleHooks/CORE]: Generating PackInfo named mod:forge for mod file /workspaces/moddedserver/libraries/net/minecraftforge/forge/1.20.1-47.4.0/forge-1.20.1-47.4.0-universal.jar
[02May2025 22:24:28.126] [main/DEBUG] [net.minecraftforge.server.ServerLifecycleHooks/CORE]: Generating PackInfo named mod:cofh_core for mod file /workspaces/moddedserver/mods/cofh_core-1.20.1-11.0.2.56.jar
[02May2025 22:24:28.126] [main/DEBUG] [net.minecraftforge.server.ServerLifecycleHooks/CORE]: Generating PackInfo named mod:redstone_arsenal for mod file /workspaces/moddedserver/mods/redstone_arsenal-1.20.1-8.0.1.24.jar
[02May2025 22:24:28.127] [main/DEBUG] [net.minecraftforge.server.ServerLifecycleHooks/CORE]: Generating PackInfo named mod:curios for mod file /workspaces/moddedserver/mods/curios-forge-5.14.1+1.20.1.jar
[02May2025 22:24:28.127] [main/DEBUG] [net.minecraftforge.server.ServerLifecycleHooks/CORE]: Generating PackInfo named mod:mekanism for mod file /workspaces/moddedserver/mods/Mekanism-1.20.1-10.4.15.75.jar
[02May2025 22:24:28.127] [main/DEBUG] [net.minecraftforge.server.ServerLifecycleHooks/CORE]: Generating PackInfo named mod:mekanismtools for mod file /workspaces/moddedserver/mods/MekanismTools-1.20.1-10.4.15.75.jar
[02May2025 22:24:28.127] [main/DEBUG] [net.minecraftforge.server.ServerLifecycleHooks/CORE]: Generating PackInfo named mod:mekanismgenerators for mod file /workspaces/moddedserver/mods/MekanismGenerators-1.20.1-10.4.15.75.jar
[02May2025 22:24:28.127] [main/DEBUG] [net.minecraftforge.server.ServerLifecycleHooks/CORE]: Generating PackInfo named mod:appmek for mod file /workspaces/moddedserver/mods/Applied-Mekanistics-1.4.2.jar
[02May2025 22:24:28.127] [main/DEBUG] [net.minecraftforge.server.ServerLifecycleHooks/CORE]: Generating PackInfo named mod:thermal for mod file 
[02May2025 22:24:28.130] [main/DEBUG] [net.minecraftforge.server.ServerLifecycleHooks/CORE]: Generating PackInfo named mod:thermal_foundation for mod file /workspaces/moddedserver/mods/thermal_foundation-1.20.1-11.0.6.70.jar
[02May2025 22:24:28.130] [main/DEBUG] [net.minecraftforge.server.ServerLifecycleHooks/CORE]: Generating PackInfo named mod:thermal_expansion for mod file /workspaces/moddedserver/mods/thermal_expansion-1.20.1-11.0.1.29.jar
[02May2025 22:24:28.130] [main/DEBUG] [net.minecraftforge.server.ServerLifecycleHooks/CORE]: Generating PackInfo named mod:thermal_innovation for mod file /workspaces/moddedserver/mods/thermal_innovation-1.20.1-11.0.1.23.jar
[02May2025 22:24:28.133] [main/DEBUG] [net.minecraftforge.server.ServerLifecycleHooks/CORE]: Generating PackInfo named mod:thermal_integration for mod file /workspaces/moddedserver/mods/thermal_integration-1.20.1-11.0.1.27.jar
[02May2025 22:24:28.133] [main/DEBUG] [net.minecraftforge.server.ServerLifecycleHooks/CORE]: Generating PackInfo named mod:patchouli for mod file /workspaces/moddedserver/mods/Patchouli-1.20.1-84.1-FORGE.jar
[02May2025 22:24:28.134] [main/DEBUG] [net.minecraftforge.server.ServerLifecycleHooks/CORE]: Generating PackInfo named mod:thermal_dynamics for mod file /workspaces/moddedserver/mods/thermal_dynamics-1.20.1-11.0.1.23.jar
[02May2025 22:24:28.135] [main/DEBUG] [net.minecraftforge.server.ServerLifecycleHooks/CORE]: Generating PackInfo named mod:thermal_cultivation for mod file /workspaces/moddedserver/mods/thermal_cultivation-1.20.1-11.0.1.24.jar
[02May2025 22:24:28.135] [main/DEBUG] [net.minecraftforge.server.ServerLifecycleHooks/CORE]: Generating PackInfo named mod:naturescompass for mod file /workspaces/moddedserver/mods/NaturesCompass-1.20.1-1.11.2-forge.jar
[02May2025 22:24:30.129] [main/DEBUG] [mixin/]: Mixing MixinPrimaryLevelData from terrablender.mixins.json into net.minecraft.world.level.storage.PrimaryLevelData
[02May2025 22:24:30.380] [main/DEBUG] [net.minecraftforge.coremod.transformer.CoreModBaseTransformer/COREMOD]: Transforming net/minecraft/server/commands/SummonCommand
[02May2025 22:24:30.623] [main/INFO] [AE2:C/]: Scanning class appeng.server.testplots.TestPlots for plots
[02May2025 22:24:30.628] [main/INFO] [AE2:C/]: Scanning class appeng.server.testplots.AutoCraftingTestPlots for plots
[02May2025 22:24:30.629] [main/INFO] [AE2:C/]: Scanning class appeng.server.testplots.InscriberTestPlots for plots
[02May2025 22:24:30.643] [main/INFO] [AE2:C/]: Scanning class appeng.server.testplots.P2PTestPlots for plots
[02May2025 22:24:30.644] [main/INFO] [AE2:C/]: Scanning class appeng.server.testplots.ItemP2PTestPlots for plots
[02May2025 22:24:30.644] [main/INFO] [AE2:C/]: Scanning class appeng.server.testplots.MemoryCardTestPlots for plots
[02May2025 22:24:30.645] [main/INFO] [AE2:C/]: Scanning class appeng.server.testplots.PatternProviderLockModePlots for plots
[02May2025 22:24:30.646] [main/INFO] [AE2:C/]: Scanning class appeng.server.testplots.PatternProviderPlots for plots
[02May2025 22:24:30.647] [main/INFO] [AE2:C/]: Scanning class appeng.server.testplots.SpatialTestPlots for plots
[02May2025 22:24:30.647] [main/INFO] [AE2:C/]: Scanning class appeng.server.testplots.QnbTestPlots for plots
[02May2025 22:24:30.648] [main/INFO] [AE2:C/]: Scanning class appeng.server.testplots.GuidebookPlot for plots
[02May2025 22:24:30.649] [main/INFO] [AE2:C/]: Scanning class appeng.server.testplots.SubnetPlots for plots
[02May2025 22:24:30.650] [main/INFO] [AE2:C/]: Scanning class appeng.server.testplots.ChannelTests for plots
[02May2025 22:24:30.651] [main/INFO] [AE2:C/]: Scanning class appeng.server.testplots.AnnihilationPlaneTests for plots
[02May2025 22:24:32.810] [Worker-Main-1/DEBUG] [botania/]: Parsing loonium_config config 'minecraft:desert_pyramid'
[02May2025 22:24:32.812] [Worker-Main-1/DEBUG] [botania/]: Parsing loonium_config config 'minecraft:ruined_portal_swamp'
[02May2025 22:24:32.813] [Worker-Main-1/DEBUG] [botania/]: Parsing loonium_config config 'minecraft:village_taiga'
[02May2025 22:24:32.814] [Worker-Main-1/DEBUG] [botania/]: Parsing loonium_config config 'minecraft:bastion_remnant'
[02May2025 22:24:32.814] [Worker-Main-1/DEBUG] [botania/]: Parsing loonium_config config 'minecraft:pillager_outpost'
[02May2025 22:24:32.815] [Worker-Main-1/DEBUG] [botania/]: Parsing loonium_config config 'minecraft:shipwreck'
[02May2025 22:24:32.815] [Worker-Main-1/DEBUG] [botania/]: Parsing loonium_config config 'botania:ocean_ruins'
[02May2025 22:24:32.815] [Worker-Main-1/DEBUG] [botania/]: Parsing loonium_config config 'minecraft:jungle_pyramid'
[02May2025 22:24:32.815] [Worker-Main-1/DEBUG] [botania/]: Parsing loonium_config config 'minecraft:ruined_portal_jungle'
[02May2025 22:24:32.816] [Worker-Main-1/DEBUG] [botania/]: Parsing loonium_config config 'botania:village'
[02May2025 22:24:32.816] [Worker-Main-1/DEBUG] [botania/]: Parsing loonium_config config 'minecraft:ocean_ruin_warm'
[02May2025 22:24:32.816] [Worker-Main-1/DEBUG] [botania/]: Parsing loonium_config config 'minecraft:village_plains'
[02May2025 22:24:32.817] [Worker-Main-1/DEBUG] [botania/]: Parsing loonium_config config 'minecraft:ruined_portal'
[02May2025 22:24:32.818] [Worker-Main-1/DEBUG] [botania/]: Parsing loonium_config config 'minecraft:mansion'
[02May2025 22:24:32.818] [Worker-Main-1/DEBUG] [botania/]: Parsing loonium_config config 'minecraft:ruined_portal_desert'
[02May2025 22:24:32.819] [Worker-Main-1/DEBUG] [botania/]: Parsing loonium_config config 'minecraft:end_city'
[02May2025 22:24:32.820] [Worker-Main-1/DEBUG] [botania/]: Parsing loonium_config config 'botania:default'
[02May2025 22:24:32.820] [Worker-Main-1/DEBUG] [botania/]: Parsing loonium_config config 'minecraft:monument'
[02May2025 22:24:32.821] [Worker-Main-1/DEBUG] [botania/]: Parsing loonium_config config 'minecraft:ruined_portal_ocean'
[02May2025 22:24:32.822] [Worker-Main-1/DEBUG] [botania/]: Parsing loonium_config config 'minecraft:ruined_portal_mountain'
[02May2025 22:24:32.823] [Worker-Main-1/DEBUG] [botania/]: Parsing loonium_config config 'minecraft:fortress'
[02May2025 22:24:32.823] [Worker-Main-1/DEBUG] [botania/]: Parsing loonium_config config 'minecraft:trail_ruins'
[02May2025 22:24:32.824] [Worker-Main-1/DEBUG] [botania/]: Parsing loonium_config config 'minecraft:village_savanna'
[02May2025 22:24:32.824] [Worker-Main-1/DEBUG] [botania/]: Parsing loonium_config config 'minecraft:ruined_portal_nether'
[02May2025 22:24:32.825] [Worker-Main-1/DEBUG] [botania/]: Parsing loonium_config config 'minecraft:shipwreck_beached'
[02May2025 22:24:32.825] [Worker-Main-1/DEBUG] [botania/]: Parsing loonium_config config 'minecraft:stronghold'
[02May2025 22:24:32.826] [Worker-Main-1/DEBUG] [botania/]: Parsing loonium_config config 'minecraft:ancient_city'
[02May2025 22:24:32.826] [Worker-Main-1/DEBUG] [botania/]: Parsing loonium_config config 'minecraft:village_desert'
[02May2025 22:24:32.827] [Worker-Main-1/DEBUG] [botania/]: Parsing loonium_config config 'minecraft:ocean_ruin_cold'
[02May2025 22:24:32.827] [Worker-Main-1/DEBUG] [botania/]: Parsing loonium_config config 'minecraft:village_snowy'
[02May2025 22:24:33.002] [main/DEBUG] [mixin/]: Mixing common.access.item.AccessIngredientTagValue from crafttweaker.mixins.json into net.minecraft.world.item.crafting.Ingredient$TagValue
[02May2025 22:24:33.002] [main/DEBUG] [mixin/]: Mixing common.transform.item.MixinIngredientTagValue from crafttweaker.mixins.json into net.minecraft.world.item.crafting.Ingredient$TagValue
[02May2025 22:24:33.002] [main/DEBUG] [mixin/]: Renaming synthetic method lambda$crafttweaker$injectTags$1(Ljava/util/Map;)Ljava/util/Collection; to md4b0f64$lambda$crafttweaker$injectTags$1$0 in crafttweaker.mixins.json:common.transform.item.MixinIngredientTagValue
[02May2025 22:24:33.002] [main/DEBUG] [mixin/]: Renaming synthetic method lambda$crafttweaker$injectTags$0(Lnet/minecraft/tags/TagManager$LoadResult;)Z to md4b0f64$lambda$crafttweaker$injectTags$0$1 in crafttweaker.mixins.json:common.transform.item.MixinIngredientTagValue
[02May2025 22:24:33.410] [main/INFO] [net.minecraft.world.item.crafting.RecipeManager/]: Loaded 78 recipes
[02May2025 22:24:33.700] [main/INFO] [net.minecraft.advancements.AdvancementList/]: Loaded 2893 advancements
[02May2025 22:24:33.727] [main/INFO] [top.theillusivec4.curios.Curios/]: Loaded 10 curio slots
[02May2025 22:24:33.735] [main/INFO] [top.theillusivec4.curios.Curios/]: Loaded 1 curio entities
[02May2025 22:24:33.736] [main/INFO] [botania/]: Loaded 30 Loonium configurations
[02May2025 22:24:35.833] [main/DEBUG] [thermal/]: Adding default Furnace recipes to the Redstone Furnace...
[02May2025 22:24:35.852] [main/DEBUG] [thermal/]: Adding default Log processing recipes to the Sawmill...
[02May2025 22:24:35.879] [main/DEBUG] [thermal/]: Adding default Furnace-Based processing recipes to the Pulverizer...
[02May2025 22:24:35.886] [main/DEBUG] [thermal/]: Adding default Furnace-Based processing recipes to the Induction Smelter...
[02May2025 22:24:35.909] [main/DEBUG] [thermal/]: Adding default Bucket recipes to the Fluid Encapsulator...
[02May2025 22:24:35.915] [main/DEBUG] [thermal/]: Adding default Florb recipes to the Fluid Encapsulator...
[02May2025 22:24:35.917] [main/DEBUG] [mixin/]: Mixing EnchantmentHelperMixin from ae2.mixins.json into net.minecraft.world.item.enchantment.EnchantmentHelper
[02May2025 22:24:35.917] [main/DEBUG] [mixin/]: ae2.mixins.json:EnchantmentHelperMixin: Class version 61 required is higher than the class version supported by the current version of Mixin (JAVA_11 supports class version 55)
[02May2025 22:24:35.929] [main/DEBUG] [thermal/]: Adding default Potion recipes to the Fluid Encapsulator...
[02May2025 22:24:35.930] [main/DEBUG] [thermal/]: Adding default Brewing Stand recipes to the Alchemical Imbuer...
[02May2025 22:24:36.203] [main/DEBUG] [net.minecraftforge.common.ForgeHooks/WP]: Gathering id map for writing to world save world
[02May2025 22:24:36.261] [main/DEBUG] [net.minecraftforge.common.ForgeHooks/WP]: ID Map collection complete world
[02May2025 22:24:36.343] [Server thread/INFO] [net.minecraft.server.dedicated.DedicatedServer/]: Starting minecraft server version 1.20.1
[02May2025 22:24:36.343] [Server thread/INFO] [net.minecraft.server.dedicated.DedicatedServer/]: Loading properties
[02May2025 22:24:36.343] [Server thread/INFO] [net.minecraft.server.dedicated.DedicatedServer/]: Default game type: SURVIVAL
[02May2025 22:24:36.343] [Server thread/INFO] [net.minecraft.server.MinecraftServer/]: Generating keypair
[02May2025 22:24:36.630] [Server thread/INFO] [net.minecraft.server.dedicated.DedicatedServer/]: Starting Minecraft server on *:25565
[02May2025 22:24:36.630] [Server thread/DEBUG] [net.minecraftforge.network.DualStackUtils/]: Detected IPv6 address: "0:0:0:0:0:0:0:0"
[02May2025 22:24:36.643] [Server thread/DEBUG] [io.netty.util.internal.NativeLibraryLoader/]: -Dio.netty.native.workdir: /tmp (io.netty.tmpdir)
[02May2025 22:24:36.644] [Server thread/DEBUG] [io.netty.util.internal.NativeLibraryLoader/]: -Dio.netty.native.deleteLibAfterLoading: true
[02May2025 22:24:36.644] [Server thread/DEBUG] [io.netty.util.internal.NativeLibraryLoader/]: -Dio.netty.native.tryPatchShadedId: true
[02May2025 22:24:36.644] [Server thread/DEBUG] [io.netty.util.internal.NativeLibraryLoader/]: -Dio.netty.native.detectNativeLibraryDuplicates: true
[02May2025 22:24:36.652] [Server thread/DEBUG] [io.netty.util.internal.NativeLibraryLoader/]: Successfully loaded the library /tmp/libnetty_transport_native_epoll_x86_642555299781333549167.so
[02May2025 22:24:36.655] [Server thread/DEBUG] [io.netty.util.NetUtil/]: -Djava.net.preferIPv4Stack: false
[02May2025 22:24:36.655] [Server thread/DEBUG] [io.netty.util.NetUtil/]: -Djava.net.preferIPv6Addresses: true
[02May2025 22:24:36.657] [Server thread/DEBUG] [io.netty.util.NetUtilInitializations/]: Loopback interface: lo (lo, 0:0:0:0:0:0:0:1%lo)
[02May2025 22:24:36.660] [Server thread/DEBUG] [io.netty.util.NetUtil/]: /proc/sys/net/core/somaxconn: 4096
[02May2025 22:24:36.663] [Server thread/INFO] [net.minecraft.server.network.ServerConnectionListener/]: Using epoll channel type
[02May2025 22:24:36.681] [Server thread/DEBUG] [io.netty.channel.MultithreadEventLoopGroup/]: -Dio.netty.eventLoopThreads: 4
[02May2025 22:24:36.696] [Server thread/DEBUG] [io.netty.util.internal.InternalThreadLocalMap/]: -Dio.netty.threadLocalMap.stringBuilder.initialSize: 1024
[02May2025 22:24:36.696] [Server thread/DEBUG] [io.netty.util.internal.InternalThreadLocalMap/]: -Dio.netty.threadLocalMap.stringBuilder.maxSize: 4096
[02May2025 22:24:36.712] [Server thread/DEBUG] [io.netty.util.internal.PlatformDependent/]: org.jctools-core.MpscChunkedArrayQueue: available
[02May2025 22:24:36.727] [Server thread/DEBUG] [io.netty.channel.DefaultChannelId/]: -Dio.netty.processId: 10284 (auto-detected)
[02May2025 22:24:36.729] [Server thread/DEBUG] [io.netty.channel.DefaultChannelId/]: -Dio.netty.machineId: 7c:1e:52:ff:fe:25:98:0b (auto-detected)
[02May2025 22:24:36.772] [Server thread/DEBUG] [io.netty.buffer.PooledByteBufAllocator/]: -Dio.netty.allocator.numHeapArenas: 4
[02May2025 22:24:36.772] [Server thread/DEBUG] [io.netty.buffer.PooledByteBufAllocator/]: -Dio.netty.allocator.numDirectArenas: 4
[02May2025 22:24:36.772] [Server thread/DEBUG] [io.netty.buffer.PooledByteBufAllocator/]: -Dio.netty.allocator.pageSize: 8192
[02May2025 22:24:36.772] [Server thread/DEBUG] [io.netty.buffer.PooledByteBufAllocator/]: -Dio.netty.allocator.maxOrder: 9
[02May2025 22:24:36.772] [Server thread/DEBUG] [io.netty.buffer.PooledByteBufAllocator/]: -Dio.netty.allocator.chunkSize: 4194304
[02May2025 22:24:36.772] [Server thread/DEBUG] [io.netty.buffer.PooledByteBufAllocator/]: -Dio.netty.allocator.smallCacheSize: 256
[02May2025 22:24:36.772] [Server thread/DEBUG] [io.netty.buffer.PooledByteBufAllocator/]: -Dio.netty.allocator.normalCacheSize: 64
[02May2025 22:24:36.772] [Server thread/DEBUG] [io.netty.buffer.PooledByteBufAllocator/]: -Dio.netty.allocator.maxCachedBufferCapacity: 32768
[02May2025 22:24:36.772] [Server thread/DEBUG] [io.netty.buffer.PooledByteBufAllocator/]: -Dio.netty.allocator.cacheTrimInterval: 8192
[02May2025 22:24:36.772] [Server thread/DEBUG] [io.netty.buffer.PooledByteBufAllocator/]: -Dio.netty.allocator.cacheTrimIntervalMillis: 0
[02May2025 22:24:36.773] [Server thread/DEBUG] [io.netty.buffer.PooledByteBufAllocator/]: -Dio.netty.allocator.useCacheForAllThreads: false
[02May2025 22:24:36.773] [Server thread/DEBUG] [io.netty.buffer.PooledByteBufAllocator/]: -Dio.netty.allocator.maxCachedByteBuffersPerChunk: 1023
[02May2025 22:24:36.782] [Server thread/DEBUG] [io.netty.buffer.ByteBufUtil/]: -Dio.netty.allocator.type: pooled
[02May2025 22:24:36.783] [Server thread/DEBUG] [io.netty.buffer.ByteBufUtil/]: -Dio.netty.threadLocalDirectBufferSize: 0
[02May2025 22:24:36.783] [Server thread/DEBUG] [io.netty.buffer.ByteBufUtil/]: -Dio.netty.maxThreadLocalCharBufferSize: 16384
[02May2025 22:24:36.816] [Server thread/DEBUG] [mixin/]: Mixing common.access.registry.AccessRegistrySynchronization from crafttweaker.mixins.json into net.minecraft.core.RegistrySynchronization
[02May2025 22:24:36.818] [Server thread/DEBUG] [mixin/]: Renaming @Invoker method crafttweaker$callOwnedNetworkableRegistries(Lnet/minecraft/core/RegistryAccess;)Ljava/util/stream/Stream; to crafttweaker$callOwnedNetworkableRegistries_$md$4b0f64$0 in crafttweaker.mixins.json:common.access.registry.AccessRegistrySynchronization
[02May2025 22:24:36.824] [Server thread/DEBUG] [net.minecraftforge.fml.config.ConfigTracker/CONFIG]: Loading configs type SERVER
[02May2025 22:24:36.824] [Server thread/DEBUG] [net.minecraftforge.fml.config.ConfigFileTypeHandler/CONFIG]: Built TOML config for ./world/serverconfig/jei-server.toml
[02May2025 22:24:36.824] [Server thread/DEBUG] [net.minecraftforge.fml.config.ConfigFileTypeHandler/CONFIG]: Loaded TOML config file ./world/serverconfig/jei-server.toml
[02May2025 22:24:36.825] [Server thread/DEBUG] [net.minecraftforge.fml.config.ConfigFileTypeHandler/CONFIG]: Watching TOML config file ./world/serverconfig/jei-server.toml for changes
[02May2025 22:24:36.825] [Server thread/WARN] [net.minecraftforge.common.ForgeConfigSpec/CORE]: Configuration file ./world/serverconfig/jei-server.toml is not correct. Correcting
[02May2025 22:24:36.826] [Server thread/WARN] [net.minecraftforge.common.ForgeConfigSpec/CORE]: Incorrect key cheat mode was corrected from null to its default, SimpleCommentedConfig:{}. 
[02May2025 22:24:36.827] [Server thread/WARN] [net.minecraftforge.common.ForgeConfigSpec/CORE]: Incorrect key cheat mode.enableCheatModeForOp was corrected from null to its default, true. 
[02May2025 22:24:36.827] [Server thread/DEBUG] [net.minecraftforge.common.ForgeConfigSpec/CORE]: The comment on key cheat mode.enableCheatModeForOp does not match the spec. This may create a backup.
[02May2025 22:24:36.828] [Server thread/WARN] [net.minecraftforge.common.ForgeConfigSpec/CORE]: Incorrect key cheat mode.enableCheatModeForCreative was corrected from null to its default, true. 
[02May2025 22:24:36.828] [Server thread/DEBUG] [net.minecraftforge.common.ForgeConfigSpec/CORE]: The comment on key cheat mode.enableCheatModeForCreative does not match the spec. This may create a backup.
[02May2025 22:24:36.828] [Server thread/WARN] [net.minecraftforge.common.ForgeConfigSpec/CORE]: Incorrect key cheat mode.enableCheatModeForGive was corrected from null to its default, false. 
[02May2025 22:24:36.829] [Server thread/DEBUG] [net.minecraftforge.common.ForgeConfigSpec/CORE]: The comment on key cheat mode.enableCheatModeForGive does not match the spec. This may create a backup.
[02May2025 22:24:36.829] [Server thread/DEBUG] [net.minecraftforge.fml.config.ConfigFileTypeHandler/CONFIG]: Built TOML config for ./world/serverconfig/forge-server.toml
[02May2025 22:24:36.830] [Thread-2/DEBUG] [net.minecraftforge.fml.config.ConfigFileTypeHandler/CONFIG]: Config file jei-server.toml changed, sending notifies
[02May2025 22:24:36.830] [Server thread/DEBUG] [net.minecraftforge.fml.config.ConfigFileTypeHandler/CONFIG]: Loaded TOML config file ./world/serverconfig/forge-server.toml
[02May2025 22:24:36.831] [Server thread/DEBUG] [net.minecraftforge.fml.config.ConfigFileTypeHandler/CONFIG]: Watching TOML config file ./world/serverconfig/forge-server.toml for changes
[02May2025 22:24:36.831] [Server thread/WARN] [net.minecraftforge.common.ForgeConfigSpec/CORE]: Configuration file ./world/serverconfig/forge-server.toml is not correct. Correcting
[02May2025 22:24:36.835] [Server thread/WARN] [net.minecraftforge.common.ForgeConfigSpec/CORE]: Incorrect key server was corrected from null to its default, SimpleCommentedConfig:{}. 
[02May2025 22:24:36.835] [Server thread/WARN] [net.minecraftforge.common.ForgeConfigSpec/CORE]: Incorrect key server.removeErroringBlockEntities was corrected from null to its default, false. 
[02May2025 22:24:36.835] [Server thread/DEBUG] [net.minecraftforge.common.ForgeConfigSpec/CORE]: The comment on key server.removeErroringBlockEntities does not match the spec. This may create a backup.
[02May2025 22:24:36.835] [Server thread/WARN] [net.minecraftforge.common.ForgeConfigSpec/CORE]: Incorrect key server.removeErroringEntities was corrected from null to its default, false. 
[02May2025 22:24:36.835] [Server thread/DEBUG] [net.minecraftforge.common.ForgeConfigSpec/CORE]: The comment on key server.removeErroringEntities does not match the spec. This may create a backup.
[02May2025 22:24:36.835] [Server thread/WARN] [net.minecraftforge.common.ForgeConfigSpec/CORE]: Incorrect key server.fullBoundingBoxLadders was corrected from null to its default, false. 
[02May2025 22:24:36.842] [Server thread/DEBUG] [net.minecraftforge.common.ForgeConfigSpec/CORE]: The comment on key server.fullBoundingBoxLadders does not match the spec. This may create a backup.
[02May2025 22:24:36.842] [Server thread/WARN] [net.minecraftforge.common.ForgeConfigSpec/CORE]: Incorrect key server.zombieBaseSummonChance was corrected from null to its default, 0.1. 
[02May2025 22:24:36.844] [Server thread/DEBUG] [net.minecraftforge.common.ForgeConfigSpec/CORE]: The comment on key server.zombieBaseSummonChance does not match the spec. This may create a backup.
[02May2025 22:24:36.844] [Server thread/WARN] [net.minecraftforge.common.ForgeConfigSpec/CORE]: Incorrect key server.zombieBabyChance was corrected from null to its default, 0.05. 
[02May2025 22:24:36.845] [Server thread/DEBUG] [net.minecraftforge.common.ForgeConfigSpec/CORE]: The comment on key server.zombieBabyChance does not match the spec. This may create a backup.
[02May2025 22:24:36.845] [Server thread/WARN] [net.minecraftforge.common.ForgeConfigSpec/CORE]: Incorrect key server.permissionHandler was corrected from null to its default, forge:default_handler. 
[02May2025 22:24:36.847] [Server thread/DEBUG] [net.minecraftforge.common.ForgeConfigSpec/CORE]: The comment on key server.permissionHandler does not match the spec. This may create a backup.
[02May2025 22:24:36.847] [Server thread/WARN] [net.minecraftforge.common.ForgeConfigSpec/CORE]: Incorrect key server.advertiseDedicatedServerToLan was corrected from null to its default, true. 
[02May2025 22:24:36.847] [Server thread/DEBUG] [net.minecraftforge.common.ForgeConfigSpec/CORE]: The comment on key server.advertiseDedicatedServerToLan does not match the spec. This may create a backup.
[02May2025 22:24:36.847] [Server thread/WARN] [net.minecraftforge.common.ForgeConfigSpec/CORE]: Incorrect key server.useItemWithDurationZero was corrected from null to its default, false. 
[02May2025 22:24:36.847] [Server thread/DEBUG] [net.minecraftforge.common.ForgeConfigSpec/CORE]: The comment on key server.useItemWithDurationZero does not match the spec. This may create a backup.
[02May2025 22:24:36.847] [Server thread/DEBUG] [net.minecraftforge.common.ForgeConfigSpec/CORE]: The comment on key server does not match the spec. This may create a backup.
[02May2025 22:24:36.853] [Thread-2/DEBUG] [net.minecraftforge.fml.config.ConfigFileTypeHandler/CONFIG]: Config file forge-server.toml changed, sending notifies
[02May2025 22:24:36.853] [Thread-2/DEBUG] [net.minecraftforge.common.ForgeConfig/FORGEMOD]: Forge config just got changed on the file system!
[02May2025 22:24:36.855] [Server thread/DEBUG] [net.minecraftforge.common.ForgeConfig/FORGEMOD]: Loaded forge config file forge-server.toml
[02May2025 22:24:36.858] [Thread-2/DEBUG] [net.minecraftforge.fml.config.ConfigFileTypeHandler/CONFIG]: Config file forge-server.toml changed, sending notifies
[02May2025 22:24:36.858] [Thread-2/DEBUG] [net.minecraftforge.common.ForgeConfig/FORGEMOD]: Forge config just got changed on the file system!
[02May2025 22:24:36.859] [Thread-2/DEBUG] [net.minecraftforge.fml.config.ConfigFileTypeHandler/CONFIG]: Config file forge-server.toml changed, sending notifies
[02May2025 22:24:36.859] [Thread-2/DEBUG] [net.minecraftforge.common.ForgeConfig/FORGEMOD]: Forge config just got changed on the file system!
[02May2025 22:24:36.860] [Server thread/DEBUG] [net.minecraftforge.fml.config.ConfigFileTypeHandler/CONFIG]: Built TOML config for ./world/serverconfig/cofh_core-server.toml
[02May2025 22:24:36.860] [Server thread/DEBUG] [net.minecraftforge.fml.config.ConfigFileTypeHandler/CONFIG]: Loaded TOML config file ./world/serverconfig/cofh_core-server.toml
[02May2025 22:24:36.860] [Server thread/DEBUG] [net.minecraftforge.fml.config.ConfigFileTypeHandler/CONFIG]: Watching TOML config file ./world/serverconfig/cofh_core-server.toml for changes
[02May2025 22:24:36.861] [Server thread/WARN] [net.minecraftforge.common.ForgeConfigSpec/CORE]: Configuration file ./world/serverconfig/cofh_core-server.toml is not correct. Correcting
[02May2025 22:24:36.861] [Server thread/WARN] [net.minecraftforge.common.ForgeConfigSpec/CORE]: Incorrect key Commands was corrected from null to its default, SimpleCommentedConfig:{}. 
[02May2025 22:24:36.862] [Server thread/WARN] [net.minecraftforge.common.ForgeConfigSpec/CORE]: Incorrect key Commands.Crafting Permission Level was corrected from null to its default, 2. 
[02May2025 22:24:36.862] [Server thread/DEBUG] [net.minecraftforge.common.ForgeConfigSpec/CORE]: The comment on key Commands.Crafting Permission Level does not match the spec. This may create a backup.
[02May2025 22:24:36.862] [Server thread/WARN] [net.minecraftforge.common.ForgeConfigSpec/CORE]: Incorrect key Commands.EnderChest Permission Level was corrected from null to its default, 2. 
[02May2025 22:24:36.865] [Server thread/DEBUG] [net.minecraftforge.common.ForgeConfigSpec/CORE]: The comment on key Commands.EnderChest Permission Level does not match the spec. This may create a backup.
[02May2025 22:24:36.865] [Server thread/WARN] [net.minecraftforge.common.ForgeConfigSpec/CORE]: Incorrect key Commands.Heal Permission Level was corrected from null to its default, 2. 
[02May2025 22:24:36.865] [Server thread/DEBUG] [net.minecraftforge.common.ForgeConfigSpec/CORE]: The comment on key Commands.Heal Permission Level does not match the spec. This may create a backup.
[02May2025 22:24:36.865] [Server thread/WARN] [net.minecraftforge.common.ForgeConfigSpec/CORE]: Incorrect key Commands.Ignite Permission Level was corrected from null to its default, 2. 
[02May2025 22:24:36.865] [Server thread/DEBUG] [net.minecraftforge.common.ForgeConfigSpec/CORE]: The comment on key Commands.Ignite Permission Level does not match the spec. This may create a backup.
[02May2025 22:24:36.865] [Server thread/WARN] [net.minecraftforge.common.ForgeConfigSpec/CORE]: Incorrect key Commands.Repair Permission Level was corrected from null to its default, 2. 
[02May2025 22:24:36.865] [Server thread/DEBUG] [net.minecraftforge.common.ForgeConfigSpec/CORE]: The comment on key Commands.Repair Permission Level does not match the spec. This may create a backup.
[02May2025 22:24:36.866] [Server thread/WARN] [net.minecraftforge.common.ForgeConfigSpec/CORE]: Incorrect key Enchantments was corrected from null to its default, SimpleCommentedConfig:{}. 
[02May2025 22:24:36.866] [Server thread/WARN] [net.minecraftforge.common.ForgeConfigSpec/CORE]: Incorrect key Enchantments.Improved Feather Falling was corrected from null to its default, true. 
[02May2025 22:24:36.866] [Server thread/DEBUG] [net.minecraftforge.common.ForgeConfigSpec/CORE]: The comment on key Enchantments.Improved Feather Falling does not match the spec. This may create a backup.
[02May2025 22:24:36.866] [Server thread/WARN] [net.minecraftforge.common.ForgeConfigSpec/CORE]: Incorrect key Enchantments.Improved Mending was corrected from null to its default, true. 
[02May2025 22:24:36.866] [Server thread/DEBUG] [net.minecraftforge.common.ForgeConfigSpec/CORE]: The comment on key Enchantments.Improved Mending does not match the spec. This may create a backup.
[02May2025 22:24:36.866] [Server thread/WARN] [net.minecraftforge.common.ForgeConfigSpec/CORE]: Incorrect key Enchantments.Holding was corrected from null to its default, SimpleCommentedConfig:{}. 
[02May2025 22:24:36.866] [Server thread/WARN] [net.minecraftforge.common.ForgeConfigSpec/CORE]: Incorrect key Enchantments.Holding.Enable was corrected from null to its default, true. 
[02May2025 22:24:36.868] [Server thread/DEBUG] [net.minecraftforge.common.ForgeConfigSpec/CORE]: The comment on key Enchantments.Holding.Enable does not match the spec. This may create a backup.
[02May2025 22:24:36.868] [Server thread/WARN] [net.minecraftforge.common.ForgeConfigSpec/CORE]: Incorrect key Enchantments.Holding.Treasure was corrected from null to its default, false. 
[02May2025 22:24:36.873] [Server thread/DEBUG] [net.minecraftforge.common.ForgeConfigSpec/CORE]: The comment on key Enchantments.Holding.Treasure does not match the spec. This may create a backup.
[02May2025 22:24:36.873] [Server thread/WARN] [net.minecraftforge.common.ForgeConfigSpec/CORE]: Incorrect key Enchantments.Holding.Max Level was corrected from null to its default, 4. 
[02May2025 22:24:36.876] [Server thread/DEBUG] [net.minecraftforge.common.ForgeConfigSpec/CORE]: The comment on key Enchantments.Holding.Max Level does not match the spec. This may create a backup.
[02May2025 22:24:36.877] [Server thread/DEBUG] [net.minecraftforge.fml.config.ConfigFileTypeHandler/CONFIG]: Built TOML config for ./world/serverconfig/redstone_arsenal-server.toml
[02May2025 22:24:36.877] [Server thread/DEBUG] [net.minecraftforge.fml.config.ConfigFileTypeHandler/CONFIG]: Loaded TOML config file ./world/serverconfig/redstone_arsenal-server.toml
[02May2025 22:24:36.877] [Server thread/DEBUG] [net.minecraftforge.fml.config.ConfigFileTypeHandler/CONFIG]: Watching TOML config file ./world/serverconfig/redstone_arsenal-server.toml for changes
[02May2025 22:24:36.877] [Server thread/WARN] [net.minecraftforge.common.ForgeConfigSpec/CORE]: Configuration file ./world/serverconfig/redstone_arsenal-server.toml is not correct. Correcting
[02May2025 22:24:36.878] [Thread-2/DEBUG] [net.minecraftforge.fml.config.ConfigFileTypeHandler/CONFIG]: Config file cofh_core-server.toml changed, sending notifies
[02May2025 22:24:36.878] [Server thread/WARN] [net.minecraftforge.common.ForgeConfigSpec/CORE]: Incorrect key Global Options was corrected from null to its default, SimpleCommentedConfig:{}. 
[02May2025 22:24:36.881] [Server thread/WARN] [net.minecraftforge.common.ForgeConfigSpec/CORE]: Incorrect key Global Options.Standalone Redstone Flux was corrected from null to its default, false. 
[02May2025 22:24:36.881] [Server thread/DEBUG] [net.minecraftforge.common.ForgeConfigSpec/CORE]: The comment on key Global Options.Standalone Redstone Flux does not match the spec. This may create a backup.
[02May2025 22:24:36.882] [Server thread/DEBUG] [net.minecraftforge.fml.config.ConfigFileTypeHandler/CONFIG]: Built TOML config for ./world/serverconfig/curios-server.toml
[02May2025 22:24:36.882] [Server thread/DEBUG] [net.minecraftforge.fml.config.ConfigFileTypeHandler/CONFIG]: Loaded TOML config file ./world/serverconfig/curios-server.toml
[02May2025 22:24:36.882] [Thread-2/DEBUG] [net.minecraftforge.fml.config.ConfigFileTypeHandler/CONFIG]: Config file redstone_arsenal-server.toml changed, sending notifies
[02May2025 22:24:36.882] [Server thread/DEBUG] [net.minecraftforge.fml.config.ConfigFileTypeHandler/CONFIG]: Watching TOML config file ./world/serverconfig/curios-server.toml for changes
[02May2025 22:24:36.882] [Server thread/WARN] [net.minecraftforge.common.ForgeConfigSpec/CORE]: Configuration file ./world/serverconfig/curios-server.toml is not correct. Correcting
[02May2025 22:24:36.883] [Server thread/WARN] [net.minecraftforge.common.ForgeConfigSpec/CORE]: Incorrect key keepCurios was corrected from null to its default, DEFAULT. 
[02May2025 22:24:36.886] [Server thread/DEBUG] [net.minecraftforge.common.ForgeConfigSpec/CORE]: The comment on key keepCurios does not match the spec. This may create a backup.
[02May2025 22:24:36.886] [Server thread/WARN] [net.minecraftforge.common.ForgeConfigSpec/CORE]: Incorrect key menu was corrected from null to its default, SimpleCommentedConfig:{}. 
[02May2025 22:24:36.886] [Server thread/WARN] [net.minecraftforge.common.ForgeConfigSpec/CORE]: Incorrect key menu.enableLegacyMenu was corrected from null to its default, false. 
[02May2025 22:24:36.887] [Server thread/DEBUG] [net.minecraftforge.common.ForgeConfigSpec/CORE]: The comment on key menu.enableLegacyMenu does not match the spec. This may create a backup.
[02May2025 22:24:36.887] [Server thread/WARN] [net.minecraftforge.common.ForgeConfigSpec/CORE]: Incorrect key menu.experimental was corrected from null to its default, SimpleCommentedConfig:{}. 
[02May2025 22:24:36.887] [Server thread/WARN] [net.minecraftforge.common.ForgeConfigSpec/CORE]: Incorrect key menu.experimental.minimumColumns was corrected from null to its default, 1. 
[02May2025 22:24:36.888] [Server thread/DEBUG] [net.minecraftforge.common.ForgeConfigSpec/CORE]: The comment on key menu.experimental.minimumColumns does not match the spec. This may create a backup.
[02May2025 22:24:36.888] [Server thread/WARN] [net.minecraftforge.common.ForgeConfigSpec/CORE]: Incorrect key menu.experimental.maxSlotsPerPage was corrected from null to its default, 48. 
[02May2025 22:24:36.888] [Server thread/DEBUG] [net.minecraftforge.common.ForgeConfigSpec/CORE]: The comment on key menu.experimental.maxSlotsPerPage does not match the spec. This may create a backup.
[02May2025 22:24:36.890] [Server thread/DEBUG] [net.minecraftforge.fml.config.ConfigFileTypeHandler/CONFIG]: Built TOML config for /workspaces/moddedserver/config/Mekanism/general.toml
[02May2025 22:24:36.890] [Server thread/DEBUG] [net.minecraftforge.fml.config.ConfigFileTypeHandler/CONFIG]: Loaded TOML config file /workspaces/moddedserver/config/Mekanism/general.toml
[02May2025 22:24:36.892] [Server thread/DEBUG] [net.minecraftforge.fml.config.ConfigFileTypeHandler/CONFIG]: Watching TOML config file /workspaces/moddedserver/config/Mekanism/general.toml for changes
[02May2025 22:24:36.892] [Server thread/WARN] [net.minecraftforge.common.ForgeConfigSpec/CORE]: Configuration file /workspaces/moddedserver/config/Mekanism/general.toml is not correct. Correcting
[02May2025 22:24:36.892] [Server thread/WARN] [net.minecraftforge.common.ForgeConfigSpec/CORE]: Incorrect key general was corrected from null to its default, SimpleCommentedConfig:{}. 
[02May2025 22:24:36.893] [Server thread/WARN] [net.minecraftforge.common.ForgeConfigSpec/CORE]: Incorrect key general.logPackets was corrected from null to its default, false. 
[02May2025 22:24:36.893] [Server thread/DEBUG] [net.minecraftforge.common.ForgeConfigSpec/CORE]: The comment on key general.logPackets does not match the spec. This may create a backup.
[02May2025 22:24:36.893] [Server thread/WARN] [net.minecraftforge.common.ForgeConfigSpec/CORE]: Incorrect key general.allowChunkloading was corrected from null to its default, true. 
[02May2025 22:24:36.894] [Server thread/DEBUG] [net.minecraftforge.common.ForgeConfigSpec/CORE]: The comment on key general.allowChunkloading does not match the spec. This may create a backup.
[02May2025 22:24:36.894] [Server thread/WARN] [net.minecraftforge.common.ForgeConfigSpec/CORE]: Incorrect key general.easyMinerFilters was corrected from null to its default, false. 
[02May2025 22:24:36.896] [Server thread/DEBUG] [net.minecraftforge.common.ForgeConfigSpec/CORE]: The comment on key general.easyMinerFilters does not match the spec. This may create a backup.
[02May2025 22:24:36.896] [Server thread/WARN] [net.minecraftforge.common.ForgeConfigSpec/CORE]: Incorrect key general.blockDeactivationDelay was corrected from null to its default, 60. 
[02May2025 22:24:36.896] [Server thread/DEBUG] [net.minecraftforge.common.ForgeConfigSpec/CORE]: The comment on key general.blockDeactivationDelay does not match the spec. This may create a backup.
[02May2025 22:24:36.896] [Server thread/DEBUG] [net.minecraftforge.common.ForgeConfigSpec/CORE]: List on key cardboardModBlacklist is deemed to need correction, as it is null or not a list.
[02May2025 22:24:36.896] [Server thread/WARN] [net.minecraftforge.common.ForgeConfigSpec/CORE]: Incorrect key general.cardboardModBlacklist was corrected from null to its default, []. 
[02May2025 22:24:36.897] [Server thread/DEBUG] [net.minecraftforge.common.ForgeConfigSpec/CORE]: The comment on key general.cardboardModBlacklist does not match the spec. This may create a backup.
[02May2025 22:24:36.897] [Server thread/WARN] [net.minecraftforge.common.ForgeConfigSpec/CORE]: Incorrect key general.transmitterAlloyUpgrade was corrected from null to its default, true. 
[02May2025 22:24:36.897] [Server thread/DEBUG] [net.minecraftforge.common.ForgeConfigSpec/CORE]: The comment on key general.transmitterAlloyUpgrade does not match the spec. This may create a backup.
[02May2025 22:24:36.897] [Server thread/WARN] [net.minecraftforge.common.ForgeConfigSpec/CORE]: Incorrect key general.maxUpgradeMultiplier was corrected from null to its default, 10. 
[02May2025 22:24:36.898] [Server thread/DEBUG] [net.minecraftforge.common.ForgeConfigSpec/CORE]: The comment on key general.maxUpgradeMultiplier does not match the spec. This may create a backup.
[02May2025 22:24:36.898] [Server thread/WARN] [net.minecraftforge.common.ForgeConfigSpec/CORE]: Incorrect key general.boilerWaterConductivity was corrected from null to its default, 0.7. 
[02May2025 22:24:36.898] [Server thread/DEBUG] [net.minecraftforge.common.ForgeConfigSpec/CORE]: The comment on key general.boilerWaterConductivity does not match the spec. This may create a backup.
[02May2025 22:24:36.898] [Server thread/WARN] [net.minecraftforge.common.ForgeConfigSpec/CORE]: Incorrect key general.heatPerFuelTick was corrected from null to its default, 400.0. 
[02May2025 22:24:36.898] [Server thread/DEBUG] [net.minecraftforge.common.ForgeConfigSpec/CORE]: The comment on key general.heatPerFuelTick does not match the spec. This may create a backup.
[02May2025 22:24:36.898] [Server thread/WARN] [net.minecraftforge.common.ForgeConfigSpec/CORE]: Incorrect key general.fuelwoodTickMultiplier was corrected from null to its default, 1. 
[02May2025 22:24:36.898] [Server thread/DEBUG] [net.minecraftforge.common.ForgeConfigSpec/CORE]: The comment on key general.fuelwoodTickMultiplier does not match the spec. This may create a backup.
[02May2025 22:24:36.899] [Server thread/WARN] [net.minecraftforge.common.ForgeConfigSpec/CORE]: Incorrect key general.resistiveHeaterEfficiency was corrected from null to its default, 0.6. 
[02May2025 22:24:36.899] [Server thread/DEBUG] [net.minecraftforge.common.ForgeConfigSpec/CORE]: The comment on key general.resistiveHeaterEfficiency does not match the spec. This may create a backup.
[02May2025 22:24:36.899] [Server thread/WARN] [net.minecraftforge.common.ForgeConfigSpec/CORE]: Incorrect key general.superheatingHeatTransfer was corrected from null to its default, 1.6E7. 
[02May2025 22:24:36.899] [Server thread/DEBUG] [net.minecraftforge.common.ForgeConfigSpec/CORE]: The comment on key general.superheatingHeatTransfer does not match the spec. This may create a backup.
[02May2025 22:24:36.899] [Server thread/WARN] [net.minecraftforge.common.ForgeConfigSpec/CORE]: Incorrect key general.maxSolarNeutronActivatorRate was corrected from null to its default, 64. 
[02May2025 22:24:36.899] [Server thread/DEBUG] [net.minecraftforge.common.ForgeConfigSpec/CORE]: The comment on key general.maxSolarNeutronActivatorRate does not match the spec. This may create a backup.
[02May2025 22:24:36.899] [Server thread/WARN] [net.minecraftforge.common.ForgeConfigSpec/CORE]: Incorrect key general.dynamic_tank was corrected from null to its default, SimpleCommentedConfig:{}. 
[02May2025 22:24:36.899] [Server thread/WARN] [net.minecraftforge.common.ForgeConfigSpec/CORE]: Incorrect key general.dynamic_tank.fluidPerTank was corrected from null to its default, 350000. 
[02May2025 22:24:36.905] [Server thread/DEBUG] [net.minecraftforge.common.ForgeConfigSpec/CORE]: The comment on key general.dynamic_tank.fluidPerTank does not match the spec. This may create a backup.
[02May2025 22:24:36.907] [Server thread/WARN] [net.minecraftforge.common.ForgeConfigSpec/CORE]: Incorrect key general.dynamic_tank.chemicalPerTank was corrected from null to its default, 16000000. 
[02May2025 22:24:36.908] [Server thread/DEBUG] [net.minecraftforge.common.ForgeConfigSpec/CORE]: The comment on key general.dynamic_tank.chemicalPerTank does not match the spec. This may create a backup.
[02May2025 22:24:36.908] [Server thread/DEBUG] [net.minecraftforge.common.ForgeConfigSpec/CORE]: The comment on key general.dynamic_tank does not match the spec. This may create a backup.
[02May2025 22:24:36.909] [Server thread/WARN] [net.minecraftforge.common.ForgeConfigSpec/CORE]: Incorrect key general.auto_eject was corrected from null to its default, SimpleCommentedConfig:{}. 
[02May2025 22:24:36.910] [Server thread/WARN] [net.minecraftforge.common.ForgeConfigSpec/CORE]: Incorrect key general.auto_eject.fluid was corrected from null to its default, 1024. 
[02May2025 22:24:36.912] [Server thread/DEBUG] [net.minecraftforge.common.ForgeConfigSpec/CORE]: The comment on key general.auto_eject.fluid does not match the spec. This may create a backup.
[02May2025 22:24:36.913] [Server thread/WARN] [net.minecraftforge.common.ForgeConfigSpec/CORE]: Incorrect key general.auto_eject.chemical was corrected from null to its default, 1024. 
[02May2025 22:24:36.915] [Server thread/DEBUG] [net.minecraftforge.common.ForgeConfigSpec/CORE]: The comment on key general.auto_eject.chemical does not match the spec. This may create a backup.
[02May2025 22:24:36.915] [Server thread/WARN] [net.minecraftforge.common.ForgeConfigSpec/CORE]: Incorrect key general.auto_eject.dumpExcessKeepRatio was corrected from null to its default, 0.9. 
[02May2025 22:24:36.916] [Server thread/DEBUG] [net.minecraftforge.common.ForgeConfigSpec/CORE]: The comment on key general.auto_eject.dumpExcessKeepRatio does not match the spec. This may create a backup.
[02May2025 22:24:36.916] [Server thread/DEBUG] [net.minecraftforge.common.ForgeConfigSpec/CORE]: The comment on key general.auto_eject does not match the spec. This may create a backup.
[02May2025 22:24:36.916] [Server thread/WARN] [net.minecraftforge.common.ForgeConfigSpec/CORE]: Incorrect key general.prefilled was corrected from null to its default, SimpleCommentedConfig:{}. 
[02May2025 22:24:36.919] [Server thread/WARN] [net.minecraftforge.common.ForgeConfigSpec/CORE]: Incorrect key general.prefilled.fluidTanks was corrected from null to its default, true. 
[02May2025 22:24:36.921] [Server thread/DEBUG] [net.minecraftforge.common.ForgeConfigSpec/CORE]: The comment on key general.prefilled.fluidTanks does not match the spec. This may create a backup.
[02May2025 22:24:36.921] [Server thread/WARN] [net.minecraftforge.common.ForgeConfigSpec/CORE]: Incorrect key general.prefilled.gasTanks was corrected from null to its default, true. 
[02May2025 22:24:36.926] [Server thread/DEBUG] [net.minecraftforge.common.ForgeConfigSpec/CORE]: The comment on key general.prefilled.gasTanks does not match the spec. This may create a backup.
[02May2025 22:24:36.926] [Server thread/WARN] [net.minecraftforge.common.ForgeConfigSpec/CORE]: Incorrect key general.prefilled.infusionTanks was corrected from null to its default, true. 
[02May2025 22:24:36.926] [Server thread/DEBUG] [net.minecraftforge.common.ForgeConfigSpec/CORE]: The comment on key general.prefilled.infusionTanks does not match the spec. This may create a backup.
[02May2025 22:24:36.926] [Server thread/WARN] [net.minecraftforge.common.ForgeConfigSpec/CORE]: Incorrect key general.prefilled.pigmentTanks was corrected from null to its default, true. 
[02May2025 22:24:36.927] [Server thread/DEBUG] [net.minecraftforge.common.ForgeConfigSpec/CORE]: The comment on key general.prefilled.pigmentTanks does not match the spec. This may create a backup.
[02May2025 22:24:36.927] [Server thread/WARN] [net.minecraftforge.common.ForgeConfigSpec/CORE]: Incorrect key general.prefilled.slurryTanks was corrected from null to its default, true. 
[02May2025 22:24:36.927] [Server thread/DEBUG] [net.minecraftforge.common.ForgeConfigSpec/CORE]: The comment on key general.prefilled.slurryTanks does not match the spec. This may create a backup.
[02May2025 22:24:36.927] [Server thread/DEBUG] [net.minecraftforge.common.ForgeConfigSpec/CORE]: The comment on key general.prefilled does not match the spec. This may create a backup.
[02May2025 22:24:36.927] [Server thread/WARN] [net.minecraftforge.common.ForgeConfigSpec/CORE]: Incorrect key general.energy_conversion was corrected from null to its default, SimpleCommentedConfig:{}. 
[02May2025 22:24:36.929] [Server thread/WARN] [net.minecraftforge.common.ForgeConfigSpec/CORE]: Incorrect key general.energy_conversion.blacklistIC2 was corrected from null to its default, false. 
[02May2025 22:24:36.929] [Server thread/DEBUG] [net.minecraftforge.common.ForgeConfigSpec/CORE]: The comment on key general.energy_conversion.blacklistIC2 does not match the spec. This may create a backup.
[02May2025 22:24:36.929] [Server thread/WARN] [net.minecraftforge.common.ForgeConfigSpec/CORE]: Incorrect key general.energy_conversion.euConversionRate was corrected from null to its default, 10. 
[02May2025 22:24:36.929] [Server thread/DEBUG] [net.minecraftforge.common.ForgeConfigSpec/CORE]: The comment on key general.energy_conversion.euConversionRate does not match the spec. This may create a backup.
[02May2025 22:24:36.929] [Server thread/WARN] [net.minecraftforge.common.ForgeConfigSpec/CORE]: Incorrect key general.energy_conversion.blacklistForge was corrected from null to its default, false. 
[02May2025 22:24:36.929] [Server thread/DEBUG] [net.minecraftforge.common.ForgeConfigSpec/CORE]: The comment on key general.energy_conversion.blacklistForge does not match the spec. This may create a backup.
[02May2025 22:24:36.929] [Server thread/WARN] [net.minecraftforge.common.ForgeConfigSpec/CORE]: Incorrect key general.energy_conversion.feConversionRate was corrected from null to its default, 2.5000. 
[02May2025 22:24:36.930] [Server thread/DEBUG] [net.minecraftforge.common.ForgeConfigSpec/CORE]: The comment on key general.energy_conversion.feConversionRate does not match the spec. This may create a backup.
[02May2025 22:24:36.931] [Server thread/WARN] [net.minecraftforge.common.ForgeConfigSpec/CORE]: Incorrect key general.energy_conversion.blacklistFluxNetworks was corrected from null to its default, false. 
[02May2025 22:24:36.931] [Server thread/DEBUG] [net.minecraftforge.common.ForgeConfigSpec/CORE]: The comment on key general.energy_conversion.blacklistFluxNetworks does not match the spec. This may create a backup.
[02May2025 22:24:36.932] [Server thread/WARN] [net.minecraftforge.common.ForgeConfigSpec/CORE]: Incorrect key general.energy_conversion.HydrogenEnergyDensity was corrected from null to its default, 200. 
[02May2025 22:24:36.932] [Server thread/DEBUG] [net.minecraftforge.common.ForgeConfigSpec/CORE]: The comment on key general.energy_conversion.HydrogenEnergyDensity does not match the spec. This may create a backup.
[02May2025 22:24:36.932] [Server thread/WARN] [net.minecraftforge.common.ForgeConfigSpec/CORE]: Incorrect key general.energy_conversion.maxEnergyPerSteam was corrected from null to its default, 10. 
[02May2025 22:24:36.935] [Server thread/DEBUG] [net.minecraftforge.common.ForgeConfigSpec/CORE]: The comment on key general.energy_conversion.maxEnergyPerSteam does not match the spec. This may create a backup.
[02May2025 22:24:36.935] [Server thread/DEBUG] [net.minecraftforge.common.ForgeConfigSpec/CORE]: The comment on key general.energy_conversion does not match the spec. This may create a backup.
[02May2025 22:24:36.936] [Server thread/WARN] [net.minecraftforge.common.ForgeConfigSpec/CORE]: Incorrect key general.radiation was corrected from null to its default, SimpleCommentedConfig:{}. 
[02May2025 22:24:36.936] [Server thread/WARN] [net.minecraftforge.common.ForgeConfigSpec/CORE]: Incorrect key general.radiation.radiationEnabled was corrected from null to its default, true. 
[02May2025 22:24:36.937] [Server thread/DEBUG] [net.minecraftforge.common.ForgeConfigSpec/CORE]: The comment on key general.radiation.radiationEnabled does not match the spec. This may create a backup.
[02May2025 22:24:36.937] [Server thread/WARN] [net.minecraftforge.common.ForgeConfigSpec/CORE]: Incorrect key general.radiation.chunkCheckRadius was corrected from null to its default, 5. 
[02May2025 22:24:36.939] [Server thread/DEBUG] [net.minecraftforge.common.ForgeConfigSpec/CORE]: The comment on key general.radiation.chunkCheckRadius does not match the spec. This may create a backup.
[02May2025 22:24:36.939] [Server thread/WARN] [net.minecraftforge.common.ForgeConfigSpec/CORE]: Incorrect key general.radiation.sourceDecayRate was corrected from null to its default, 0.9995. 
[02May2025 22:24:36.942] [Server thread/DEBUG] [net.minecraftforge.common.ForgeConfigSpec/CORE]: The comment on key general.radiation.sourceDecayRate does not match the spec. This may create a backup.
[02May2025 22:24:36.942] [Server thread/WARN] [net.minecraftforge.common.ForgeConfigSpec/CORE]: Incorrect key general.radiation.targetDecayRate was corrected from null to its default, 0.9995. 
[02May2025 22:24:36.943] [Server thread/DEBUG] [net.minecraftforge.common.ForgeConfigSpec/CORE]: The comment on key general.radiation.targetDecayRate does not match the spec. This may create a backup.
[02May2025 22:24:36.944] [Server thread/WARN] [net.minecraftforge.common.ForgeConfigSpec/CORE]: Incorrect key general.radiation.negativeEffectsMinSeverity was corrected from null to its default, 0.1. 
[02May2025 22:24:36.946] [Server thread/DEBUG] [net.minecraftforge.common.ForgeConfigSpec/CORE]: The comment on key general.radiation.negativeEffectsMinSeverity does not match the spec. This may create a backup.
[02May2025 22:24:36.947] [Server thread/WARN] [net.minecraftforge.common.ForgeConfigSpec/CORE]: Incorrect key general.radiation.radioactiveWasteBarrelMaxGas was corrected from null to its default, 512000. 
[02May2025 22:24:36.947] [Server thread/DEBUG] [net.minecraftforge.common.ForgeConfigSpec/CORE]: The comment on key general.radiation.radioactiveWasteBarrelMaxGas does not match the spec. This may create a backup.
[02May2025 22:24:36.948] [Server thread/WARN] [net.minecraftforge.common.ForgeConfigSpec/CORE]: Incorrect key general.radiation.radioactiveWasteBarrelProcessTicks was corrected from null to its default, 20. 
[02May2025 22:24:36.948] [Server thread/DEBUG] [net.minecraftforge.common.ForgeConfigSpec/CORE]: The comment on key general.radiation.radioactiveWasteBarrelProcessTicks does not match the spec. This may create a backup.
[02May2025 22:24:36.948] [Server thread/WARN] [net.minecraftforge.common.ForgeConfigSpec/CORE]: Incorrect key general.radiation.radioactiveWasteBarrelDecayAmount was corrected from null to its default, 1. 
[02May2025 22:24:36.948] [Server thread/DEBUG] [net.minecraftforge.common.ForgeConfigSpec/CORE]: The comment on key general.radiation.radioactiveWasteBarrelDecayAmount does not match the spec. This may create a backup.
[02May2025 22:24:36.948] [Server thread/DEBUG] [net.minecraftforge.common.ForgeConfigSpec/CORE]: The comment on key general.radiation does not match the spec. This may create a backup.
[02May2025 22:24:36.948] [Server thread/WARN] [net.minecraftforge.common.ForgeConfigSpec/CORE]: Incorrect key general.digital_miner was corrected from null to its default, SimpleCommentedConfig:{}. 
[02May2025 22:24:36.948] [Server thread/WARN] [net.minecraftforge.common.ForgeConfigSpec/CORE]: Incorrect key general.digital_miner.silkMultiplier was corrected from null to its default, 12. 
[02May2025 22:24:36.948] [Server thread/DEBUG] [net.minecraftforge.common.ForgeConfigSpec/CORE]: The comment on key general.digital_miner.silkMultiplier does not match the spec. This may create a backup.
[02May2025 22:24:36.953] [Server thread/WARN] [net.minecraftforge.common.ForgeConfigSpec/CORE]: Incorrect key general.digital_miner.maxRadius was corrected from null to its default, 32. 
[02May2025 22:24:36.955] [Server thread/DEBUG] [net.minecraftforge.common.ForgeConfigSpec/CORE]: The comment on key general.digital_miner.maxRadius does not match the spec. This may create a backup.
[02May2025 22:24:36.960] [Server thread/WARN] [net.minecraftforge.common.ForgeConfigSpec/CORE]: Incorrect key general.digital_miner.ticksPerMine was corrected from null to its default, 80. 
[02May2025 22:24:36.960] [Server thread/DEBUG] [net.minecraftforge.common.ForgeConfigSpec/CORE]: The comment on key general.digital_miner.ticksPerMine does not match the spec. This may create a backup.
[02May2025 22:24:36.960] [Server thread/DEBUG] [net.minecraftforge.common.ForgeConfigSpec/CORE]: The comment on key general.digital_miner does not match the spec. This may create a backup.
[02May2025 22:24:36.960] [Server thread/WARN] [net.minecraftforge.common.ForgeConfigSpec/CORE]: Incorrect key general.laser was corrected from null to its default, SimpleCommentedConfig:{}. 
[02May2025 22:24:36.960] [Server thread/WARN] [net.minecraftforge.common.ForgeConfigSpec/CORE]: Incorrect key general.laser.aestheticWorldDamage was corrected from null to its default, true. 
[02May2025 22:24:36.961] [Server thread/DEBUG] [net.minecraftforge.common.ForgeConfigSpec/CORE]: The comment on key general.laser.aestheticWorldDamage does not match the spec. This may create a backup.
[02May2025 22:24:36.961] [Server thread/WARN] [net.minecraftforge.common.ForgeConfigSpec/CORE]: Incorrect key general.laser.range was corrected from null to its default, 64. 
[02May2025 22:24:36.963] [Server thread/DEBUG] [net.minecraftforge.common.ForgeConfigSpec/CORE]: The comment on key general.laser.range does not match the spec. This may create a backup.
[02May2025 22:24:36.963] [Server thread/WARN] [net.minecraftforge.common.ForgeConfigSpec/CORE]: Incorrect key general.laser.energyNeededPerHardness was corrected from null to its default, 100000. 
[02May2025 22:24:36.963] [Server thread/DEBUG] [net.minecraftforge.common.ForgeConfigSpec/CORE]: The comment on key general.laser.energyNeededPerHardness does not match the spec. This may create a backup.
[02May2025 22:24:36.963] [Server thread/WARN] [net.minecraftforge.common.ForgeConfigSpec/CORE]: Incorrect key general.laser.energyPerDamage was corrected from null to its default, 2500. 
[02May2025 22:24:36.964] [Server thread/DEBUG] [net.minecraftforge.common.ForgeConfigSpec/CORE]: The comment on key general.laser.energyPerDamage does not match the spec. This may create a backup.
[02May2025 22:24:36.964] [Server thread/DEBUG] [net.minecraftforge.common.ForgeConfigSpec/CORE]: The comment on key general.laser does not match the spec. This may create a backup.
[02May2025 22:24:36.964] [Server thread/WARN] [net.minecraftforge.common.ForgeConfigSpec/CORE]: Incorrect key general.oredictionificator was corrected from null to its default, SimpleCommentedConfig:{}. 
[02May2025 22:24:36.964] [Server thread/DEBUG] [net.minecraftforge.common.ForgeConfigSpec/CORE]: List on key validItemFilters is deemed to need correction, as it is null or not a list.
[02May2025 22:24:36.974] [Server thread/WARN] [net.minecraftforge.common.ForgeConfigSpec/CORE]: Incorrect key general.oredictionificator.validItemFilters was corrected from null to its default, [forge:dusts/, forge:ingots/, forge:nuggets/, forge:ores/, forge:raw_materials/, forge:storage_blocks/]. 
[02May2025 22:24:36.975] [Server thread/DEBUG] [net.minecraftforge.common.ForgeConfigSpec/CORE]: The comment on key general.oredictionificator.validItemFilters does not match the spec. This may create a backup.
[02May2025 22:24:36.975] [Server thread/DEBUG] [net.minecraftforge.common.ForgeConfigSpec/CORE]: The comment on key general.oredictionificator does not match the spec. This may create a backup.
[02May2025 22:24:36.976] [Server thread/WARN] [net.minecraftforge.common.ForgeConfigSpec/CORE]: Incorrect key general.pump was corrected from null to its default, SimpleCommentedConfig:{}. 
[02May2025 22:24:36.977] [Server thread/WARN] [net.minecraftforge.common.ForgeConfigSpec/CORE]: Incorrect key general.pump.maxPumpRange was corrected from null to its default, 80. 
[02May2025 22:24:36.977] [Server thread/DEBUG] [net.minecraftforge.common.ForgeConfigSpec/CORE]: The comment on key general.pump.maxPumpRange does not match the spec. This may create a backup.
[02May2025 22:24:36.977] [Server thread/WARN] [net.minecraftforge.common.ForgeConfigSpec/CORE]: Incorrect key general.pump.pumpWaterSources was corrected from null to its default, false. 
[02May2025 22:24:36.979] [Server thread/DEBUG] [net.minecraftforge.common.ForgeConfigSpec/CORE]: The comment on key general.pump.pumpWaterSources does not match the spec. This may create a backup.
[02May2025 22:24:36.979] [Server thread/WARN] [net.minecraftforge.common.ForgeConfigSpec/CORE]: Incorrect key general.pump.pumpHeavyWaterAmount was corrected from null to its default, 10. 
[02May2025 22:24:36.981] [Server thread/DEBUG] [net.minecraftforge.common.ForgeConfigSpec/CORE]: The comment on key general.pump.pumpHeavyWaterAmount does not match the spec. This may create a backup.
[02May2025 22:24:36.981] [Server thread/WARN] [net.minecraftforge.common.ForgeConfigSpec/CORE]: Incorrect key general.pump.maxPlenisherNodes was corrected from null to its default, 4000. 
[02May2025 22:24:36.983] [Server thread/DEBUG] [net.minecraftforge.common.ForgeConfigSpec/CORE]: The comment on key general.pump.maxPlenisherNodes does not match the spec. This may create a backup.
[02May2025 22:24:36.983] [Server thread/DEBUG] [net.minecraftforge.common.ForgeConfigSpec/CORE]: The comment on key general.pump does not match the spec. This may create a backup.
[02May2025 22:24:36.983] [Server thread/WARN] [net.minecraftforge.common.ForgeConfigSpec/CORE]: Incorrect key general.quantum_entangloporter was corrected from null to its default, SimpleCommentedConfig:{}. 
[02May2025 22:24:36.983] [Server thread/WARN] [net.minecraftforge.common.ForgeConfigSpec/CORE]: Incorrect key general.quantum_entangloporter.energyBuffer was corrected from null to its default, 256000000. 
[02May2025 22:24:36.984] [Server thread/DEBUG] [net.minecraftforge.common.ForgeConfigSpec/CORE]: The comment on key general.quantum_entangloporter.energyBuffer does not match the spec. This may create a backup.
[02May2025 22:24:36.986] [Server thread/WARN] [net.minecraftforge.common.ForgeConfigSpec/CORE]: Incorrect key general.quantum_entangloporter.fluidBuffer was corrected from null to its default, 256000. 
[02May2025 22:24:36.986] [Server thread/DEBUG] [net.minecraftforge.common.ForgeConfigSpec/CORE]: The comment on key general.quantum_entangloporter.fluidBuffer does not match the spec. This may create a backup.
[02May2025 22:24:36.986] [Server thread/WARN] [net.minecraftforge.common.ForgeConfigSpec/CORE]: Incorrect key general.quantum_entangloporter.chemicalBuffer was corrected from null to its default, 8192000. 
[02May2025 22:24:36.988] [Server thread/DEBUG] [net.minecraftforge.common.ForgeConfigSpec/CORE]: The comment on key general.quantum_entangloporter.chemicalBuffer does not match the spec. This may create a backup.
[02May2025 22:24:36.988] [Server thread/DEBUG] [net.minecraftforge.common.ForgeConfigSpec/CORE]: The comment on key general.quantum_entangloporter does not match the spec. This may create a backup.
[02May2025 22:24:36.988] [Server thread/WARN] [net.minecraftforge.common.ForgeConfigSpec/CORE]: Incorrect key general.security was corrected from null to its default, SimpleCommentedConfig:{}. 
[02May2025 22:24:36.988] [Server thread/WARN] [net.minecraftforge.common.ForgeConfigSpec/CORE]: Incorrect key general.security.allowProtection was corrected from null to its default, true. 
[02May2025 22:24:36.988] [Server thread/DEBUG] [net.minecraftforge.common.ForgeConfigSpec/CORE]: The comment on key general.security.allowProtection does not match the spec. This may create a backup.
[02May2025 22:24:36.988] [Server thread/WARN] [net.minecraftforge.common.ForgeConfigSpec/CORE]: Incorrect key general.security.opsBypassRestrictions was corrected from null to its default, false. 
[02May2025 22:24:36.989] [Server thread/DEBUG] [net.minecraftforge.common.ForgeConfigSpec/CORE]: The comment on key general.security.opsBypassRestrictions does not match the spec. This may create a backup.
[02May2025 22:24:36.990] [Server thread/DEBUG] [net.minecraftforge.common.ForgeConfigSpec/CORE]: The comment on key general.security does not match the spec. This may create a backup.
[02May2025 22:24:36.990] [Server thread/WARN] [net.minecraftforge.common.ForgeConfigSpec/CORE]: Incorrect key general.nutritional_paste was corrected from null to its default, SimpleCommentedConfig:{}. 
[02May2025 22:24:36.993] [Server thread/WARN] [net.minecraftforge.common.ForgeConfigSpec/CORE]: Incorrect key general.nutritional_paste.saturation was corrected from null to its default, 0.8. 
[02May2025 22:24:36.993] [Server thread/DEBUG] [net.minecraftforge.common.ForgeConfigSpec/CORE]: The comment on key general.nutritional_paste.saturation does not match the spec. This may create a backup.
[02May2025 22:24:36.993] [Server thread/WARN] [net.minecraftforge.common.ForgeConfigSpec/CORE]: Incorrect key general.nutritional_paste.mbPerFood was corrected from null to its default, 50. 
[02May2025 22:24:36.993] [Server thread/DEBUG] [net.minecraftforge.common.ForgeConfigSpec/CORE]: The comment on key general.nutritional_paste.mbPerFood does not match the spec. This may create a backup.
[02May2025 22:24:36.993] [Server thread/DEBUG] [net.minecraftforge.common.ForgeConfigSpec/CORE]: The comment on key general.nutritional_paste does not match the spec. This may create a backup.
[02May2025 22:24:36.993] [Server thread/WARN] [net.minecraftforge.common.ForgeConfigSpec/CORE]: Incorrect key general.boiler was corrected from null to its default, SimpleCommentedConfig:{}. 
[02May2025 22:24:36.994] [Server thread/WARN] [net.minecraftforge.common.ForgeConfigSpec/CORE]: Incorrect key general.boiler.waterPerTank was corrected from null to its default, 16000. 
[02May2025 22:24:36.994] [Server thread/DEBUG] [net.minecraftforge.common.ForgeConfigSpec/CORE]: The comment on key general.boiler.waterPerTank does not match the spec. This may create a backup.
[02May2025 22:24:36.994] [Server thread/WARN] [net.minecraftforge.common.ForgeConfigSpec/CORE]: Incorrect key general.boiler.steamPerTank was corrected from null to its default, 160000. 
[02May2025 22:24:36.994] [Server thread/DEBUG] [net.minecraftforge.common.ForgeConfigSpec/CORE]: The comment on key general.boiler.steamPerTank does not match the spec. This may create a backup.
[02May2025 22:24:36.994] [Server thread/WARN] [net.minecraftforge.common.ForgeConfigSpec/CORE]: Incorrect key general.boiler.heatedCoolantPerTank was corrected from null to its default, 256000. 
[02May2025 22:24:36.994] [Server thread/DEBUG] [net.minecraftforge.common.ForgeConfigSpec/CORE]: The comment on key general.boiler.heatedCoolantPerTank does not match the spec. This may create a backup.
[02May2025 22:24:36.994] [Server thread/WARN] [net.minecraftforge.common.ForgeConfigSpec/CORE]: Incorrect key general.boiler.cooledCoolantPerTank was corrected from null to its default, 256000. 
[02May2025 22:24:36.994] [Server thread/DEBUG] [net.minecraftforge.common.ForgeConfigSpec/CORE]: The comment on key general.boiler.cooledCoolantPerTank does not match the spec. This may create a backup.
[02May2025 22:24:36.995] [Server thread/DEBUG] [net.minecraftforge.common.ForgeConfigSpec/CORE]: The comment on key general.boiler does not match the spec. This may create a backup.
[02May2025 22:24:36.995] [Server thread/WARN] [net.minecraftforge.common.ForgeConfigSpec/CORE]: Incorrect key general.thermal_evaporation was corrected from null to its default, SimpleCommentedConfig:{}. 
[02May2025 22:24:36.995] [Server thread/WARN] [net.minecraftforge.common.ForgeConfigSpec/CORE]: Incorrect key general.thermal_evaporation.heatDissipation was corrected from null to its default, 0.02. 
[02May2025 22:24:36.995] [Server thread/DEBUG] [net.minecraftforge.common.ForgeConfigSpec/CORE]: The comment on key general.thermal_evaporation.heatDissipation does not match the spec. This may create a backup.
[02May2025 22:24:36.995] [Server thread/WARN] [net.minecraftforge.common.ForgeConfigSpec/CORE]: Incorrect key general.thermal_evaporation.tempMultiplier was corrected from null to its default, 0.4. 
[02May2025 22:24:36.995] [Server thread/DEBUG] [net.minecraftforge.common.ForgeConfigSpec/CORE]: The comment on key general.thermal_evaporation.tempMultiplier does not match the spec. This may create a backup.
[02May2025 22:24:36.995] [Server thread/WARN] [net.minecraftforge.common.ForgeConfigSpec/CORE]: Incorrect key general.thermal_evaporation.solarMultiplier was corrected from null to its default, 0.2. 
[02May2025 22:24:36.995] [Server thread/DEBUG] [net.minecraftforge.common.ForgeConfigSpec/CORE]: The comment on key general.thermal_evaporation.solarMultiplier does not match the spec. This may create a backup.
[02May2025 22:24:36.995] [Server thread/WARN] [net.minecraftforge.common.ForgeConfigSpec/CORE]: Incorrect key general.thermal_evaporation.heatCapacity was corrected from null to its default, 100.0. 
[02May2025 22:24:37.004] [Server thread/DEBUG] [net.minecraftforge.common.ForgeConfigSpec/CORE]: The comment on key general.thermal_evaporation.heatCapacity does not match the spec. This may create a backup.
[02May2025 22:24:37.004] [Server thread/WARN] [net.minecraftforge.common.ForgeConfigSpec/CORE]: Incorrect key general.thermal_evaporation.fluidPerTank was corrected from null to its default, 64000. 
[02May2025 22:24:37.005] [Server thread/DEBUG] [net.minecraftforge.common.ForgeConfigSpec/CORE]: The comment on key general.thermal_evaporation.fluidPerTank does not match the spec. This may create a backup.
[02May2025 22:24:37.005] [Server thread/WARN] [net.minecraftforge.common.ForgeConfigSpec/CORE]: Incorrect key general.thermal_evaporation.outputTankCapacity was corrected from null to its default, 10000. 
[02May2025 22:24:37.006] [Server thread/DEBUG] [net.minecraftforge.common.ForgeConfigSpec/CORE]: The comment on key general.thermal_evaporation.outputTankCapacity does not match the spec. This may create a backup.
[02May2025 22:24:37.006] [Server thread/DEBUG] [net.minecraftforge.common.ForgeConfigSpec/CORE]: The comment on key general.thermal_evaporation does not match the spec. This may create a backup.
[02May2025 22:24:37.006] [Server thread/WARN] [net.minecraftforge.common.ForgeConfigSpec/CORE]: Incorrect key general.sps was corrected from null to its default, SimpleCommentedConfig:{}. 
[02May2025 22:24:37.007] [Server thread/WARN] [net.minecraftforge.common.ForgeConfigSpec/CORE]: Incorrect key general.sps.inputPerAntimatter was corrected from null to its default, 1000. 
[02May2025 22:24:37.008] [Server thread/DEBUG] [net.minecraftforge.common.ForgeConfigSpec/CORE]: The comment on key general.sps.inputPerAntimatter does not match the spec. This may create a backup.
[02May2025 22:24:37.008] [Server thread/WARN] [net.minecraftforge.common.ForgeConfigSpec/CORE]: Incorrect key general.sps.outputTankCapacity was corrected from null to its default, 1000. 
[02May2025 22:24:37.008] [Server thread/DEBUG] [net.minecraftforge.common.ForgeConfigSpec/CORE]: The comment on key general.sps.outputTankCapacity does not match the spec. This may create a backup.
[02May2025 22:24:37.008] [Server thread/WARN] [net.minecraftforge.common.ForgeConfigSpec/CORE]: Incorrect key general.sps.energyPerInput was corrected from null to its default, 1000000. 
[02May2025 22:24:37.009] [Server thread/DEBUG] [net.minecraftforge.common.ForgeConfigSpec/CORE]: The comment on key general.sps.energyPerInput does not match the spec. This may create a backup.
[02May2025 22:24:37.009] [Server thread/DEBUG] [net.minecraftforge.common.ForgeConfigSpec/CORE]: The comment on key general.sps does not match the spec. This may create a backup.
[02May2025 22:24:37.009] [Server thread/DEBUG] [net.minecraftforge.common.ForgeConfigSpec/CORE]: The comment on key general does not match the spec. This may create a backup.
[02May2025 22:24:37.016] [Thread-2/DEBUG] [net.minecraftforge.fml.config.ConfigFileTypeHandler/CONFIG]: Config file Mekanism/general.toml changed, sending notifies
[02May2025 22:24:37.020] [Thread-2/DEBUG] [net.minecraftforge.fml.config.ConfigFileTypeHandler/CONFIG]: Config file Mekanism/general.toml changed, sending notifies
[02May2025 22:24:37.021] [Server thread/DEBUG] [net.minecraftforge.fml.config.ConfigFileTypeHandler/CONFIG]: Built TOML config for /workspaces/moddedserver/config/Mekanism/gear.toml
[02May2025 22:24:37.022] [Server thread/DEBUG] [net.minecraftforge.fml.config.ConfigFileTypeHandler/CONFIG]: Loaded TOML config file /workspaces/moddedserver/config/Mekanism/gear.toml
[02May2025 22:24:37.024] [Server thread/DEBUG] [net.minecraftforge.fml.config.ConfigFileTypeHandler/CONFIG]: Watching TOML config file /workspaces/moddedserver/config/Mekanism/gear.toml for changes
[02May2025 22:24:37.024] [Server thread/WARN] [net.minecraftforge.common.ForgeConfigSpec/CORE]: Configuration file /workspaces/moddedserver/config/Mekanism/gear.toml is not correct. Correcting
[02May2025 22:24:37.026] [Server thread/WARN] [net.minecraftforge.common.ForgeConfigSpec/CORE]: Incorrect key gear was corrected from null to its default, SimpleCommentedConfig:{}. 
[02May2025 22:24:37.026] [Server thread/WARN] [net.minecraftforge.common.ForgeConfigSpec/CORE]: Incorrect key gear.atomic_disassembler was corrected from null to its default, SimpleCommentedConfig:{}. 
[02May2025 22:24:37.026] [Server thread/WARN] [net.minecraftforge.common.ForgeConfigSpec/CORE]: Incorrect key gear.atomic_disassembler.energyUsage was corrected from null to its default, 10. 
[02May2025 22:24:37.026] [Server thread/DEBUG] [net.minecraftforge.common.ForgeConfigSpec/CORE]: The comment on key gear.atomic_disassembler.energyUsage does not match the spec. This may create a backup.
[02May2025 22:24:37.026] [Server thread/WARN] [net.minecraftforge.common.ForgeConfigSpec/CORE]: Incorrect key gear.atomic_disassembler.energyUsageWeapon was corrected from null to its default, 2000. 
[02May2025 22:24:37.027] [Server thread/DEBUG] [net.minecraftforge.common.ForgeConfigSpec/CORE]: The comment on key gear.atomic_disassembler.energyUsageWeapon does not match the spec. This may create a backup.
[02May2025 22:24:37.027] [Server thread/WARN] [net.minecraftforge.common.ForgeConfigSpec/CORE]: Incorrect key gear.atomic_disassembler.miningCount was corrected from null to its default, 128. 
[02May2025 22:24:37.027] [Server thread/DEBUG] [net.minecraftforge.common.ForgeConfigSpec/CORE]: The comment on key gear.atomic_disassembler.miningCount does not match the spec. This may create a backup.
[02May2025 22:24:37.027] [Server thread/WARN] [net.minecraftforge.common.ForgeConfigSpec/CORE]: Incorrect key gear.atomic_disassembler.slowMode was corrected from null to its default, true. 
[02May2025 22:24:37.027] [Server thread/DEBUG] [net.minecraftforge.common.ForgeConfigSpec/CORE]: The comment on key gear.atomic_disassembler.slowMode does not match the spec. This may create a backup.
[02May2025 22:24:37.027] [Server thread/WARN] [net.minecraftforge.common.ForgeConfigSpec/CORE]: Incorrect key gear.atomic_disassembler.fastMode was corrected from null to its default, true. 
[02May2025 22:24:37.027] [Server thread/DEBUG] [net.minecraftforge.common.ForgeConfigSpec/CORE]: The comment on key gear.atomic_disassembler.fastMode does not match the spec. This may create a backup.
[02May2025 22:24:37.027] [Server thread/WARN] [net.minecraftforge.common.ForgeConfigSpec/CORE]: Incorrect key gear.atomic_disassembler.veinMining was corrected from null to its default, false. 
[02May2025 22:24:37.027] [Server thread/DEBUG] [net.minecraftforge.common.ForgeConfigSpec/CORE]: The comment on key gear.atomic_disassembler.veinMining does not match the spec. This may create a backup.
[02May2025 22:24:37.027] [Server thread/WARN] [net.minecraftforge.common.ForgeConfigSpec/CORE]: Incorrect key gear.atomic_disassembler.minDamage was corrected from null to its default, 4. 
[02May2025 22:24:37.027] [Server thread/DEBUG] [net.minecraftforge.common.ForgeConfigSpec/CORE]: The comment on key gear.atomic_disassembler.minDamage does not match the spec. This may create a backup.
[02May2025 22:24:37.031] [Thread-2/DEBUG] [net.minecraftforge.fml.config.ConfigFileTypeHandler/CONFIG]: Config file Mekanism/general.toml changed, sending notifies
[02May2025 22:24:37.027] [Server thread/WARN] [net.minecraftforge.common.ForgeConfigSpec/CORE]: Incorrect key gear.atomic_disassembler.maxDamage was corrected from null to its default, 20. 
[02May2025 22:24:37.031] [Server thread/DEBUG] [net.minecraftforge.common.ForgeConfigSpec/CORE]: The comment on key gear.atomic_disassembler.maxDamage does not match the spec. This may create a backup.
[02May2025 22:24:37.031] [Server thread/WARN] [net.minecraftforge.common.ForgeConfigSpec/CORE]: Incorrect key gear.atomic_disassembler.attackSpeed was corrected from null to its default, -2.4. 
[02May2025 22:24:37.032] [Server thread/DEBUG] [net.minecraftforge.common.ForgeConfigSpec/CORE]: The comment on key gear.atomic_disassembler.attackSpeed does not match the spec. This may create a backup.
[02May2025 22:24:37.033] [Server thread/WARN] [net.minecraftforge.common.ForgeConfigSpec/CORE]: Incorrect key gear.atomic_disassembler.maxEnergy was corrected from null to its default, 1000000. 
[02May2025 22:24:37.034] [Server thread/DEBUG] [net.minecraftforge.common.ForgeConfigSpec/CORE]: The comment on key gear.atomic_disassembler.maxEnergy does not match the spec. This may create a backup.
[02May2025 22:24:37.034] [Server thread/WARN] [net.minecraftforge.common.ForgeConfigSpec/CORE]: Incorrect key gear.atomic_disassembler.chargeRate was corrected from null to its default, 5000. 
[02May2025 22:24:37.034] [Server thread/DEBUG] [net.minecraftforge.common.ForgeConfigSpec/CORE]: The comment on key gear.atomic_disassembler.chargeRate does not match the spec. This may create a backup.
[02May2025 22:24:37.034] [Server thread/DEBUG] [net.minecraftforge.common.ForgeConfigSpec/CORE]: The comment on key gear.atomic_disassembler does not match the spec. This may create a backup.
[02May2025 22:24:37.034] [Server thread/WARN] [net.minecraftforge.common.ForgeConfigSpec/CORE]: Incorrect key gear.configurator was corrected from null to its default, SimpleCommentedConfig:{}. 
[02May2025 22:24:37.035] [Server thread/WARN] [net.minecraftforge.common.ForgeConfigSpec/CORE]: Incorrect key gear.configurator.maxEnergy was corrected from null to its default, 60000. 
[02May2025 22:24:37.035] [Server thread/DEBUG] [net.minecraftforge.common.ForgeConfigSpec/CORE]: The comment on key gear.configurator.maxEnergy does not match the spec. This may create a backup.
[02May2025 22:24:37.035] [Server thread/WARN] [net.minecraftforge.common.ForgeConfigSpec/CORE]: Incorrect key gear.configurator.chargeRate was corrected from null to its default, 300. 
[02May2025 22:24:37.035] [Server thread/DEBUG] [net.minecraftforge.common.ForgeConfigSpec/CORE]: The comment on key gear.configurator.chargeRate does not match the spec. This may create a backup.
[02May2025 22:24:37.035] [Server thread/WARN] [net.minecraftforge.common.ForgeConfigSpec/CORE]: Incorrect key gear.configurator.energyPerConfigure was corrected from null to its default, 400. 
[02May2025 22:24:37.035] [Server thread/DEBUG] [net.minecraftforge.common.ForgeConfigSpec/CORE]: The comment on key gear.configurator.energyPerConfigure does not match the spec. This may create a backup.
[02May2025 22:24:37.035] [Server thread/WARN] [net.minecraftforge.common.ForgeConfigSpec/CORE]: Incorrect key gear.configurator.energyPerItem was corrected from null to its default, 8. 
[02May2025 22:24:37.035] [Server thread/DEBUG] [net.minecraftforge.common.ForgeConfigSpec/CORE]: The comment on key gear.configurator.energyPerItem does not match the spec. This may create a backup.
[02May2025 22:24:37.035] [Server thread/DEBUG] [net.minecraftforge.common.ForgeConfigSpec/CORE]: The comment on key gear.configurator does not match the spec. This may create a backup.
[02May2025 22:24:37.035] [Server thread/WARN] [net.minecraftforge.common.ForgeConfigSpec/CORE]: Incorrect key gear.electric_bow was corrected from null to its default, SimpleCommentedConfig:{}. 
[02May2025 22:24:37.035] [Server thread/WARN] [net.minecraftforge.common.ForgeConfigSpec/CORE]: Incorrect key gear.electric_bow.maxEnergy was corrected from null to its default, 120000. 
[02May2025 22:24:37.041] [Server thread/DEBUG] [net.minecraftforge.common.ForgeConfigSpec/CORE]: The comment on key gear.electric_bow.maxEnergy does not match the spec. This may create a backup.
[02May2025 22:24:37.041] [Server thread/WARN] [net.minecraftforge.common.ForgeConfigSpec/CORE]: Incorrect key gear.electric_bow.chargeRate was corrected from null to its default, 600. 
[02May2025 22:24:37.041] [Server thread/DEBUG] [net.minecraftforge.common.ForgeConfigSpec/CORE]: The comment on key gear.electric_bow.chargeRate does not match the spec. This may create a backup.
[02May2025 22:24:37.042] [Server thread/WARN] [net.minecraftforge.common.ForgeConfigSpec/CORE]: Incorrect key gear.electric_bow.energyUsage was corrected from null to its default, 120. 
[02May2025 22:24:37.043] [Server thread/DEBUG] [net.minecraftforge.common.ForgeConfigSpec/CORE]: The comment on key gear.electric_bow.energyUsage does not match the spec. This may create a backup.
[02May2025 22:24:37.043] [Server thread/WARN] [net.minecraftforge.common.ForgeConfigSpec/CORE]: Incorrect key gear.electric_bow.energyUsageFire was corrected from null to its default, 1200. 
[02May2025 22:24:37.044] [Server thread/DEBUG] [net.minecraftforge.common.ForgeConfigSpec/CORE]: The comment on key gear.electric_bow.energyUsageFire does not match the spec. This may create a backup.
[02May2025 22:24:37.044] [Server thread/DEBUG] [net.minecraftforge.common.ForgeConfigSpec/CORE]: The comment on key gear.electric_bow does not match the spec. This may create a backup.
[02May2025 22:24:37.044] [Server thread/WARN] [net.minecraftforge.common.ForgeConfigSpec/CORE]: Incorrect key gear.energy_tablet was corrected from null to its default, SimpleCommentedConfig:{}. 
[02May2025 22:24:37.045] [Server thread/WARN] [net.minecraftforge.common.ForgeConfigSpec/CORE]: Incorrect key gear.energy_tablet.maxEnergy was corrected from null to its default, 1000000. 
[02May2025 22:24:37.047] [Server thread/DEBUG] [net.minecraftforge.common.ForgeConfigSpec/CORE]: The comment on key gear.energy_tablet.maxEnergy does not match the spec. This may create a backup.
[02May2025 22:24:37.047] [Server thread/WARN] [net.minecraftforge.common.ForgeConfigSpec/CORE]: Incorrect key gear.energy_tablet.chargeRate was corrected from null to its default, 5000. 
[02May2025 22:24:37.049] [Server thread/DEBUG] [net.minecraftforge.common.ForgeConfigSpec/CORE]: The comment on key gear.energy_tablet.chargeRate does not match the spec. This may create a backup.
[02May2025 22:24:37.050] [Server thread/DEBUG] [net.minecraftforge.common.ForgeConfigSpec/CORE]: The comment on key gear.energy_tablet does not match the spec. This may create a backup.
[02May2025 22:24:37.050] [Server thread/WARN] [net.minecraftforge.common.ForgeConfigSpec/CORE]: Incorrect key gear.flamethrower was corrected from null to its default, SimpleCommentedConfig:{}. 
[02May2025 22:24:37.051] [Server thread/WARN] [net.minecraftforge.common.ForgeConfigSpec/CORE]: Incorrect key gear.flamethrower.maxGas was corrected from null to its default, 24000. 
[02May2025 22:24:37.051] [Server thread/DEBUG] [net.minecraftforge.common.ForgeConfigSpec/CORE]: The comment on key gear.flamethrower.maxGas does not match the spec. This may create a backup.
[02May2025 22:24:37.051] [Server thread/WARN] [net.minecraftforge.common.ForgeConfigSpec/CORE]: Incorrect key gear.flamethrower.fillRate was corrected from null to its default, 16. 
[02May2025 22:24:37.051] [Server thread/DEBUG] [net.minecraftforge.common.ForgeConfigSpec/CORE]: The comment on key gear.flamethrower.fillRate does not match the spec. This may create a backup.
[02May2025 22:24:37.051] [Server thread/WARN] [net.minecraftforge.common.ForgeConfigSpec/CORE]: Incorrect key gear.flamethrower.destroyItems was corrected from null to its default, true. 
[02May2025 22:24:37.051] [Server thread/DEBUG] [net.minecraftforge.common.ForgeConfigSpec/CORE]: The comment on key gear.flamethrower.destroyItems does not match the spec. This may create a backup.
[02May2025 22:24:37.051] [Server thread/DEBUG] [net.minecraftforge.common.ForgeConfigSpec/CORE]: The comment on key gear.flamethrower does not match the spec. This may create a backup.
[02May2025 22:24:37.051] [Server thread/WARN] [net.minecraftforge.common.ForgeConfigSpec/CORE]: Incorrect key gear.free_runner was corrected from null to its default, SimpleCommentedConfig:{}. 
[02May2025 22:24:37.051] [Server thread/WARN] [net.minecraftforge.common.ForgeConfigSpec/CORE]: Incorrect key gear.free_runner.fallEnergyCost was corrected from null to its default, 50. 
[02May2025 22:24:37.057] [Server thread/DEBUG] [net.minecraftforge.common.ForgeConfigSpec/CORE]: The comment on key gear.free_runner.fallEnergyCost does not match the spec. This may create a backup.
[02May2025 22:24:37.057] [Server thread/WARN] [net.minecraftforge.common.ForgeConfigSpec/CORE]: Incorrect key gear.free_runner.fallDamageReductionRatio was corrected from null to its default, 1.0. 
[02May2025 22:24:37.059] [Server thread/DEBUG] [net.minecraftforge.common.ForgeConfigSpec/CORE]: The comment on key gear.free_runner.fallDamageReductionRatio does not match the spec. This may create a backup.
[02May2025 22:24:37.059] [Server thread/WARN] [net.minecraftforge.common.ForgeConfigSpec/CORE]: Incorrect key gear.free_runner.maxEnergy was corrected from null to its default, 64000. 
[02May2025 22:24:37.059] [Server thread/DEBUG] [net.minecraftforge.common.ForgeConfigSpec/CORE]: The comment on key gear.free_runner.maxEnergy does not match the spec. This may create a backup.
[02May2025 22:24:37.059] [Server thread/WARN] [net.minecraftforge.common.ForgeConfigSpec/CORE]: Incorrect key gear.free_runner.chargeRate was corrected from null to its default, 320. 
[02May2025 22:24:37.060] [Server thread/DEBUG] [net.minecraftforge.common.ForgeConfigSpec/CORE]: The comment on key gear.free_runner.chargeRate does not match the spec. This may create a backup.
[02May2025 22:24:37.060] [Server thread/WARN] [net.minecraftforge.common.ForgeConfigSpec/CORE]: Incorrect key gear.free_runner.armored was corrected from null to its default, SimpleCommentedConfig:{}. 
[02May2025 22:24:37.060] [Server thread/WARN] [net.minecraftforge.common.ForgeConfigSpec/CORE]: Incorrect key gear.free_runner.armored.armor was corrected from null to its default, 3. 
[02May2025 22:24:37.060] [Server thread/DEBUG] [net.minecraftforge.common.ForgeConfigSpec/CORE]: The comment on key gear.free_runner.armored.armor does not match the spec. This may create a backup.
[02May2025 22:24:37.060] [Server thread/WARN] [net.minecraftforge.common.ForgeConfigSpec/CORE]: Incorrect key gear.free_runner.armored.toughness was corrected from null to its default, 2.0. 
[02May2025 22:24:37.060] [Server thread/DEBUG] [net.minecraftforge.common.ForgeConfigSpec/CORE]: The comment on key gear.free_runner.armored.toughness does not match the spec. This may create a backup.
[02May2025 22:24:37.060] [Server thread/WARN] [net.minecraftforge.common.ForgeConfigSpec/CORE]: Incorrect key gear.free_runner.armored.knockbackResistance was corrected from null to its default, 0.0. 
[02May2025 22:24:37.060] [Server thread/DEBUG] [net.minecraftforge.common.ForgeConfigSpec/CORE]: The comment on key gear.free_runner.armored.knockbackResistance does not match the spec. This may create a backup.
[02May2025 22:24:37.060] [Server thread/DEBUG] [net.minecraftforge.common.ForgeConfigSpec/CORE]: The comment on key gear.free_runner.armored does not match the spec. This may create a backup.
[02May2025 22:24:37.060] [Server thread/DEBUG] [net.minecraftforge.common.ForgeConfigSpec/CORE]: The comment on key gear.free_runner does not match the spec. This may create a backup.
[02May2025 22:24:37.060] [Server thread/WARN] [net.minecraftforge.common.ForgeConfigSpec/CORE]: Incorrect key gear.jetpack was corrected from null to its default, SimpleCommentedConfig:{}. 
[02May2025 22:24:37.065] [Server thread/WARN] [net.minecraftforge.common.ForgeConfigSpec/CORE]: Incorrect key gear.jetpack.maxGas was corrected from null to its default, 24000. 
[02May2025 22:24:37.068] [Server thread/DEBUG] [net.minecraftforge.common.ForgeConfigSpec/CORE]: The comment on key gear.jetpack.maxGas does not match the spec. This may create a backup.
[02May2025 22:24:37.068] [Server thread/WARN] [net.minecraftforge.common.ForgeConfigSpec/CORE]: Incorrect key gear.jetpack.fillRate was corrected from null to its default, 16. 
[02May2025 22:24:37.068] [Server thread/DEBUG] [net.minecraftforge.common.ForgeConfigSpec/CORE]: The comment on key gear.jetpack.fillRate does not match the spec. This may create a backup.
[02May2025 22:24:37.068] [Server thread/WARN] [net.minecraftforge.common.ForgeConfigSpec/CORE]: Incorrect key gear.jetpack.armored was corrected from null to its default, SimpleCommentedConfig:{}. 
[02May2025 22:24:37.068] [Server thread/WARN] [net.minecraftforge.common.ForgeConfigSpec/CORE]: Incorrect key gear.jetpack.armored.armor was corrected from null to its default, 8. 
[02May2025 22:24:37.070] [Server thread/DEBUG] [net.minecraftforge.common.ForgeConfigSpec/CORE]: The comment on key gear.jetpack.armored.armor does not match the spec. This may create a backup.
[02May2025 22:24:37.070] [Server thread/WARN] [net.minecraftforge.common.ForgeConfigSpec/CORE]: Incorrect key gear.jetpack.armored.toughness was corrected from null to its default, 2.0. 
[02May2025 22:24:37.072] [Server thread/DEBUG] [net.minecraftforge.common.ForgeConfigSpec/CORE]: The comment on key gear.jetpack.armored.toughness does not match the spec. This may create a backup.
[02May2025 22:24:37.073] [Server thread/WARN] [net.minecraftforge.common.ForgeConfigSpec/CORE]: Incorrect key gear.jetpack.armored.knockbackResistance was corrected from null to its default, 0.0. 
[02May2025 22:24:37.075] [Server thread/DEBUG] [net.minecraftforge.common.ForgeConfigSpec/CORE]: The comment on key gear.jetpack.armored.knockbackResistance does not match the spec. This may create a backup.
[02May2025 22:24:37.078] [Server thread/DEBUG] [net.minecraftforge.common.ForgeConfigSpec/CORE]: The comment on key gear.jetpack.armored does not match the spec. This may create a backup.
[02May2025 22:24:37.078] [Server thread/DEBUG] [net.minecraftforge.common.ForgeConfigSpec/CORE]: The comment on key gear.jetpack does not match the spec. This may create a backup.
[02May2025 22:24:37.078] [Server thread/WARN] [net.minecraftforge.common.ForgeConfigSpec/CORE]: Incorrect key gear.network_reader was corrected from null to its default, SimpleCommentedConfig:{}. 
[02May2025 22:24:37.079] [Server thread/WARN] [net.minecraftforge.common.ForgeConfigSpec/CORE]: Incorrect key gear.network_reader.maxEnergy was corrected from null to its default, 60000. 
[02May2025 22:24:37.081] [Server thread/DEBUG] [net.minecraftforge.common.ForgeConfigSpec/CORE]: The comment on key gear.network_reader.maxEnergy does not match the spec. This may create a backup.
[02May2025 22:24:37.084] [Server thread/WARN] [net.minecraftforge.common.ForgeConfigSpec/CORE]: Incorrect key gear.network_reader.chargeRate was corrected from null to its default, 300. 
[02May2025 22:24:37.088] [Server thread/DEBUG] [net.minecraftforge.common.ForgeConfigSpec/CORE]: The comment on key gear.network_reader.chargeRate does not match the spec. This may create a backup.
[02May2025 22:24:37.088] [Server thread/WARN] [net.minecraftforge.common.ForgeConfigSpec/CORE]: Incorrect key gear.network_reader.energyUsage was corrected from null to its default, 400. 
[02May2025 22:24:37.089] [Server thread/DEBUG] [net.minecraftforge.common.ForgeConfigSpec/CORE]: The comment on key gear.network_reader.energyUsage does not match the spec. This may create a backup.
[02May2025 22:24:37.089] [Server thread/DEBUG] [net.minecraftforge.common.ForgeConfigSpec/CORE]: The comment on key gear.network_reader does not match the spec. This may create a backup.
[02May2025 22:24:37.089] [Server thread/WARN] [net.minecraftforge.common.ForgeConfigSpec/CORE]: Incorrect key gear.portable_teleporter was corrected from null to its default, SimpleCommentedConfig:{}. 
[02May2025 22:24:37.089] [Server thread/WARN] [net.minecraftforge.common.ForgeConfigSpec/CORE]: Incorrect key gear.portable_teleporter.maxEnergy was corrected from null to its default, 1000000. 
[02May2025 22:24:37.089] [Server thread/DEBUG] [net.minecraftforge.common.ForgeConfigSpec/CORE]: The comment on key gear.portable_teleporter.maxEnergy does not match the spec. This may create a backup.
[02May2025 22:24:37.089] [Server thread/WARN] [net.minecraftforge.common.ForgeConfigSpec/CORE]: Incorrect key gear.portable_teleporter.chargeRate was corrected from null to its default, 5000. 
[02May2025 22:24:37.089] [Server thread/DEBUG] [net.minecraftforge.common.ForgeConfigSpec/CORE]: The comment on key gear.portable_teleporter.chargeRate does not match the spec. This may create a backup.
[02May2025 22:24:37.089] [Server thread/WARN] [net.minecraftforge.common.ForgeConfigSpec/CORE]: Incorrect key gear.portable_teleporter.delay was corrected from null to its default, 0. 
[02May2025 22:24:37.089] [Server thread/DEBUG] [net.minecraftforge.common.ForgeConfigSpec/CORE]: The comment on key gear.portable_teleporter.delay does not match the spec. This may create a backup.
[02May2025 22:24:37.089] [Server thread/DEBUG] [net.minecraftforge.common.ForgeConfigSpec/CORE]: The comment on key gear.portable_teleporter does not match the spec. This may create a backup.
[02May2025 22:24:37.093] [Server thread/WARN] [net.minecraftforge.common.ForgeConfigSpec/CORE]: Incorrect key gear.scuba_tank was corrected from null to its default, SimpleCommentedConfig:{}. 
[02May2025 22:24:37.096] [Server thread/WARN] [net.minecraftforge.common.ForgeConfigSpec/CORE]: Incorrect key gear.scuba_tank.maxGas was corrected from null to its default, 24000. 
[02May2025 22:24:37.096] [Server thread/DEBUG] [net.minecraftforge.common.ForgeConfigSpec/CORE]: The comment on key gear.scuba_tank.maxGas does not match the spec. This may create a backup.
[02May2025 22:24:37.096] [Server thread/WARN] [net.minecraftforge.common.ForgeConfigSpec/CORE]: Incorrect key gear.scuba_tank.fillRate was corrected from null to its default, 16. 
[02May2025 22:24:37.097] [Server thread/DEBUG] [net.minecraftforge.common.ForgeConfigSpec/CORE]: The comment on key gear.scuba_tank.fillRate does not match the spec. This may create a backup.
[02May2025 22:24:37.098] [Server thread/DEBUG] [net.minecraftforge.common.ForgeConfigSpec/CORE]: The comment on key gear.scuba_tank does not match the spec. This may create a backup.
[02May2025 22:24:37.099] [Server thread/WARN] [net.minecraftforge.common.ForgeConfigSpec/CORE]: Incorrect key gear.seismic_reader was corrected from null to its default, SimpleCommentedConfig:{}. 
[02May2025 22:24:37.102] [Server thread/WARN] [net.minecraftforge.common.ForgeConfigSpec/CORE]: Incorrect key gear.seismic_reader.maxEnergy was corrected from null to its default, 12000. 
[02May2025 22:24:37.104] [Server thread/DEBUG] [net.minecraftforge.common.ForgeConfigSpec/CORE]: The comment on key gear.seismic_reader.maxEnergy does not match the spec. This may create a backup.
[02May2025 22:24:37.106] [Server thread/WARN] [net.minecraftforge.common.ForgeConfigSpec/CORE]: Incorrect key gear.seismic_reader.chargeRate was corrected from null to its default, 60. 
[02May2025 22:24:37.106] [Server thread/DEBUG] [net.minecraftforge.common.ForgeConfigSpec/CORE]: The comment on key gear.seismic_reader.chargeRate does not match the spec. This may create a backup.
[02May2025 22:24:37.106] [Server thread/WARN] [net.minecraftforge.common.ForgeConfigSpec/CORE]: Incorrect key gear.seismic_reader.energyUsage was corrected from null to its default, 250. 
[02May2025 22:24:37.106] [Server thread/DEBUG] [net.minecraftforge.common.ForgeConfigSpec/CORE]: The comment on key gear.seismic_reader.energyUsage does not match the spec. This may create a backup.
[02May2025 22:24:37.106] [Server thread/DEBUG] [net.minecraftforge.common.ForgeConfigSpec/CORE]: The comment on key gear.seismic_reader does not match the spec. This may create a backup.
[02May2025 22:24:37.106] [Server thread/WARN] [net.minecraftforge.common.ForgeConfigSpec/CORE]: Incorrect key gear.canteen was corrected from null to its default, SimpleCommentedConfig:{}. 
[02May2025 22:24:37.106] [Server thread/WARN] [net.minecraftforge.common.ForgeConfigSpec/CORE]: Incorrect key gear.canteen.maxStorage was corrected from null to its default, 64000. 
[02May2025 22:24:37.107] [Server thread/DEBUG] [net.minecraftforge.common.ForgeConfigSpec/CORE]: The comment on key gear.canteen.maxStorage does not match the spec. This may create a backup.
[02May2025 22:24:37.107] [Server thread/WARN] [net.minecraftforge.common.ForgeConfigSpec/CORE]: Incorrect key gear.canteen.transferRate was corrected from null to its default, 128. 
[02May2025 22:24:37.107] [Server thread/DEBUG] [net.minecraftforge.common.ForgeConfigSpec/CORE]: The comment on key gear.canteen.transferRate does not match the spec. This may create a backup.
[02May2025 22:24:37.107] [Server thread/DEBUG] [net.minecraftforge.common.ForgeConfigSpec/CORE]: The comment on key gear.canteen does not match the spec. This may create a backup.
[02May2025 22:24:37.107] [Server thread/WARN] [net.minecraftforge.common.ForgeConfigSpec/CORE]: Incorrect key gear.mekatool was corrected from null to its default, SimpleCommentedConfig:{}. 
[02May2025 22:24:37.107] [Server thread/WARN] [net.minecraftforge.common.ForgeConfigSpec/CORE]: Incorrect key gear.mekatool.energyUsage was corrected from null to its default, 10. 
[02May2025 22:24:37.107] [Server thread/DEBUG] [net.minecraftforge.common.ForgeConfigSpec/CORE]: The comment on key gear.mekatool.energyUsage does not match the spec. This may create a backup.
[02May2025 22:24:37.107] [Server thread/WARN] [net.minecraftforge.common.ForgeConfigSpec/CORE]: Incorrect key gear.mekatool.energyUsageSilk was corrected from null to its default, 100. 
[02May2025 22:24:37.107] [Server thread/DEBUG] [net.minecraftforge.common.ForgeConfigSpec/CORE]: The comment on key gear.mekatool.energyUsageSilk does not match the spec. This may create a backup.
[02May2025 22:24:37.107] [Server thread/WARN] [net.minecraftforge.common.ForgeConfigSpec/CORE]: Incorrect key gear.mekatool.energyUsageWeapon was corrected from null to its default, 2000. 
[02May2025 22:24:37.111] [Server thread/DEBUG] [net.minecraftforge.common.ForgeConfigSpec/CORE]: The comment on key gear.mekatool.energyUsageWeapon does not match the spec. This may create a backup.
[02May2025 22:24:37.111] [Server thread/WARN] [net.minecraftforge.common.ForgeConfigSpec/CORE]: Incorrect key gear.mekatool.energyUsageTeleport was corrected from null to its default, 1000. 
[02May2025 22:24:37.112] [Server thread/DEBUG] [net.minecraftforge.common.ForgeConfigSpec/CORE]: The comment on key gear.mekatool.energyUsageTeleport does not match the spec. This may create a backup.
[02May2025 22:24:37.113] [Server thread/WARN] [net.minecraftforge.common.ForgeConfigSpec/CORE]: Incorrect key gear.mekatool.maxTeleportReach was corrected from null to its default, 100. 
[02May2025 22:24:37.114] [Server thread/DEBUG] [net.minecraftforge.common.ForgeConfigSpec/CORE]: The comment on key gear.mekatool.maxTeleportReach does not match the spec. This may create a backup.
[02May2025 22:24:37.114] [Server thread/WARN] [net.minecraftforge.common.ForgeConfigSpec/CORE]: Incorrect key gear.mekatool.baseDamage was corrected from null to its default, 4. 
[02May2025 22:24:37.115] [Server thread/DEBUG] [net.minecraftforge.common.ForgeConfigSpec/CORE]: The comment on key gear.mekatool.baseDamage does not match the spec. This may create a backup.
[02May2025 22:24:37.115] [Server thread/WARN] [net.minecraftforge.common.ForgeConfigSpec/CORE]: Incorrect key gear.mekatool.attackSpeed was corrected from null to its default, -2.4. 
[02May2025 22:24:37.117] [Server thread/DEBUG] [net.minecraftforge.common.ForgeConfigSpec/CORE]: The comment on key gear.mekatool.attackSpeed does not match the spec. This may create a backup.
[02May2025 22:24:37.117] [Server thread/WARN] [net.minecraftforge.common.ForgeConfigSpec/CORE]: Incorrect key gear.mekatool.baseEfficiency was corrected from null to its default, 4.0. 
[02May2025 22:24:37.118] [Server thread/DEBUG] [net.minecraftforge.common.ForgeConfigSpec/CORE]: The comment on key gear.mekatool.baseEfficiency does not match the spec. This may create a backup.
[02May2025 22:24:37.118] [Server thread/WARN] [net.minecraftforge.common.ForgeConfigSpec/CORE]: Incorrect key gear.mekatool.baseEnergyCapacity was corrected from null to its default, 16000000. 
[02May2025 22:24:37.119] [Server thread/DEBUG] [net.minecraftforge.common.ForgeConfigSpec/CORE]: The comment on key gear.mekatool.baseEnergyCapacity does not match the spec. This may create a backup.
[02May2025 22:24:37.119] [Server thread/WARN] [net.minecraftforge.common.ForgeConfigSpec/CORE]: Incorrect key gear.mekatool.chargeRate was corrected from null to its default, 100000. 
[02May2025 22:24:37.120] [Server thread/DEBUG] [net.minecraftforge.common.ForgeConfigSpec/CORE]: The comment on key gear.mekatool.chargeRate does not match the spec. This may create a backup.
[02May2025 22:24:37.120] [Server thread/WARN] [net.minecraftforge.common.ForgeConfigSpec/CORE]: Incorrect key gear.mekatool.energyUsageHoe was corrected from null to its default, 10. 
[02May2025 22:24:37.121] [Server thread/DEBUG] [net.minecraftforge.common.ForgeConfigSpec/CORE]: The comment on key gear.mekatool.energyUsageHoe does not match the spec. This may create a backup.
[02May2025 22:24:37.121] [Server thread/WARN] [net.minecraftforge.common.ForgeConfigSpec/CORE]: Incorrect key gear.mekatool.energyUsageShovel was corrected from null to its default, 10. 
[02May2025 22:24:37.122] [Server thread/DEBUG] [net.minecraftforge.common.ForgeConfigSpec/CORE]: The comment on key gear.mekatool.energyUsageShovel does not match the spec. This may create a backup.
[02May2025 22:24:37.122] [Server thread/WARN] [net.minecraftforge.common.ForgeConfigSpec/CORE]: Incorrect key gear.mekatool.energyUsageAxe was corrected from null to its default, 10. 
[02May2025 22:24:37.122] [Server thread/DEBUG] [net.minecraftforge.common.ForgeConfigSpec/CORE]: The comment on key gear.mekatool.energyUsageAxe does not match the spec. This may create a backup.
[02May2025 22:24:37.122] [Server thread/WARN] [net.minecraftforge.common.ForgeConfigSpec/CORE]: Incorrect key gear.mekatool.energyUsageShearEntity was corrected from null to its default, 10. 
[02May2025 22:24:37.122] [Server thread/DEBUG] [net.minecraftforge.common.ForgeConfigSpec/CORE]: The comment on key gear.mekatool.energyUsageShearEntity does not match the spec. This may create a backup.
[02May2025 22:24:37.122] [Server thread/WARN] [net.minecraftforge.common.ForgeConfigSpec/CORE]: Incorrect key gear.mekatool.extendedMining was corrected from null to its default, true. 
[02May2025 22:24:37.122] [Server thread/DEBUG] [net.minecraftforge.common.ForgeConfigSpec/CORE]: The comment on key gear.mekatool.extendedMining does not match the spec. This may create a backup.
[02May2025 22:24:37.122] [Server thread/DEBUG] [net.minecraftforge.common.ForgeConfigSpec/CORE]: The comment on key gear.mekatool does not match the spec. This may create a backup.
[02May2025 22:24:37.122] [Server thread/WARN] [net.minecraftforge.common.ForgeConfigSpec/CORE]: Incorrect key gear.mekasuit was corrected from null to its default, SimpleCommentedConfig:{}. 
[02May2025 22:24:37.123] [Server thread/WARN] [net.minecraftforge.common.ForgeConfigSpec/CORE]: Incorrect key gear.mekasuit.baseEnergyCapacity was corrected from null to its default, 16000000. 
[02May2025 22:24:37.124] [Server thread/DEBUG] [net.minecraftforge.common.ForgeConfigSpec/CORE]: The comment on key gear.mekasuit.baseEnergyCapacity does not match the spec. This may create a backup.
[02May2025 22:24:37.124] [Server thread/WARN] [net.minecraftforge.common.ForgeConfigSpec/CORE]: Incorrect key gear.mekasuit.chargeRate was corrected from null to its default, 100000. 
[02May2025 22:24:37.125] [Server thread/DEBUG] [net.minecraftforge.common.ForgeConfigSpec/CORE]: The comment on key gear.mekasuit.chargeRate does not match the spec. This may create a backup.
[02May2025 22:24:37.125] [Server thread/WARN] [net.minecraftforge.common.ForgeConfigSpec/CORE]: Incorrect key gear.mekasuit.baseJumpEnergyUsage was corrected from null to its default, 1000. 
[02May2025 22:24:37.127] [Server thread/DEBUG] [net.minecraftforge.common.ForgeConfigSpec/CORE]: The comment on key gear.mekasuit.baseJumpEnergyUsage does not match the spec. This may create a backup.
[02May2025 22:24:37.127] [Server thread/WARN] [net.minecraftforge.common.ForgeConfigSpec/CORE]: Incorrect key gear.mekasuit.elytraEnergyUsage was corrected from null to its default, 32000. 
[02May2025 22:24:37.128] [Server thread/DEBUG] [net.minecraftforge.common.ForgeConfigSpec/CORE]: The comment on key gear.mekasuit.elytraEnergyUsage does not match the spec. This may create a backup.
[02May2025 22:24:37.128] [Server thread/WARN] [net.minecraftforge.common.ForgeConfigSpec/CORE]: Incorrect key gear.mekasuit.energyUsagePotionTick was corrected from null to its default, 40000. 
[02May2025 22:24:37.128] [Server thread/DEBUG] [net.minecraftforge.common.ForgeConfigSpec/CORE]: The comment on key gear.mekasuit.energyUsagePotionTick does not match the spec. This may create a backup.
[02May2025 22:24:37.128] [Server thread/WARN] [net.minecraftforge.common.ForgeConfigSpec/CORE]: Incorrect key gear.mekasuit.energyUsageMagicReduce was corrected from null to its default, 1000. 
[02May2025 22:24:37.129] [Server thread/DEBUG] [net.minecraftforge.common.ForgeConfigSpec/CORE]: The comment on key gear.mekasuit.energyUsageMagicReduce does not match the spec. This may create a backup.
[02May2025 22:24:37.129] [Server thread/WARN] [net.minecraftforge.common.ForgeConfigSpec/CORE]: Incorrect key gear.mekasuit.energyUsageFall was corrected from null to its default, 50. 
[02May2025 22:24:37.131] [Server thread/DEBUG] [net.minecraftforge.common.ForgeConfigSpec/CORE]: The comment on key gear.mekasuit.energyUsageFall does not match the spec. This may create a backup.
[02May2025 22:24:37.131] [Server thread/WARN] [net.minecraftforge.common.ForgeConfigSpec/CORE]: Incorrect key gear.mekasuit.energyUsageSprintBoost was corrected from null to its default, 100. 
[02May2025 22:24:37.131] [Server thread/DEBUG] [net.minecraftforge.common.ForgeConfigSpec/CORE]: The comment on key gear.mekasuit.energyUsageSprintBoost does not match the spec. This may create a backup.
[02May2025 22:24:37.131] [Server thread/WARN] [net.minecraftforge.common.ForgeConfigSpec/CORE]: Incorrect key gear.mekasuit.energyUsageGravitationalModulation was corrected from null to its default, 1000. 
[02May2025 22:24:37.132] [Server thread/DEBUG] [net.minecraftforge.common.ForgeConfigSpec/CORE]: The comment on key gear.mekasuit.energyUsageGravitationalModulation does not match the spec. This may create a backup.
[02May2025 22:24:37.132] [Server thread/WARN] [net.minecraftforge.common.ForgeConfigSpec/CORE]: Incorrect key gear.mekasuit.inventoryChargeRate was corrected from null to its default, 10000. 
[02May2025 22:24:37.132] [Server thread/DEBUG] [net.minecraftforge.common.ForgeConfigSpec/CORE]: The comment on key gear.mekasuit.inventoryChargeRate does not match the spec. This may create a backup.
[02May2025 22:24:37.132] [Server thread/WARN] [net.minecraftforge.common.ForgeConfigSpec/CORE]: Incorrect key gear.mekasuit.solarRechargingRate was corrected from null to its default, 500. 
[02May2025 22:24:37.132] [Server thread/DEBUG] [net.minecraftforge.common.ForgeConfigSpec/CORE]: The comment on key gear.mekasuit.solarRechargingRate does not match the spec. This may create a backup.
[02May2025 22:24:37.133] [Server thread/WARN] [net.minecraftforge.common.ForgeConfigSpec/CORE]: Incorrect key gear.mekasuit.energyUsageVisionEnhancement was corrected from null to its default, 500. 
[02May2025 22:24:37.133] [Server thread/DEBUG] [net.minecraftforge.common.ForgeConfigSpec/CORE]: The comment on key gear.mekasuit.energyUsageVisionEnhancement does not match the spec. This may create a backup.
[02May2025 22:24:37.133] [Server thread/WARN] [net.minecraftforge.common.ForgeConfigSpec/CORE]: Incorrect key gear.mekasuit.energyUsageHydrostaticRepulsion was corrected from null to its default, 500. 
[02May2025 22:24:37.133] [Server thread/DEBUG] [net.minecraftforge.common.ForgeConfigSpec/CORE]: The comment on key gear.mekasuit.energyUsageHydrostaticRepulsion does not match the spec. This may create a backup.
[02May2025 22:24:37.133] [Server thread/WARN] [net.minecraftforge.common.ForgeConfigSpec/CORE]: Incorrect key gear.mekasuit.energyUsageNutritionalInjection was corrected from null to its default, 20000. 
[02May2025 22:24:37.134] [Server thread/DEBUG] [net.minecraftforge.common.ForgeConfigSpec/CORE]: The comment on key gear.mekasuit.energyUsageNutritionalInjection does not match the spec. This may create a backup.
[02May2025 22:24:37.134] [Server thread/WARN] [net.minecraftforge.common.ForgeConfigSpec/CORE]: Incorrect key gear.mekasuit.energyUsageDamage was corrected from null to its default, 100000. 
[02May2025 22:24:37.134] [Server thread/DEBUG] [net.minecraftforge.common.ForgeConfigSpec/CORE]: The comment on key gear.mekasuit.energyUsageDamage does not match the spec. This may create a backup.
[02May2025 22:24:37.134] [Server thread/WARN] [net.minecraftforge.common.ForgeConfigSpec/CORE]: Incorrect key gear.mekasuit.energyUsageItemAttraction was corrected from null to its default, 250. 
[02May2025 22:24:37.135] [Server thread/DEBUG] [net.minecraftforge.common.ForgeConfigSpec/CORE]: The comment on key gear.mekasuit.energyUsageItemAttraction does not match the spec. This may create a backup.
[02May2025 22:24:37.135] [Server thread/WARN] [net.minecraftforge.common.ForgeConfigSpec/CORE]: Incorrect key gear.mekasuit.gravitationalVibrations was corrected from null to its default, true. 
[02May2025 22:24:37.135] [Server thread/DEBUG] [net.minecraftforge.common.ForgeConfigSpec/CORE]: The comment on key gear.mekasuit.gravitationalVibrations does not match the spec. This may create a backup.
[02May2025 22:24:37.135] [Server thread/WARN] [net.minecraftforge.common.ForgeConfigSpec/CORE]: Incorrect key gear.mekasuit.nutritionalMaxStorage was corrected from null to its default, 128000. 
[02May2025 22:24:37.136] [Server thread/DEBUG] [net.minecraftforge.common.ForgeConfigSpec/CORE]: The comment on key gear.mekasuit.nutritionalMaxStorage does not match the spec. This may create a backup.
[02May2025 22:24:37.136] [Server thread/WARN] [net.minecraftforge.common.ForgeConfigSpec/CORE]: Incorrect key gear.mekasuit.nutritionalTransferRate was corrected from null to its default, 256. 
[02May2025 22:24:37.136] [Server thread/DEBUG] [net.minecraftforge.common.ForgeConfigSpec/CORE]: The comment on key gear.mekasuit.nutritionalTransferRate does not match the spec. This may create a backup.
[02May2025 22:24:37.136] [Server thread/WARN] [net.minecraftforge.common.ForgeConfigSpec/CORE]: Incorrect key gear.mekasuit.jetpackMaxStorage was corrected from null to its default, 48000. 
[02May2025 22:24:37.136] [Server thread/DEBUG] [net.minecraftforge.common.ForgeConfigSpec/CORE]: The comment on key gear.mekasuit.jetpackMaxStorage does not match the spec. This may create a backup.
[02May2025 22:24:37.136] [Server thread/WARN] [net.minecraftforge.common.ForgeConfigSpec/CORE]: Incorrect key gear.mekasuit.jetpackTransferRate was corrected from null to its default, 256. 
[02May2025 22:24:37.137] [Server thread/DEBUG] [net.minecraftforge.common.ForgeConfigSpec/CORE]: The comment on key gear.mekasuit.jetpackTransferRate does not match the spec. This may create a backup.
[02May2025 22:24:37.137] [Server thread/WARN] [net.minecraftforge.common.ForgeConfigSpec/CORE]: Incorrect key gear.mekasuit.helmetArmor was corrected from null to its default, 3. 
[02May2025 22:24:37.137] [Server thread/DEBUG] [net.minecraftforge.common.ForgeConfigSpec/CORE]: The comment on key gear.mekasuit.helmetArmor does not match the spec. This may create a backup.
[02May2025 22:24:37.137] [Server thread/WARN] [net.minecraftforge.common.ForgeConfigSpec/CORE]: Incorrect key gear.mekasuit.bodyArmorArmor was corrected from null to its default, 8. 
[02May2025 22:24:37.137] [Server thread/DEBUG] [net.minecraftforge.common.ForgeConfigSpec/CORE]: The comment on key gear.mekasuit.bodyArmorArmor does not match the spec. This may create a backup.
[02May2025 22:24:37.137] [Server thread/WARN] [net.minecraftforge.common.ForgeConfigSpec/CORE]: Incorrect key gear.mekasuit.pantsArmor was corrected from null to its default, 6. 
[02May2025 22:24:37.137] [Server thread/DEBUG] [net.minecraftforge.common.ForgeConfigSpec/CORE]: The comment on key gear.mekasuit.pantsArmor does not match the spec. This may create a backup.
[02May2025 22:24:37.137] [Server thread/WARN] [net.minecraftforge.common.ForgeConfigSpec/CORE]: Incorrect key gear.mekasuit.bootsArmor was corrected from null to its default, 3. 
[02May2025 22:24:37.138] [Server thread/DEBUG] [net.minecraftforge.common.ForgeConfigSpec/CORE]: The comment on key gear.mekasuit.bootsArmor does not match the spec. This may create a backup.
[02May2025 22:24:37.138] [Server thread/WARN] [net.minecraftforge.common.ForgeConfigSpec/CORE]: Incorrect key gear.mekasuit.toughness was corrected from null to its default, 3.0. 
[02May2025 22:24:37.138] [Server thread/DEBUG] [net.minecraftforge.common.ForgeConfigSpec/CORE]: The comment on key gear.mekasuit.toughness does not match the spec. This may create a backup.
[02May2025 22:24:37.139] [Server thread/WARN] [net.minecraftforge.common.ForgeConfigSpec/CORE]: Incorrect key gear.mekasuit.knockbackResistance was corrected from null to its default, 0.10000000149011612. 
[02May2025 22:24:37.139] [Server thread/DEBUG] [net.minecraftforge.common.ForgeConfigSpec/CORE]: The comment on key gear.mekasuit.knockbackResistance does not match the spec. This may create a backup.
[02May2025 22:24:37.139] [Server thread/WARN] [net.minecraftforge.common.ForgeConfigSpec/CORE]: Incorrect key gear.mekasuit.damage_absorption was corrected from null to its default, SimpleCommentedConfig:{}. 
[02May2025 22:24:37.140] [Server thread/WARN] [net.minecraftforge.common.ForgeConfigSpec/CORE]: Incorrect key gear.mekasuit.damage_absorption.fallDamageReductionRatio was corrected from null to its default, 1.0. 
[02May2025 22:24:37.140] [Server thread/DEBUG] [net.minecraftforge.common.ForgeConfigSpec/CORE]: The comment on key gear.mekasuit.damage_absorption.fallDamageReductionRatio does not match the spec. This may create a backup.
[02May2025 22:24:37.140] [Server thread/WARN] [net.minecraftforge.common.ForgeConfigSpec/CORE]: Incorrect key gear.mekasuit.damage_absorption.magicDamageReductionRatio was corrected from null to its default, 1.0. 
[02May2025 22:24:37.140] [Server thread/DEBUG] [net.minecraftforge.common.ForgeConfigSpec/CORE]: The comment on key gear.mekasuit.damage_absorption.magicDamageReductionRatio does not match the spec. This may create a backup.
[02May2025 22:24:37.140] [Server thread/WARN] [net.minecraftforge.common.ForgeConfigSpec/CORE]: Incorrect key gear.mekasuit.damage_absorption.unspecifiedDamageReductionRatio was corrected from null to its default, 1.0. 
[02May2025 22:24:37.140] [Server thread/DEBUG] [net.minecraftforge.common.ForgeConfigSpec/CORE]: The comment on key gear.mekasuit.damage_absorption.unspecifiedDamageReductionRatio does not match the spec. This may create a backup.
[02May2025 22:24:37.140] [Server thread/DEBUG] [net.minecraftforge.common.ForgeConfigSpec/CORE]: List on key damageReductionRatio is deemed to need correction, as it is null or not a list.
[02May2025 22:24:37.146] [Server thread/WARN] [net.minecraftforge.common.ForgeConfigSpec/CORE]: Incorrect key gear.mekasuit.damage_absorption.damageReductionRatio was corrected from null to its default, [minecraft:cactus,1.0, minecraft:cramming,1.0, minecraft:dragon_breath,1.0, minecraft:dry_out,1.0, minecraft:fall,1.0, minecraft:falling_anvil,1.0, minecraft:falling_block,1.0, minecraft:falling_stalactite,1.0, minecraft:fly_into_wall,1.0, minecraft:freeze,1.0, minecraft:generic,1.0, minecraft:hot_floor,1.0, minecraft:in_fire,1.0, minecraft:in_wall,1.0, minecraft:lava,1.0, minecraft:lightning_bolt,1.0, minecraft:on_fire,1.0, minecraft:sonic_boom,0.75, minecraft:stalagmite,1.0, minecraft:sweet_berry_bush,1.0, minecraft:wither,1.0]. 
[02May2025 22:24:37.146] [Server thread/DEBUG] [net.minecraftforge.common.ForgeConfigSpec/CORE]: The comment on key gear.mekasuit.damage_absorption.damageReductionRatio does not match the spec. This may create a backup.
[02May2025 22:24:37.146] [Server thread/DEBUG] [net.minecraftforge.common.ForgeConfigSpec/CORE]: The comment on key gear.mekasuit does not match the spec. This may create a backup.
[02May2025 22:24:37.146] [Server thread/DEBUG] [net.minecraftforge.common.ForgeConfigSpec/CORE]: The comment on key gear does not match the spec. This may create a backup.
[02May2025 22:24:37.149] [Thread-2/DEBUG] [net.minecraftforge.fml.config.ConfigFileTypeHandler/CONFIG]: Config file Mekanism/gear.toml changed, sending notifies
[02May2025 22:24:37.152] [Server thread/DEBUG] [net.minecraftforge.fml.config.ConfigFileTypeHandler/CONFIG]: Built TOML config for /workspaces/moddedserver/config/Mekanism/machine-storage.toml
[02May2025 22:24:37.156] [Server thread/DEBUG] [net.minecraftforge.fml.config.ConfigFileTypeHandler/CONFIG]: Loaded TOML config file /workspaces/moddedserver/config/Mekanism/machine-storage.toml
[02May2025 22:24:37.156] [Server thread/DEBUG] [net.minecraftforge.fml.config.ConfigFileTypeHandler/CONFIG]: Watching TOML config file /workspaces/moddedserver/config/Mekanism/machine-storage.toml for changes
[02May2025 22:24:37.157] [Server thread/WARN] [net.minecraftforge.common.ForgeConfigSpec/CORE]: Configuration file /workspaces/moddedserver/config/Mekanism/machine-storage.toml is not correct. Correcting
[02May2025 22:24:37.155] [Thread-2/DEBUG] [net.minecraftforge.fml.config.ConfigFileTypeHandler/CONFIG]: Config file Mekanism/gear.toml changed, sending notifies
[02May2025 22:24:37.157] [Server thread/WARN] [net.minecraftforge.common.ForgeConfigSpec/CORE]: Incorrect key storage was corrected from null to its default, SimpleCommentedConfig:{}. 
[02May2025 22:24:37.158] [Server thread/WARN] [net.minecraftforge.common.ForgeConfigSpec/CORE]: Incorrect key storage.enrichmentChamber was corrected from null to its default, 20000. 
[02May2025 22:24:37.159] [Server thread/DEBUG] [net.minecraftforge.common.ForgeConfigSpec/CORE]: The comment on key storage.enrichmentChamber does not match the spec. This may create a backup.
[02May2025 22:24:37.159] [Server thread/WARN] [net.minecraftforge.common.ForgeConfigSpec/CORE]: Incorrect key storage.osmiumCompressor was corrected from null to its default, 80000. 
[02May2025 22:24:37.159] [Server thread/DEBUG] [net.minecraftforge.common.ForgeConfigSpec/CORE]: The comment on key storage.osmiumCompressor does not match the spec. This may create a backup.
[02May2025 22:24:37.159] [Server thread/WARN] [net.minecraftforge.common.ForgeConfigSpec/CORE]: Incorrect key storage.combiner was corrected from null to its default, 40000. 
[02May2025 22:24:37.160] [Server thread/DEBUG] [net.minecraftforge.common.ForgeConfigSpec/CORE]: The comment on key storage.combiner does not match the spec. This may create a backup.
[02May2025 22:24:37.160] [Server thread/WARN] [net.minecraftforge.common.ForgeConfigSpec/CORE]: Incorrect key storage.crusher was corrected from null to its default, 20000. 
[02May2025 22:24:37.160] [Server thread/DEBUG] [net.minecraftforge.common.ForgeConfigSpec/CORE]: The comment on key storage.crusher does not match the spec. This may create a backup.
[02May2025 22:24:37.160] [Server thread/WARN] [net.minecraftforge.common.ForgeConfigSpec/CORE]: Incorrect key storage.metallurgicInfuser was corrected from null to its default, 20000. 
[02May2025 22:24:37.160] [Server thread/DEBUG] [net.minecraftforge.common.ForgeConfigSpec/CORE]: The comment on key storage.metallurgicInfuser does not match the spec. This may create a backup.
[02May2025 22:24:37.160] [Server thread/WARN] [net.minecraftforge.common.ForgeConfigSpec/CORE]: Incorrect key storage.purificationChamber was corrected from null to its default, 80000. 
[02May2025 22:24:37.160] [Server thread/DEBUG] [net.minecraftforge.common.ForgeConfigSpec/CORE]: The comment on key storage.purificationChamber does not match the spec. This may create a backup.
[02May2025 22:24:37.160] [Server thread/WARN] [net.minecraftforge.common.ForgeConfigSpec/CORE]: Incorrect key storage.energizedSmelter was corrected from null to its default, 20000. 
[02May2025 22:24:37.160] [Server thread/DEBUG] [net.minecraftforge.common.ForgeConfigSpec/CORE]: The comment on key storage.energizedSmelter does not match the spec. This may create a backup.
[02May2025 22:24:37.160] [Server thread/WARN] [net.minecraftforge.common.ForgeConfigSpec/CORE]: Incorrect key storage.digitalMiner was corrected from null to its default, 50000. 
[02May2025 22:24:37.161] [Server thread/DEBUG] [net.minecraftforge.common.ForgeConfigSpec/CORE]: The comment on key storage.digitalMiner does not match the spec. This may create a backup.
[02May2025 22:24:37.161] [Server thread/WARN] [net.minecraftforge.common.ForgeConfigSpec/CORE]: Incorrect key storage.electricPump was corrected from null to its default, 40000. 
[02May2025 22:24:37.161] [Server thread/DEBUG] [net.minecraftforge.common.ForgeConfigSpec/CORE]: The comment on key storage.electricPump does not match the spec. This may create a backup.
[02May2025 22:24:37.161] [Server thread/WARN] [net.minecraftforge.common.ForgeConfigSpec/CORE]: Incorrect key storage.chargePad was corrected from null to its default, 2048000. 
[02May2025 22:24:37.161] [Server thread/DEBUG] [net.minecraftforge.common.ForgeConfigSpec/CORE]: The comment on key storage.chargePad does not match the spec. This may create a backup.
[02May2025 22:24:37.161] [Server thread/WARN] [net.minecraftforge.common.ForgeConfigSpec/CORE]: Incorrect key storage.rotaryCondensentrator was corrected from null to its default, 20000. 
[02May2025 22:24:37.161] [Server thread/DEBUG] [net.minecraftforge.common.ForgeConfigSpec/CORE]: The comment on key storage.rotaryCondensentrator does not match the spec. This may create a backup.
[02May2025 22:24:37.161] [Server thread/WARN] [net.minecraftforge.common.ForgeConfigSpec/CORE]: Incorrect key storage.oxidationChamber was corrected from null to its default, 80000. 
[02May2025 22:24:37.162] [Server thread/DEBUG] [net.minecraftforge.common.ForgeConfigSpec/CORE]: The comment on key storage.oxidationChamber does not match the spec. This may create a backup.
[02May2025 22:24:37.162] [Server thread/WARN] [net.minecraftforge.common.ForgeConfigSpec/CORE]: Incorrect key storage.chemicalInfuser was corrected from null to its default, 80000. 
[02May2025 22:24:37.163] [Server thread/DEBUG] [net.minecraftforge.common.ForgeConfigSpec/CORE]: The comment on key storage.chemicalInfuser does not match the spec. This may create a backup.
[02May2025 22:24:37.163] [Server thread/WARN] [net.minecraftforge.common.ForgeConfigSpec/CORE]: Incorrect key storage.chemicalInjectionChamber was corrected from null to its default, 160000. 
[02May2025 22:24:37.163] [Server thread/DEBUG] [net.minecraftforge.common.ForgeConfigSpec/CORE]: The comment on key storage.chemicalInjectionChamber does not match the spec. This may create a backup.
[02May2025 22:24:37.163] [Server thread/WARN] [net.minecraftforge.common.ForgeConfigSpec/CORE]: Incorrect key storage.electrolyticSeparator was corrected from null to its default, 160000. 
[02May2025 22:24:37.164] [Server thread/DEBUG] [net.minecraftforge.common.ForgeConfigSpec/CORE]: The comment on key storage.electrolyticSeparator does not match the spec. This may create a backup.
[02May2025 22:24:37.164] [Server thread/WARN] [net.minecraftforge.common.ForgeConfigSpec/CORE]: Incorrect key storage.precisionSawmill was corrected from null to its default, 20000. 
[02May2025 22:24:37.164] [Server thread/DEBUG] [net.minecraftforge.common.ForgeConfigSpec/CORE]: The comment on key storage.precisionSawmill does not match the spec. This may create a backup.
[02May2025 22:24:37.164] [Server thread/WARN] [net.minecraftforge.common.ForgeConfigSpec/CORE]: Incorrect key storage.chemicalDissolutionChamber was corrected from null to its default, 160000. 
[02May2025 22:24:37.165] [Server thread/DEBUG] [net.minecraftforge.common.ForgeConfigSpec/CORE]: The comment on key storage.chemicalDissolutionChamber does not match the spec. This may create a backup.
[02May2025 22:24:37.165] [Server thread/WARN] [net.minecraftforge.common.ForgeConfigSpec/CORE]: Incorrect key storage.chemicalWasher was corrected from null to its default, 80000. 
[02May2025 22:24:37.165] [Server thread/DEBUG] [net.minecraftforge.common.ForgeConfigSpec/CORE]: The comment on key storage.chemicalWasher does not match the spec. This may create a backup.
[02May2025 22:24:37.165] [Server thread/WARN] [net.minecraftforge.common.ForgeConfigSpec/CORE]: Incorrect key storage.chemicalCrystallizer was corrected from null to its default, 160000. 
[02May2025 22:24:37.166] [Server thread/DEBUG] [net.minecraftforge.common.ForgeConfigSpec/CORE]: The comment on key storage.chemicalCrystallizer does not match the spec. This may create a backup.
[02May2025 22:24:37.166] [Server thread/WARN] [net.minecraftforge.common.ForgeConfigSpec/CORE]: Incorrect key storage.seismicVibrator was corrected from null to its default, 20000. 
[02May2025 22:24:37.166] [Server thread/DEBUG] [net.minecraftforge.common.ForgeConfigSpec/CORE]: The comment on key storage.seismicVibrator does not match the spec. This may create a backup.
[02May2025 22:24:37.166] [Server thread/WARN] [net.minecraftforge.common.ForgeConfigSpec/CORE]: Incorrect key storage.pressurizedReactionBase was corrected from null to its default, 2000. 
[02May2025 22:24:37.166] [Server thread/DEBUG] [net.minecraftforge.common.ForgeConfigSpec/CORE]: The comment on key storage.pressurizedReactionBase does not match the spec. This may create a backup.
[02May2025 22:24:37.166] [Server thread/WARN] [net.minecraftforge.common.ForgeConfigSpec/CORE]: Incorrect key storage.fluidicPlenisher was corrected from null to its default, 40000. 
[02May2025 22:24:37.166] [Server thread/DEBUG] [net.minecraftforge.common.ForgeConfigSpec/CORE]: The comment on key storage.fluidicPlenisher does not match the spec. This may create a backup.
[02May2025 22:24:37.166] [Server thread/WARN] [net.minecraftforge.common.ForgeConfigSpec/CORE]: Incorrect key storage.laser was corrected from null to its default, 2000000. 
[02May2025 22:24:37.166] [Server thread/DEBUG] [net.minecraftforge.common.ForgeConfigSpec/CORE]: The comment on key storage.laser does not match the spec. This may create a backup.
[02May2025 22:24:37.166] [Server thread/WARN] [net.minecraftforge.common.ForgeConfigSpec/CORE]: Incorrect key storage.laserAmplifier was corrected from null to its default, 5000000000. 
[02May2025 22:24:37.167] [Server thread/DEBUG] [net.minecraftforge.common.ForgeConfigSpec/CORE]: The comment on key storage.laserAmplifier does not match the spec. This may create a backup.
[02May2025 22:24:37.167] [Server thread/WARN] [net.minecraftforge.common.ForgeConfigSpec/CORE]: Incorrect key storage.laserTractorBeam was corrected from null to its default, 5000000000. 
[02May2025 22:24:37.167] [Server thread/DEBUG] [net.minecraftforge.common.ForgeConfigSpec/CORE]: The comment on key storage.laserTractorBeam does not match the spec. This may create a backup.
[02May2025 22:24:37.167] [Server thread/WARN] [net.minecraftforge.common.ForgeConfigSpec/CORE]: Incorrect key storage.formulaicAssemblicator was corrected from null to its default, 40000. 
[02May2025 22:24:37.167] [Server thread/DEBUG] [net.minecraftforge.common.ForgeConfigSpec/CORE]: The comment on key storage.formulaicAssemblicator does not match the spec. This may create a backup.
[02May2025 22:24:37.169] [Server thread/WARN] [net.minecraftforge.common.ForgeConfigSpec/CORE]: Incorrect key storage.teleporter was corrected from null to its default, 5000000. 
[02May2025 22:24:37.169] [Server thread/DEBUG] [net.minecraftforge.common.ForgeConfigSpec/CORE]: The comment on key storage.teleporter does not match the spec. This may create a backup.
[02May2025 22:24:37.169] [Server thread/WARN] [net.minecraftforge.common.ForgeConfigSpec/CORE]: Incorrect key storage.modificationStation was corrected from null to its default, 40000. 
[02May2025 22:24:37.170] [Server thread/DEBUG] [net.minecraftforge.common.ForgeConfigSpec/CORE]: The comment on key storage.modificationStation does not match the spec. This may create a backup.
[02May2025 22:24:37.170] [Server thread/WARN] [net.minecraftforge.common.ForgeConfigSpec/CORE]: Incorrect key storage.isotopicCentrifuge was corrected from null to its default, 80000. 
[02May2025 22:24:37.170] [Server thread/DEBUG] [net.minecraftforge.common.ForgeConfigSpec/CORE]: The comment on key storage.isotopicCentrifuge does not match the spec. This may create a backup.
[02May2025 22:24:37.170] [Server thread/WARN] [net.minecraftforge.common.ForgeConfigSpec/CORE]: Incorrect key storage.nutritionalLiquifier was corrected from null to its default, 40000. 
[02May2025 22:24:37.171] [Server thread/DEBUG] [net.minecraftforge.common.ForgeConfigSpec/CORE]: The comment on key storage.nutritionalLiquifier does not match the spec. This may create a backup.
[02May2025 22:24:37.172] [Server thread/WARN] [net.minecraftforge.common.ForgeConfigSpec/CORE]: Incorrect key storage.antiprotonicNucleosynthesizer was corrected from null to its default, 1000000000. 
[02May2025 22:24:37.172] [Server thread/DEBUG] [net.minecraftforge.common.ForgeConfigSpec/CORE]: The comment on key storage.antiprotonicNucleosynthesizer does not match the spec. This may create a backup.
[02May2025 22:24:37.172] [Server thread/WARN] [net.minecraftforge.common.ForgeConfigSpec/CORE]: Incorrect key storage.pigmentExtractor was corrected from null to its default, 40000. 
[02May2025 22:24:37.173] [Server thread/DEBUG] [net.minecraftforge.common.ForgeConfigSpec/CORE]: The comment on key storage.pigmentExtractor does not match the spec. This may create a backup.
[02May2025 22:24:37.173] [Server thread/WARN] [net.minecraftforge.common.ForgeConfigSpec/CORE]: Incorrect key storage.pigmentMixer was corrected from null to its default, 80000. 
[02May2025 22:24:37.173] [Server thread/DEBUG] [net.minecraftforge.common.ForgeConfigSpec/CORE]: The comment on key storage.pigmentMixer does not match the spec. This may create a backup.
[02May2025 22:24:37.174] [Server thread/WARN] [net.minecraftforge.common.ForgeConfigSpec/CORE]: Incorrect key storage.paintingMachine was corrected from null to its default, 40000. 
[02May2025 22:24:37.174] [Server thread/DEBUG] [net.minecraftforge.common.ForgeConfigSpec/CORE]: The comment on key storage.paintingMachine does not match the spec. This may create a backup.
[02May2025 22:24:37.174] [Server thread/WARN] [net.minecraftforge.common.ForgeConfigSpec/CORE]: Incorrect key storage.spsPort was corrected from null to its default, 1000000000. 
[02May2025 22:24:37.174] [Server thread/DEBUG] [net.minecraftforge.common.ForgeConfigSpec/CORE]: The comment on key storage.spsPort does not match the spec. This may create a backup.
[02May2025 22:24:37.175] [Server thread/WARN] [net.minecraftforge.common.ForgeConfigSpec/CORE]: Incorrect key storage.dimensionalStabilizer was corrected from null to its default, 40000. 
[02May2025 22:24:37.175] [Server thread/DEBUG] [net.minecraftforge.common.ForgeConfigSpec/CORE]: The comment on key storage.dimensionalStabilizer does not match the spec. This may create a backup.
[02May2025 22:24:37.175] [Server thread/DEBUG] [net.minecraftforge.common.ForgeConfigSpec/CORE]: The comment on key storage does not match the spec. This may create a backup.
[02May2025 22:24:37.177] [Thread-2/DEBUG] [net.minecraftforge.fml.config.ConfigFileTypeHandler/CONFIG]: Config file Mekanism/machine-storage.toml changed, sending notifies
[02May2025 22:24:37.179] [Thread-2/DEBUG] [net.minecraftforge.fml.config.ConfigFileTypeHandler/CONFIG]: Config file Mekanism/machine-storage.toml changed, sending notifies
[02May2025 22:24:37.179] [Server thread/DEBUG] [net.minecraftforge.fml.config.ConfigFileTypeHandler/CONFIG]: Built TOML config for /workspaces/moddedserver/config/Mekanism/tiers.toml
[02May2025 22:24:37.179] [Server thread/DEBUG] [net.minecraftforge.fml.config.ConfigFileTypeHandler/CONFIG]: Loaded TOML config file /workspaces/moddedserver/config/Mekanism/tiers.toml
[02May2025 22:24:37.180] [Server thread/DEBUG] [net.minecraftforge.fml.config.ConfigFileTypeHandler/CONFIG]: Watching TOML config file /workspaces/moddedserver/config/Mekanism/tiers.toml for changes
[02May2025 22:24:37.181] [Server thread/WARN] [net.minecraftforge.common.ForgeConfigSpec/CORE]: Configuration file /workspaces/moddedserver/config/Mekanism/tiers.toml is not correct. Correcting
[02May2025 22:24:37.183] [Server thread/WARN] [net.minecraftforge.common.ForgeConfigSpec/CORE]: Incorrect key tier was corrected from null to its default, SimpleCommentedConfig:{}. 
[02May2025 22:24:37.186] [Server thread/WARN] [net.minecraftforge.common.ForgeConfigSpec/CORE]: Incorrect key tier.energy_cubes was corrected from null to its default, SimpleCommentedConfig:{}. 
[02May2025 22:24:37.186] [Server thread/WARN] [net.minecraftforge.common.ForgeConfigSpec/CORE]: Incorrect key tier.energy_cubes.basicStorage was corrected from null to its default, 4000000. 
[02May2025 22:24:37.186] [Server thread/DEBUG] [net.minecraftforge.common.ForgeConfigSpec/CORE]: The comment on key tier.energy_cubes.basicStorage does not match the spec. This may create a backup.
[02May2025 22:24:37.186] [Server thread/WARN] [net.minecraftforge.common.ForgeConfigSpec/CORE]: Incorrect key tier.energy_cubes.basicOutput was corrected from null to its default, 4000. 
[02May2025 22:24:37.186] [Server thread/DEBUG] [net.minecraftforge.common.ForgeConfigSpec/CORE]: The comment on key tier.energy_cubes.basicOutput does not match the spec. This may create a backup.
[02May2025 22:24:37.186] [Server thread/WARN] [net.minecraftforge.common.ForgeConfigSpec/CORE]: Incorrect key tier.energy_cubes.advancedStorage was corrected from null to its default, 16000000. 
[02May2025 22:24:37.187] [Server thread/DEBUG] [net.minecraftforge.common.ForgeConfigSpec/CORE]: The comment on key tier.energy_cubes.advancedStorage does not match the spec. This may create a backup.
[02May2025 22:24:37.187] [Server thread/WARN] [net.minecraftforge.common.ForgeConfigSpec/CORE]: Incorrect key tier.energy_cubes.advancedOutput was corrected from null to its default, 16000. 
[02May2025 22:24:37.187] [Server thread/DEBUG] [net.minecraftforge.common.ForgeConfigSpec/CORE]: The comment on key tier.energy_cubes.advancedOutput does not match the spec. This may create a backup.
[02May2025 22:24:37.187] [Server thread/WARN] [net.minecraftforge.common.ForgeConfigSpec/CORE]: Incorrect key tier.energy_cubes.eliteStorage was corrected from null to its default, 64000000. 
[02May2025 22:24:37.187] [Server thread/DEBUG] [net.minecraftforge.common.ForgeConfigSpec/CORE]: The comment on key tier.energy_cubes.eliteStorage does not match the spec. This may create a backup.
[02May2025 22:24:37.187] [Server thread/WARN] [net.minecraftforge.common.ForgeConfigSpec/CORE]: Incorrect key tier.energy_cubes.eliteOutput was corrected from null to its default, 64000. 
[02May2025 22:24:37.187] [Server thread/DEBUG] [net.minecraftforge.common.ForgeConfigSpec/CORE]: The comment on key tier.energy_cubes.eliteOutput does not match the spec. This may create a backup.
[02May2025 22:24:37.187] [Server thread/WARN] [net.minecraftforge.common.ForgeConfigSpec/CORE]: Incorrect key tier.energy_cubes.ultimateStorage was corrected from null to its default, 256000000. 
[02May2025 22:24:37.187] [Server thread/DEBUG] [net.minecraftforge.common.ForgeConfigSpec/CORE]: The comment on key tier.energy_cubes.ultimateStorage does not match the spec. This may create a backup.
[02May2025 22:24:37.187] [Server thread/WARN] [net.minecraftforge.common.ForgeConfigSpec/CORE]: Incorrect key tier.energy_cubes.ultimateOutput was corrected from null to its default, 256000. 
[02May2025 22:24:37.190] [Server thread/DEBUG] [net.minecraftforge.common.ForgeConfigSpec/CORE]: The comment on key tier.energy_cubes.ultimateOutput does not match the spec. This may create a backup.
[02May2025 22:24:37.191] [Server thread/WARN] [net.minecraftforge.common.ForgeConfigSpec/CORE]: Incorrect key tier.energy_cubes.creativeStorage was corrected from null to its default, 18446744073709551615.9999. 
[02May2025 22:24:37.192] [Server thread/DEBUG] [net.minecraftforge.common.ForgeConfigSpec/CORE]: The comment on key tier.energy_cubes.creativeStorage does not match the spec. This may create a backup.
[02May2025 22:24:37.192] [Server thread/WARN] [net.minecraftforge.common.ForgeConfigSpec/CORE]: Incorrect key tier.energy_cubes.creativeOutput was corrected from null to its default, 18446744073709551615.9999. 
[02May2025 22:24:37.193] [Server thread/DEBUG] [net.minecraftforge.common.ForgeConfigSpec/CORE]: The comment on key tier.energy_cubes.creativeOutput does not match the spec. This may create a backup.
[02May2025 22:24:37.194] [Server thread/DEBUG] [net.minecraftforge.common.ForgeConfigSpec/CORE]: The comment on key tier.energy_cubes does not match the spec. This may create a backup.
[02May2025 22:24:37.194] [Server thread/WARN] [net.minecraftforge.common.ForgeConfigSpec/CORE]: Incorrect key tier.fluid_tanks was corrected from null to its default, SimpleCommentedConfig:{}. 
[02May2025 22:24:37.195] [Server thread/WARN] [net.minecraftforge.common.ForgeConfigSpec/CORE]: Incorrect key tier.fluid_tanks.basicStorage was corrected from null to its default, 32000. 
[02May2025 22:24:37.197] [Server thread/DEBUG] [net.minecraftforge.common.ForgeConfigSpec/CORE]: The comment on key tier.fluid_tanks.basicStorage does not match the spec. This may create a backup.
[02May2025 22:24:37.197] [Server thread/WARN] [net.minecraftforge.common.ForgeConfigSpec/CORE]: Incorrect key tier.fluid_tanks.basicOutput was corrected from null to its default, 1000. 
[02May2025 22:24:37.198] [Server thread/DEBUG] [net.minecraftforge.common.ForgeConfigSpec/CORE]: The comment on key tier.fluid_tanks.basicOutput does not match the spec. This may create a backup.
[02May2025 22:24:37.198] [Server thread/WARN] [net.minecraftforge.common.ForgeConfigSpec/CORE]: Incorrect key tier.fluid_tanks.advancedStorage was corrected from null to its default, 64000. 
[02May2025 22:24:37.201] [Server thread/DEBUG] [net.minecraftforge.common.ForgeConfigSpec/CORE]: The comment on key tier.fluid_tanks.advancedStorage does not match the spec. This may create a backup.
[02May2025 22:24:37.202] [Server thread/WARN] [net.minecraftforge.common.ForgeConfigSpec/CORE]: Incorrect key tier.fluid_tanks.advancedOutput was corrected from null to its default, 4000. 
[02May2025 22:24:37.202] [Server thread/DEBUG] [net.minecraftforge.common.ForgeConfigSpec/CORE]: The comment on key tier.fluid_tanks.advancedOutput does not match the spec. This may create a backup.
[02May2025 22:24:37.202] [Server thread/WARN] [net.minecraftforge.common.ForgeConfigSpec/CORE]: Incorrect key tier.fluid_tanks.eliteStorage was corrected from null to its default, 128000. 
[02May2025 22:24:37.202] [Server thread/DEBUG] [net.minecraftforge.common.ForgeConfigSpec/CORE]: The comment on key tier.fluid_tanks.eliteStorage does not match the spec. This may create a backup.
[02May2025 22:24:37.202] [Server thread/WARN] [net.minecraftforge.common.ForgeConfigSpec/CORE]: Incorrect key tier.fluid_tanks.eliteOutput was corrected from null to its default, 16000. 
[02May2025 22:24:37.203] [Server thread/DEBUG] [net.minecraftforge.common.ForgeConfigSpec/CORE]: The comment on key tier.fluid_tanks.eliteOutput does not match the spec. This may create a backup.
[02May2025 22:24:37.203] [Server thread/WARN] [net.minecraftforge.common.ForgeConfigSpec/CORE]: Incorrect key tier.fluid_tanks.ultimateStorage was corrected from null to its default, 256000. 
[02May2025 22:24:37.203] [Server thread/DEBUG] [net.minecraftforge.common.ForgeConfigSpec/CORE]: The comment on key tier.fluid_tanks.ultimateStorage does not match the spec. This may create a backup.
[02May2025 22:24:37.203] [Server thread/WARN] [net.minecraftforge.common.ForgeConfigSpec/CORE]: Incorrect key tier.fluid_tanks.ultimateOutput was corrected from null to its default, 64000. 
[02May2025 22:24:37.203] [Server thread/DEBUG] [net.minecraftforge.common.ForgeConfigSpec/CORE]: The comment on key tier.fluid_tanks.ultimateOutput does not match the spec. This may create a backup.
[02May2025 22:24:37.203] [Server thread/WARN] [net.minecraftforge.common.ForgeConfigSpec/CORE]: Incorrect key tier.fluid_tanks.creativeStorage was corrected from null to its default, 2147483647. 
[02May2025 22:24:37.203] [Server thread/DEBUG] [net.minecraftforge.common.ForgeConfigSpec/CORE]: The comment on key tier.fluid_tanks.creativeStorage does not match the spec. This may create a backup.
[02May2025 22:24:37.203] [Server thread/WARN] [net.minecraftforge.common.ForgeConfigSpec/CORE]: Incorrect key tier.fluid_tanks.creativeOutput was corrected from null to its default, 1073741823. 
[02May2025 22:24:37.203] [Server thread/DEBUG] [net.minecraftforge.common.ForgeConfigSpec/CORE]: The comment on key tier.fluid_tanks.creativeOutput does not match the spec. This may create a backup.
[02May2025 22:24:37.203] [Server thread/DEBUG] [net.minecraftforge.common.ForgeConfigSpec/CORE]: The comment on key tier.fluid_tanks does not match the spec. This may create a backup.
[02May2025 22:24:37.203] [Server thread/WARN] [net.minecraftforge.common.ForgeConfigSpec/CORE]: Incorrect key tier.chemical_tanks was corrected from null to its default, SimpleCommentedConfig:{}. 
[02May2025 22:24:37.209] [Server thread/WARN] [net.minecraftforge.common.ForgeConfigSpec/CORE]: Incorrect key tier.chemical_tanks.basicStorage was corrected from null to its default, 64000. 
[02May2025 22:24:37.209] [Server thread/DEBUG] [net.minecraftforge.common.ForgeConfigSpec/CORE]: The comment on key tier.chemical_tanks.basicStorage does not match the spec. This may create a backup.
[02May2025 22:24:37.209] [Server thread/WARN] [net.minecraftforge.common.ForgeConfigSpec/CORE]: Incorrect key tier.chemical_tanks.basicOutput was corrected from null to its default, 1000. 
[02May2025 22:24:37.211] [Server thread/DEBUG] [net.minecraftforge.common.ForgeConfigSpec/CORE]: The comment on key tier.chemical_tanks.basicOutput does not match the spec. This may create a backup.
[02May2025 22:24:37.211] [Server thread/WARN] [net.minecraftforge.common.ForgeConfigSpec/CORE]: Incorrect key tier.chemical_tanks.advancedStorage was corrected from null to its default, 256000. 
[02May2025 22:24:37.212] [Server thread/DEBUG] [net.minecraftforge.common.ForgeConfigSpec/CORE]: The comment on key tier.chemical_tanks.advancedStorage does not match the spec. This may create a backup.
[02May2025 22:24:37.212] [Server thread/WARN] [net.minecraftforge.common.ForgeConfigSpec/CORE]: Incorrect key tier.chemical_tanks.advancedOutput was corrected from null to its default, 16000. 
[02May2025 22:24:37.212] [Server thread/DEBUG] [net.minecraftforge.common.ForgeConfigSpec/CORE]: The comment on key tier.chemical_tanks.advancedOutput does not match the spec. This may create a backup.
[02May2025 22:24:37.212] [Server thread/WARN] [net.minecraftforge.common.ForgeConfigSpec/CORE]: Incorrect key tier.chemical_tanks.eliteStorage was corrected from null to its default, 1024000. 
[02May2025 22:24:37.212] [Server thread/DEBUG] [net.minecraftforge.common.ForgeConfigSpec/CORE]: The comment on key tier.chemical_tanks.eliteStorage does not match the spec. This may create a backup.
[02May2025 22:24:37.212] [Server thread/WARN] [net.minecraftforge.common.ForgeConfigSpec/CORE]: Incorrect key tier.chemical_tanks.eliteOutput was corrected from null to its default, 128000. 
[02May2025 22:24:37.212] [Server thread/DEBUG] [net.minecraftforge.common.ForgeConfigSpec/CORE]: The comment on key tier.chemical_tanks.eliteOutput does not match the spec. This may create a backup.
[02May2025 22:24:37.212] [Server thread/WARN] [net.minecraftforge.common.ForgeConfigSpec/CORE]: Incorrect key tier.chemical_tanks.ultimateStorage was corrected from null to its default, 8192000. 
[02May2025 22:24:37.212] [Server thread/DEBUG] [net.minecraftforge.common.ForgeConfigSpec/CORE]: The comment on key tier.chemical_tanks.ultimateStorage does not match the spec. This may create a backup.
[02May2025 22:24:37.212] [Server thread/WARN] [net.minecraftforge.common.ForgeConfigSpec/CORE]: Incorrect key tier.chemical_tanks.ultimateOutput was corrected from null to its default, 512000. 
[02May2025 22:24:37.213] [Server thread/DEBUG] [net.minecraftforge.common.ForgeConfigSpec/CORE]: The comment on key tier.chemical_tanks.ultimateOutput does not match the spec. This may create a backup.
[02May2025 22:24:37.213] [Server thread/WARN] [net.minecraftforge.common.ForgeConfigSpec/CORE]: Incorrect key tier.chemical_tanks.creativeStorage was corrected from null to its default, 9223372036854775807. 
[02May2025 22:24:37.213] [Server thread/DEBUG] [net.minecraftforge.common.ForgeConfigSpec/CORE]: The comment on key tier.chemical_tanks.creativeStorage does not match the spec. This may create a backup.
[02May2025 22:24:37.213] [Server thread/WARN] [net.minecraftforge.common.ForgeConfigSpec/CORE]: Incorrect key tier.chemical_tanks.creativeOutput was corrected from null to its default, 4611686018427387903. 
[02May2025 22:24:37.213] [Server thread/DEBUG] [net.minecraftforge.common.ForgeConfigSpec/CORE]: The comment on key tier.chemical_tanks.creativeOutput does not match the spec. This may create a backup.
[02May2025 22:24:37.213] [Server thread/DEBUG] [net.minecraftforge.common.ForgeConfigSpec/CORE]: The comment on key tier.chemical_tanks does not match the spec. This may create a backup.
[02May2025 22:24:37.213] [Server thread/WARN] [net.minecraftforge.common.ForgeConfigSpec/CORE]: Incorrect key tier.bins was corrected from null to its default, SimpleCommentedConfig:{}. 
[02May2025 22:24:37.213] [Server thread/WARN] [net.minecraftforge.common.ForgeConfigSpec/CORE]: Incorrect key tier.bins.basicStorage was corrected from null to its default, 4096. 
[02May2025 22:24:37.213] [Server thread/DEBUG] [net.minecraftforge.common.ForgeConfigSpec/CORE]: The comment on key tier.bins.basicStorage does not match the spec. This may create a backup.
[02May2025 22:24:37.213] [Server thread/WARN] [net.minecraftforge.common.ForgeConfigSpec/CORE]: Incorrect key tier.bins.advancedStorage was corrected from null to its default, 8192. 
[02May2025 22:24:37.214] [Server thread/DEBUG] [net.minecraftforge.common.ForgeConfigSpec/CORE]: The comment on key tier.bins.advancedStorage does not match the spec. This may create a backup.
[02May2025 22:24:37.214] [Server thread/WARN] [net.minecraftforge.common.ForgeConfigSpec/CORE]: Incorrect key tier.bins.eliteStorage was corrected from null to its default, 32768. 
[02May2025 22:24:37.215] [Server thread/DEBUG] [net.minecraftforge.common.ForgeConfigSpec/CORE]: The comment on key tier.bins.eliteStorage does not match the spec. This may create a backup.
[02May2025 22:24:37.215] [Server thread/WARN] [net.minecraftforge.common.ForgeConfigSpec/CORE]: Incorrect key tier.bins.ultimateStorage was corrected from null to its default, 262144. 
[02May2025 22:24:37.215] [Server thread/DEBUG] [net.minecraftforge.common.ForgeConfigSpec/CORE]: The comment on key tier.bins.ultimateStorage does not match the spec. This may create a backup.
[02May2025 22:24:37.215] [Server thread/WARN] [net.minecraftforge.common.ForgeConfigSpec/CORE]: Incorrect key tier.bins.creativeStorage was corrected from null to its default, 2147483647. 
[02May2025 22:24:37.218] [Server thread/DEBUG] [net.minecraftforge.common.ForgeConfigSpec/CORE]: The comment on key tier.bins.creativeStorage does not match the spec. This may create a backup.
[02May2025 22:24:37.218] [Server thread/DEBUG] [net.minecraftforge.common.ForgeConfigSpec/CORE]: The comment on key tier.bins does not match the spec. This may create a backup.
[02May2025 22:24:37.218] [Server thread/WARN] [net.minecraftforge.common.ForgeConfigSpec/CORE]: Incorrect key tier.induction was corrected from null to its default, SimpleCommentedConfig:{}. 
[02May2025 22:24:37.220] [Server thread/WARN] [net.minecraftforge.common.ForgeConfigSpec/CORE]: Incorrect key tier.induction.basicStorage was corrected from null to its default, 8000000000. 
[02May2025 22:24:37.220] [Server thread/DEBUG] [net.minecraftforge.common.ForgeConfigSpec/CORE]: The comment on key tier.induction.basicStorage does not match the spec. This may create a backup.
[02May2025 22:24:37.221] [Server thread/WARN] [net.minecraftforge.common.ForgeConfigSpec/CORE]: Incorrect key tier.induction.advancedStorage was corrected from null to its default, 64000000000. 
[02May2025 22:24:37.221] [Server thread/DEBUG] [net.minecraftforge.common.ForgeConfigSpec/CORE]: The comment on key tier.induction.advancedStorage does not match the spec. This may create a backup.
[02May2025 22:24:37.222] [Server thread/WARN] [net.minecraftforge.common.ForgeConfigSpec/CORE]: Incorrect key tier.induction.eliteStorage was corrected from null to its default, 512000000000. 
[02May2025 22:24:37.222] [Server thread/DEBUG] [net.minecraftforge.common.ForgeConfigSpec/CORE]: The comment on key tier.induction.eliteStorage does not match the spec. This may create a backup.
[02May2025 22:24:37.222] [Server thread/WARN] [net.minecraftforge.common.ForgeConfigSpec/CORE]: Incorrect key tier.induction.ultimateStorage was corrected from null to its default, 4000000000000. 
[02May2025 22:24:37.222] [Server thread/DEBUG] [net.minecraftforge.common.ForgeConfigSpec/CORE]: The comment on key tier.induction.ultimateStorage does not match the spec. This may create a backup.
[02May2025 22:24:37.223] [Server thread/WARN] [net.minecraftforge.common.ForgeConfigSpec/CORE]: Incorrect key tier.induction.basicOutput was corrected from null to its default, 256000. 
[02May2025 22:24:37.223] [Server thread/DEBUG] [net.minecraftforge.common.ForgeConfigSpec/CORE]: The comment on key tier.induction.basicOutput does not match the spec. This may create a backup.
[02May2025 22:24:37.223] [Server thread/WARN] [net.minecraftforge.common.ForgeConfigSpec/CORE]: Incorrect key tier.induction.advancedOutput was corrected from null to its default, 2048000. 
[02May2025 22:24:37.224] [Server thread/DEBUG] [net.minecraftforge.common.ForgeConfigSpec/CORE]: The comment on key tier.induction.advancedOutput does not match the spec. This may create a backup.
[02May2025 22:24:37.224] [Server thread/WARN] [net.minecraftforge.common.ForgeConfigSpec/CORE]: Incorrect key tier.induction.eliteOutput was corrected from null to its default, 16384000. 
[02May2025 22:24:37.224] [Server thread/DEBUG] [net.minecraftforge.common.ForgeConfigSpec/CORE]: The comment on key tier.induction.eliteOutput does not match the spec. This may create a backup.
[02May2025 22:24:37.224] [Server thread/WARN] [net.minecraftforge.common.ForgeConfigSpec/CORE]: Incorrect key tier.induction.ultimateOutput was corrected from null to its default, 131072000. 
[02May2025 22:24:37.224] [Server thread/DEBUG] [net.minecraftforge.common.ForgeConfigSpec/CORE]: The comment on key tier.induction.ultimateOutput does not match the spec. This may create a backup.
[02May2025 22:24:37.224] [Server thread/DEBUG] [net.minecraftforge.common.ForgeConfigSpec/CORE]: The comment on key tier.induction does not match the spec. This may create a backup.
[02May2025 22:24:37.224] [Server thread/WARN] [net.minecraftforge.common.ForgeConfigSpec/CORE]: Incorrect key tier.transmitters was corrected from null to its default, SimpleCommentedConfig:{}. 
[02May2025 22:24:37.224] [Server thread/WARN] [net.minecraftforge.common.ForgeConfigSpec/CORE]: Incorrect key tier.transmitters.energy was corrected from null to its default, SimpleCommentedConfig:{}. 
[02May2025 22:24:37.227] [Server thread/WARN] [net.minecraftforge.common.ForgeConfigSpec/CORE]: Incorrect key tier.transmitters.energy.basicCapacity was corrected from null to its default, 8000. 
[02May2025 22:24:37.227] [Server thread/DEBUG] [net.minecraftforge.common.ForgeConfigSpec/CORE]: The comment on key tier.transmitters.energy.basicCapacity does not match the spec. This may create a backup.
[02May2025 22:24:37.227] [Server thread/WARN] [net.minecraftforge.common.ForgeConfigSpec/CORE]: Incorrect key tier.transmitters.energy.advancedCapacity was corrected from null to its default, 128000. 
[02May2025 22:24:37.229] [Server thread/DEBUG] [net.minecraftforge.common.ForgeConfigSpec/CORE]: The comment on key tier.transmitters.energy.advancedCapacity does not match the spec. This may create a backup.
[02May2025 22:24:37.229] [Server thread/WARN] [net.minecraftforge.common.ForgeConfigSpec/CORE]: Incorrect key tier.transmitters.energy.eliteCapacity was corrected from null to its default, 1024000. 
[02May2025 22:24:37.230] [Server thread/DEBUG] [net.minecraftforge.common.ForgeConfigSpec/CORE]: The comment on key tier.transmitters.energy.eliteCapacity does not match the spec. This may create a backup.
[02May2025 22:24:37.231] [Server thread/WARN] [net.minecraftforge.common.ForgeConfigSpec/CORE]: Incorrect key tier.transmitters.energy.ultimateCapacity was corrected from null to its default, 8192000. 
[02May2025 22:24:37.233] [Server thread/DEBUG] [net.minecraftforge.common.ForgeConfigSpec/CORE]: The comment on key tier.transmitters.energy.ultimateCapacity does not match the spec. This may create a backup.
[02May2025 22:24:37.233] [Server thread/DEBUG] [net.minecraftforge.common.ForgeConfigSpec/CORE]: The comment on key tier.transmitters.energy does not match the spec. This may create a backup.
[02May2025 22:24:37.233] [Server thread/WARN] [net.minecraftforge.common.ForgeConfigSpec/CORE]: Incorrect key tier.transmitters.fluid was corrected from null to its default, SimpleCommentedConfig:{}. 
[02May2025 22:24:37.233] [Server thread/WARN] [net.minecraftforge.common.ForgeConfigSpec/CORE]: Incorrect key tier.transmitters.fluid.basicCapacity was corrected from null to its default, 2000. 
[02May2025 22:24:37.233] [Server thread/DEBUG] [net.minecraftforge.common.ForgeConfigSpec/CORE]: The comment on key tier.transmitters.fluid.basicCapacity does not match the spec. This may create a backup.
[02May2025 22:24:37.233] [Server thread/WARN] [net.minecraftforge.common.ForgeConfigSpec/CORE]: Incorrect key tier.transmitters.fluid.basicPullAmount was corrected from null to its default, 250. 
[02May2025 22:24:37.233] [Server thread/DEBUG] [net.minecraftforge.common.ForgeConfigSpec/CORE]: The comment on key tier.transmitters.fluid.basicPullAmount does not match the spec. This may create a backup.
[02May2025 22:24:37.234] [Server thread/WARN] [net.minecraftforge.common.ForgeConfigSpec/CORE]: Incorrect key tier.transmitters.fluid.advancedCapacity was corrected from null to its default, 8000. 
[02May2025 22:24:37.234] [Server thread/DEBUG] [net.minecraftforge.common.ForgeConfigSpec/CORE]: The comment on key tier.transmitters.fluid.advancedCapacity does not match the spec. This may create a backup.
[02May2025 22:24:37.234] [Server thread/WARN] [net.minecraftforge.common.ForgeConfigSpec/CORE]: Incorrect key tier.transmitters.fluid.advancedPullAmount was corrected from null to its default, 1000. 
[02May2025 22:24:37.234] [Server thread/DEBUG] [net.minecraftforge.common.ForgeConfigSpec/CORE]: The comment on key tier.transmitters.fluid.advancedPullAmount does not match the spec. This may create a backup.
[02May2025 22:24:37.234] [Server thread/WARN] [net.minecraftforge.common.ForgeConfigSpec/CORE]: Incorrect key tier.transmitters.fluid.eliteCapacity was corrected from null to its default, 32000. 
[02May2025 22:24:37.234] [Server thread/DEBUG] [net.minecraftforge.common.ForgeConfigSpec/CORE]: The comment on key tier.transmitters.fluid.eliteCapacity does not match the spec. This may create a backup.
[02May2025 22:24:37.234] [Server thread/WARN] [net.minecraftforge.common.ForgeConfigSpec/CORE]: Incorrect key tier.transmitters.fluid.elitePullAmount was corrected from null to its default, 8000. 
[02May2025 22:24:37.234] [Server thread/DEBUG] [net.minecraftforge.common.ForgeConfigSpec/CORE]: The comment on key tier.transmitters.fluid.elitePullAmount does not match the spec. This may create a backup.
[02May2025 22:24:37.234] [Server thread/WARN] [net.minecraftforge.common.ForgeConfigSpec/CORE]: Incorrect key tier.transmitters.fluid.ultimateCapacity was corrected from null to its default, 128000. 
[02May2025 22:24:37.234] [Server thread/DEBUG] [net.minecraftforge.common.ForgeConfigSpec/CORE]: The comment on key tier.transmitters.fluid.ultimateCapacity does not match the spec. This may create a backup.
[02May2025 22:24:37.234] [Server thread/WARN] [net.minecraftforge.common.ForgeConfigSpec/CORE]: Incorrect key tier.transmitters.fluid.ultimatePullAmount was corrected from null to its default, 32000. 
[02May2025 22:24:37.235] [Server thread/DEBUG] [net.minecraftforge.common.ForgeConfigSpec/CORE]: The comment on key tier.transmitters.fluid.ultimatePullAmount does not match the spec. This may create a backup.
[02May2025 22:24:37.235] [Server thread/DEBUG] [net.minecraftforge.common.ForgeConfigSpec/CORE]: The comment on key tier.transmitters.fluid does not match the spec. This may create a backup.
[02May2025 22:24:37.235] [Server thread/WARN] [net.minecraftforge.common.ForgeConfigSpec/CORE]: Incorrect key tier.transmitters.chemical was corrected from null to its default, SimpleCommentedConfig:{}. 
[02May2025 22:24:37.235] [Server thread/WARN] [net.minecraftforge.common.ForgeConfigSpec/CORE]: Incorrect key tier.transmitters.chemical.basicCapacity was corrected from null to its default, 4000. 
[02May2025 22:24:37.235] [Server thread/DEBUG] [net.minecraftforge.common.ForgeConfigSpec/CORE]: The comment on key tier.transmitters.chemical.basicCapacity does not match the spec. This may create a backup.
[02May2025 22:24:37.235] [Server thread/WARN] [net.minecraftforge.common.ForgeConfigSpec/CORE]: Incorrect key tier.transmitters.chemical.basicPullAmount was corrected from null to its default, 750. 
[02May2025 22:24:37.235] [Server thread/DEBUG] [net.minecraftforge.common.ForgeConfigSpec/CORE]: The comment on key tier.transmitters.chemical.basicPullAmount does not match the spec. This may create a backup.
[02May2025 22:24:37.235] [Server thread/WARN] [net.minecraftforge.common.ForgeConfigSpec/CORE]: Incorrect key tier.transmitters.chemical.advancedCapacity was corrected from null to its default, 16000. 
[02May2025 22:24:37.235] [Server thread/DEBUG] [net.minecraftforge.common.ForgeConfigSpec/CORE]: The comment on key tier.transmitters.chemical.advancedCapacity does not match the spec. This may create a backup.
[02May2025 22:24:37.235] [Server thread/WARN] [net.minecraftforge.common.ForgeConfigSpec/CORE]: Incorrect key tier.transmitters.chemical.advancedPullAmount was corrected from null to its default, 2000. 
[02May2025 22:24:37.235] [Server thread/DEBUG] [net.minecraftforge.common.ForgeConfigSpec/CORE]: The comment on key tier.transmitters.chemical.advancedPullAmount does not match the spec. This may create a backup.
[02May2025 22:24:37.235] [Server thread/WARN] [net.minecraftforge.common.ForgeConfigSpec/CORE]: Incorrect key tier.transmitters.chemical.eliteCapacity was corrected from null to its default, 256000. 
[02May2025 22:24:37.242] [Server thread/DEBUG] [net.minecraftforge.common.ForgeConfigSpec/CORE]: The comment on key tier.transmitters.chemical.eliteCapacity does not match the spec. This may create a backup.
[02May2025 22:24:37.243] [Server thread/WARN] [net.minecraftforge.common.ForgeConfigSpec/CORE]: Incorrect key tier.transmitters.chemical.elitePullAmount was corrected from null to its default, 64000. 
[02May2025 22:24:37.244] [Server thread/DEBUG] [net.minecraftforge.common.ForgeConfigSpec/CORE]: The comment on key tier.transmitters.chemical.elitePullAmount does not match the spec. This may create a backup.
[02May2025 22:24:37.244] [Server thread/WARN] [net.minecraftforge.common.ForgeConfigSpec/CORE]: Incorrect key tier.transmitters.chemical.ultimateCapacity was corrected from null to its default, 1024000. 
[02May2025 22:24:37.246] [Server thread/DEBUG] [net.minecraftforge.common.ForgeConfigSpec/CORE]: The comment on key tier.transmitters.chemical.ultimateCapacity does not match the spec. This may create a backup.
[02May2025 22:24:37.246] [Server thread/WARN] [net.minecraftforge.common.ForgeConfigSpec/CORE]: Incorrect key tier.transmitters.chemical.ultimatePullAmount was corrected from null to its default, 256000. 
[02May2025 22:24:37.248] [Server thread/DEBUG] [net.minecraftforge.common.ForgeConfigSpec/CORE]: The comment on key tier.transmitters.chemical.ultimatePullAmount does not match the spec. This may create a backup.
[02May2025 22:24:37.248] [Server thread/DEBUG] [net.minecraftforge.common.ForgeConfigSpec/CORE]: The comment on key tier.transmitters.chemical does not match the spec. This may create a backup.
[02May2025 22:24:37.249] [Server thread/WARN] [net.minecraftforge.common.ForgeConfigSpec/CORE]: Incorrect key tier.transmitters.items was corrected from null to its default, SimpleCommentedConfig:{}. 
[02May2025 22:24:37.249] [Server thread/WARN] [net.minecraftforge.common.ForgeConfigSpec/CORE]: Incorrect key tier.transmitters.items.basicPullAmount was corrected from null to its default, 1. 
[02May2025 22:24:37.249] [Server thread/DEBUG] [net.minecraftforge.common.ForgeConfigSpec/CORE]: The comment on key tier.transmitters.items.basicPullAmount does not match the spec. This may create a backup.
[02May2025 22:24:37.249] [Server thread/WARN] [net.minecraftforge.common.ForgeConfigSpec/CORE]: Incorrect key tier.transmitters.items.basicSpeed was corrected from null to its default, 5. 
[02May2025 22:24:37.249] [Server thread/DEBUG] [net.minecraftforge.common.ForgeConfigSpec/CORE]: The comment on key tier.transmitters.items.basicSpeed does not match the spec. This may create a backup.
[02May2025 22:24:37.249] [Server thread/WARN] [net.minecraftforge.common.ForgeConfigSpec/CORE]: Incorrect key tier.transmitters.items.advancedPullAmount was corrected from null to its default, 16. 
[02May2025 22:24:37.249] [Server thread/DEBUG] [net.minecraftforge.common.ForgeConfigSpec/CORE]: The comment on key tier.transmitters.items.advancedPullAmount does not match the spec. This may create a backup.
[02May2025 22:24:37.249] [Server thread/WARN] [net.minecraftforge.common.ForgeConfigSpec/CORE]: Incorrect key tier.transmitters.items.advancedSpeed was corrected from null to its default, 10. 
[02May2025 22:24:37.249] [Server thread/DEBUG] [net.minecraftforge.common.ForgeConfigSpec/CORE]: The comment on key tier.transmitters.items.advancedSpeed does not match the spec. This may create a backup.
[02May2025 22:24:37.249] [Server thread/WARN] [net.minecraftforge.common.ForgeConfigSpec/CORE]: Incorrect key tier.transmitters.items.elitePullAmount was corrected from null to its default, 32. 
[02May2025 22:24:37.250] [Server thread/DEBUG] [net.minecraftforge.common.ForgeConfigSpec/CORE]: The comment on key tier.transmitters.items.elitePullAmount does not match the spec. This may create a backup.
[02May2025 22:24:37.250] [Server thread/WARN] [net.minecraftforge.common.ForgeConfigSpec/CORE]: Incorrect key tier.transmitters.items.eliteSpeed was corrected from null to its default, 20. 
[02May2025 22:24:37.250] [Server thread/DEBUG] [net.minecraftforge.common.ForgeConfigSpec/CORE]: The comment on key tier.transmitters.items.eliteSpeed does not match the spec. This may create a backup.
[02May2025 22:24:37.250] [Server thread/WARN] [net.minecraftforge.common.ForgeConfigSpec/CORE]: Incorrect key tier.transmitters.items.ultimatePullAmount was corrected from null to its default, 64. 
[02May2025 22:24:37.250] [Server thread/DEBUG] [net.minecraftforge.common.ForgeConfigSpec/CORE]: The comment on key tier.transmitters.items.ultimatePullAmount does not match the spec. This may create a backup.
[02May2025 22:24:37.250] [Server thread/WARN] [net.minecraftforge.common.ForgeConfigSpec/CORE]: Incorrect key tier.transmitters.items.ultimateSpeed was corrected from null to its default, 50. 
[02May2025 22:24:37.250] [Server thread/DEBUG] [net.minecraftforge.common.ForgeConfigSpec/CORE]: The comment on key tier.transmitters.items.ultimateSpeed does not match the spec. This may create a backup.
[02May2025 22:24:37.250] [Server thread/DEBUG] [net.minecraftforge.common.ForgeConfigSpec/CORE]: The comment on key tier.transmitters.items does not match the spec. This may create a backup.
[02May2025 22:24:37.250] [Server thread/WARN] [net.minecraftforge.common.ForgeConfigSpec/CORE]: Incorrect key tier.transmitters.heat was corrected from null to its default, SimpleCommentedConfig:{}. 
[02May2025 22:24:37.250] [Server thread/WARN] [net.minecraftforge.common.ForgeConfigSpec/CORE]: Incorrect key tier.transmitters.heat.basicInverseConduction was corrected from null to its default, 5.0. 
[02May2025 22:24:37.250] [Server thread/DEBUG] [net.minecraftforge.common.ForgeConfigSpec/CORE]: The comment on key tier.transmitters.heat.basicInverseConduction does not match the spec. This may create a backup.
[02May2025 22:24:37.250] [Server thread/WARN] [net.minecraftforge.common.ForgeConfigSpec/CORE]: Incorrect key tier.transmitters.heat.basicHeatCapacity was corrected from null to its default, 1.0. 
[02May2025 22:24:37.256] [Server thread/DEBUG] [net.minecraftforge.common.ForgeConfigSpec/CORE]: The comment on key tier.transmitters.heat.basicHeatCapacity does not match the spec. This may create a backup.
[02May2025 22:24:37.256] [Server thread/WARN] [net.minecraftforge.common.ForgeConfigSpec/CORE]: Incorrect key tier.transmitters.heat.basicInsulation was corrected from null to its default, 10.0. 
[02May2025 22:24:37.257] [Server thread/DEBUG] [net.minecraftforge.common.ForgeConfigSpec/CORE]: The comment on key tier.transmitters.heat.basicInsulation does not match the spec. This may create a backup.
[02May2025 22:24:37.257] [Server thread/WARN] [net.minecraftforge.common.ForgeConfigSpec/CORE]: Incorrect key tier.transmitters.heat.advancedInverseConduction was corrected from null to its default, 5.0. 
[02May2025 22:24:37.258] [Server thread/DEBUG] [net.minecraftforge.common.ForgeConfigSpec/CORE]: The comment on key tier.transmitters.heat.advancedInverseConduction does not match the spec. This may create a backup.
[02May2025 22:24:37.258] [Server thread/WARN] [net.minecraftforge.common.ForgeConfigSpec/CORE]: Incorrect key tier.transmitters.heat.advancedHeatCapacity was corrected from null to its default, 1.0. 
[02May2025 22:24:37.260] [Server thread/DEBUG] [net.minecraftforge.common.ForgeConfigSpec/CORE]: The comment on key tier.transmitters.heat.advancedHeatCapacity does not match the spec. This may create a backup.
[02May2025 22:24:37.260] [Server thread/WARN] [net.minecraftforge.common.ForgeConfigSpec/CORE]: Incorrect key tier.transmitters.heat.advancedInsulation was corrected from null to its default, 400.0. 
[02May2025 22:24:37.261] [Server thread/DEBUG] [net.minecraftforge.common.ForgeConfigSpec/CORE]: The comment on key tier.transmitters.heat.advancedInsulation does not match the spec. This may create a backup.
[02May2025 22:24:37.262] [Server thread/WARN] [net.minecraftforge.common.ForgeConfigSpec/CORE]: Incorrect key tier.transmitters.heat.eliteInverseConduction was corrected from null to its default, 5.0. 
[02May2025 22:24:37.262] [Server thread/DEBUG] [net.minecraftforge.common.ForgeConfigSpec/CORE]: The comment on key tier.transmitters.heat.eliteInverseConduction does not match the spec. This may create a backup.
[02May2025 22:24:37.263] [Server thread/WARN] [net.minecraftforge.common.ForgeConfigSpec/CORE]: Incorrect key tier.transmitters.heat.eliteHeatCapacity was corrected from null to its default, 1.0. 
[02May2025 22:24:37.263] [Server thread/DEBUG] [net.minecraftforge.common.ForgeConfigSpec/CORE]: The comment on key tier.transmitters.heat.eliteHeatCapacity does not match the spec. This may create a backup.
[02May2025 22:24:37.263] [Server thread/WARN] [net.minecraftforge.common.ForgeConfigSpec/CORE]: Incorrect key tier.transmitters.heat.eliteInsulation was corrected from null to its default, 8000.0. 
[02May2025 22:24:37.264] [Server thread/DEBUG] [net.minecraftforge.common.ForgeConfigSpec/CORE]: The comment on key tier.transmitters.heat.eliteInsulation does not match the spec. This may create a backup.
[02May2025 22:24:37.264] [Server thread/WARN] [net.minecraftforge.common.ForgeConfigSpec/CORE]: Incorrect key tier.transmitters.heat.ultimateInverseConduction was corrected from null to its default, 5.0. 
[02May2025 22:24:37.264] [Server thread/DEBUG] [net.minecraftforge.common.ForgeConfigSpec/CORE]: The comment on key tier.transmitters.heat.ultimateInverseConduction does not match the spec. This may create a backup.
[02May2025 22:24:37.264] [Server thread/WARN] [net.minecraftforge.common.ForgeConfigSpec/CORE]: Incorrect key tier.transmitters.heat.ultimateHeatCapacity was corrected from null to its default, 1.0. 
[02May2025 22:24:37.265] [Server thread/DEBUG] [net.minecraftforge.common.ForgeConfigSpec/CORE]: The comment on key tier.transmitters.heat.ultimateHeatCapacity does not match the spec. This may create a backup.
[02May2025 22:24:37.265] [Server thread/WARN] [net.minecraftforge.common.ForgeConfigSpec/CORE]: Incorrect key tier.transmitters.heat.ultimateInsulation was corrected from null to its default, 100000.0. 
[02May2025 22:24:37.265] [Server thread/DEBUG] [net.minecraftforge.common.ForgeConfigSpec/CORE]: The comment on key tier.transmitters.heat.ultimateInsulation does not match the spec. This may create a backup.
[02May2025 22:24:37.266] [Server thread/DEBUG] [net.minecraftforge.common.ForgeConfigSpec/CORE]: The comment on key tier.transmitters.heat does not match the spec. This may create a backup.
[02May2025 22:24:37.266] [Server thread/DEBUG] [net.minecraftforge.common.ForgeConfigSpec/CORE]: The comment on key tier.transmitters does not match the spec. This may create a backup.
[02May2025 22:24:37.266] [Server thread/DEBUG] [net.minecraftforge.common.ForgeConfigSpec/CORE]: The comment on key tier does not match the spec. This may create a backup.
[02May2025 22:24:37.268] [Thread-2/DEBUG] [net.minecraftforge.fml.config.ConfigFileTypeHandler/CONFIG]: Config file Mekanism/tiers.toml changed, sending notifies
[02May2025 22:24:37.272] [Thread-2/DEBUG] [net.minecraftforge.fml.config.ConfigFileTypeHandler/CONFIG]: Config file Mekanism/tiers.toml changed, sending notifies
[02May2025 22:24:37.275] [Thread-2/DEBUG] [net.minecraftforge.fml.config.ConfigFileTypeHandler/CONFIG]: Config file Mekanism/tiers.toml changed, sending notifies
[02May2025 22:24:37.277] [Server thread/DEBUG] [net.minecraftforge.fml.config.ConfigFileTypeHandler/CONFIG]: Built TOML config for /workspaces/moddedserver/config/Mekanism/machine-usage.toml
[02May2025 22:24:37.277] [Server thread/DEBUG] [net.minecraftforge.fml.config.ConfigFileTypeHandler/CONFIG]: Loaded TOML config file /workspaces/moddedserver/config/Mekanism/machine-usage.toml
[02May2025 22:24:37.278] [Server thread/DEBUG] [net.minecraftforge.fml.config.ConfigFileTypeHandler/CONFIG]: Watching TOML config file /workspaces/moddedserver/config/Mekanism/machine-usage.toml for changes
[02May2025 22:24:37.278] [Server thread/WARN] [net.minecraftforge.common.ForgeConfigSpec/CORE]: Configuration file /workspaces/moddedserver/config/Mekanism/machine-usage.toml is not correct. Correcting
[02May2025 22:24:37.281] [Server thread/WARN] [net.minecraftforge.common.ForgeConfigSpec/CORE]: Incorrect key usage was corrected from null to its default, SimpleCommentedConfig:{}. 
[02May2025 22:24:37.281] [Server thread/WARN] [net.minecraftforge.common.ForgeConfigSpec/CORE]: Incorrect key usage.enrichmentChamber was corrected from null to its default, 50. 
[02May2025 22:24:37.281] [Server thread/DEBUG] [net.minecraftforge.common.ForgeConfigSpec/CORE]: The comment on key usage.enrichmentChamber does not match the spec. This may create a backup.
[02May2025 22:24:37.281] [Server thread/WARN] [net.minecraftforge.common.ForgeConfigSpec/CORE]: Incorrect key usage.osmiumCompressor was corrected from null to its default, 100. 
[02May2025 22:24:37.281] [Server thread/DEBUG] [net.minecraftforge.common.ForgeConfigSpec/CORE]: The comment on key usage.osmiumCompressor does not match the spec. This may create a backup.
[02May2025 22:24:37.281] [Server thread/WARN] [net.minecraftforge.common.ForgeConfigSpec/CORE]: Incorrect key usage.combiner was corrected from null to its default, 50. 
[02May2025 22:24:37.281] [Server thread/DEBUG] [net.minecraftforge.common.ForgeConfigSpec/CORE]: The comment on key usage.combiner does not match the spec. This may create a backup.
[02May2025 22:24:37.281] [Server thread/WARN] [net.minecraftforge.common.ForgeConfigSpec/CORE]: Incorrect key usage.crusher was corrected from null to its default, 50. 
[02May2025 22:24:37.282] [Server thread/DEBUG] [net.minecraftforge.common.ForgeConfigSpec/CORE]: The comment on key usage.crusher does not match the spec. This may create a backup.
[02May2025 22:24:37.282] [Server thread/WARN] [net.minecraftforge.common.ForgeConfigSpec/CORE]: Incorrect key usage.metallurgicInfuser was corrected from null to its default, 50. 
[02May2025 22:24:37.282] [Server thread/DEBUG] [net.minecraftforge.common.ForgeConfigSpec/CORE]: The comment on key usage.metallurgicInfuser does not match the spec. This may create a backup.
[02May2025 22:24:37.282] [Server thread/WARN] [net.minecraftforge.common.ForgeConfigSpec/CORE]: Incorrect key usage.purificationChamber was corrected from null to its default, 200. 
[02May2025 22:24:37.282] [Server thread/DEBUG] [net.minecraftforge.common.ForgeConfigSpec/CORE]: The comment on key usage.purificationChamber does not match the spec. This may create a backup.
[02May2025 22:24:37.282] [Server thread/WARN] [net.minecraftforge.common.ForgeConfigSpec/CORE]: Incorrect key usage.energizedSmelter was corrected from null to its default, 50. 
[02May2025 22:24:37.282] [Server thread/DEBUG] [net.minecraftforge.common.ForgeConfigSpec/CORE]: The comment on key usage.energizedSmelter does not match the spec. This may create a backup.
[02May2025 22:24:37.282] [Server thread/WARN] [net.minecraftforge.common.ForgeConfigSpec/CORE]: Incorrect key usage.digitalMiner was corrected from null to its default, 1000. 
[02May2025 22:24:37.282] [Server thread/DEBUG] [net.minecraftforge.common.ForgeConfigSpec/CORE]: The comment on key usage.digitalMiner does not match the spec. This may create a backup.
[02May2025 22:24:37.282] [Server thread/WARN] [net.minecraftforge.common.ForgeConfigSpec/CORE]: Incorrect key usage.electricPump was corrected from null to its default, 100. 
[02May2025 22:24:37.282] [Server thread/DEBUG] [net.minecraftforge.common.ForgeConfigSpec/CORE]: The comment on key usage.electricPump does not match the spec. This may create a backup.
[02May2025 22:24:37.282] [Server thread/WARN] [net.minecraftforge.common.ForgeConfigSpec/CORE]: Incorrect key usage.chargePad was corrected from null to its default, 1024000. 
[02May2025 22:24:37.282] [Server thread/DEBUG] [net.minecraftforge.common.ForgeConfigSpec/CORE]: The comment on key usage.chargePad does not match the spec. This may create a backup.
[02May2025 22:24:37.284] [Server thread/WARN] [net.minecraftforge.common.ForgeConfigSpec/CORE]: Incorrect key usage.rotaryCondensentrator was corrected from null to its default, 50. 
[02May2025 22:24:37.285] [Server thread/DEBUG] [net.minecraftforge.common.ForgeConfigSpec/CORE]: The comment on key usage.rotaryCondensentrator does not match the spec. This may create a backup.
[02May2025 22:24:37.285] [Server thread/WARN] [net.minecraftforge.common.ForgeConfigSpec/CORE]: Incorrect key usage.oxidationChamber was corrected from null to its default, 200. 
[02May2025 22:24:37.285] [Server thread/DEBUG] [net.minecraftforge.common.ForgeConfigSpec/CORE]: The comment on key usage.oxidationChamber does not match the spec. This may create a backup.
[02May2025 22:24:37.285] [Server thread/WARN] [net.minecraftforge.common.ForgeConfigSpec/CORE]: Incorrect key usage.chemicalInfuser was corrected from null to its default, 200. 
[02May2025 22:24:37.287] [Server thread/DEBUG] [net.minecraftforge.common.ForgeConfigSpec/CORE]: The comment on key usage.chemicalInfuser does not match the spec. This may create a backup.
[02May2025 22:24:37.287] [Server thread/WARN] [net.minecraftforge.common.ForgeConfigSpec/CORE]: Incorrect key usage.chemicalInjectionChamber was corrected from null to its default, 400. 
[02May2025 22:24:37.288] [Server thread/DEBUG] [net.minecraftforge.common.ForgeConfigSpec/CORE]: The comment on key usage.chemicalInjectionChamber does not match the spec. This may create a backup.
[02May2025 22:24:37.288] [Server thread/WARN] [net.minecraftforge.common.ForgeConfigSpec/CORE]: Incorrect key usage.precisionSawmill was corrected from null to its default, 50. 
[02May2025 22:24:37.289] [Server thread/DEBUG] [net.minecraftforge.common.ForgeConfigSpec/CORE]: The comment on key usage.precisionSawmill does not match the spec. This may create a backup.
[02May2025 22:24:37.289] [Server thread/WARN] [net.minecraftforge.common.ForgeConfigSpec/CORE]: Incorrect key usage.chemicalDissolutionChamber was corrected from null to its default, 400. 
[02May2025 22:24:37.289] [Server thread/DEBUG] [net.minecraftforge.common.ForgeConfigSpec/CORE]: The comment on key usage.chemicalDissolutionChamber does not match the spec. This may create a backup.
[02May2025 22:24:37.289] [Server thread/WARN] [net.minecraftforge.common.ForgeConfigSpec/CORE]: Incorrect key usage.chemicalWasher was corrected from null to its default, 200. 
[02May2025 22:24:37.291] [Server thread/DEBUG] [net.minecraftforge.common.ForgeConfigSpec/CORE]: The comment on key usage.chemicalWasher does not match the spec. This may create a backup.
[02May2025 22:24:37.291] [Server thread/WARN] [net.minecraftforge.common.ForgeConfigSpec/CORE]: Incorrect key usage.chemicalCrystallizer was corrected from null to its default, 400. 
[02May2025 22:24:37.291] [Server thread/DEBUG] [net.minecraftforge.common.ForgeConfigSpec/CORE]: The comment on key usage.chemicalCrystallizer does not match the spec. This may create a backup.
[02May2025 22:24:37.292] [Server thread/WARN] [net.minecraftforge.common.ForgeConfigSpec/CORE]: Incorrect key usage.seismicVibrator was corrected from null to its default, 50. 
[02May2025 22:24:37.292] [Server thread/DEBUG] [net.minecraftforge.common.ForgeConfigSpec/CORE]: The comment on key usage.seismicVibrator does not match the spec. This may create a backup.
[02May2025 22:24:37.294] [Server thread/WARN] [net.minecraftforge.common.ForgeConfigSpec/CORE]: Incorrect key usage.pressurizedReactionBase was corrected from null to its default, 5. 
[02May2025 22:24:37.294] [Server thread/DEBUG] [net.minecraftforge.common.ForgeConfigSpec/CORE]: The comment on key usage.pressurizedReactionBase does not match the spec. This may create a backup.
[02May2025 22:24:37.294] [Server thread/WARN] [net.minecraftforge.common.ForgeConfigSpec/CORE]: Incorrect key usage.fluidicPlenisher was corrected from null to its default, 100. 
[02May2025 22:24:37.295] [Server thread/DEBUG] [net.minecraftforge.common.ForgeConfigSpec/CORE]: The comment on key usage.fluidicPlenisher does not match the spec. This may create a backup.
[02May2025 22:24:37.295] [Server thread/WARN] [net.minecraftforge.common.ForgeConfigSpec/CORE]: Incorrect key usage.laser was corrected from null to its default, 10000. 
[02May2025 22:24:37.295] [Server thread/DEBUG] [net.minecraftforge.common.ForgeConfigSpec/CORE]: The comment on key usage.laser does not match the spec. This may create a backup.
[02May2025 22:24:37.295] [Server thread/WARN] [net.minecraftforge.common.ForgeConfigSpec/CORE]: Incorrect key usage.formulaicAssemblicator was corrected from null to its default, 100. 
[02May2025 22:24:37.296] [Server thread/DEBUG] [net.minecraftforge.common.ForgeConfigSpec/CORE]: The comment on key usage.formulaicAssemblicator does not match the spec. This may create a backup.
[02May2025 22:24:37.296] [Server thread/WARN] [net.minecraftforge.common.ForgeConfigSpec/CORE]: Incorrect key usage.modificationStation was corrected from null to its default, 100. 
[02May2025 22:24:37.296] [Server thread/DEBUG] [net.minecraftforge.common.ForgeConfigSpec/CORE]: The comment on key usage.modificationStation does not match the spec. This may create a backup.
[02May2025 22:24:37.296] [Server thread/WARN] [net.minecraftforge.common.ForgeConfigSpec/CORE]: Incorrect key usage.isotopicCentrifuge was corrected from null to its default, 200. 
[02May2025 22:24:37.296] [Server thread/DEBUG] [net.minecraftforge.common.ForgeConfigSpec/CORE]: The comment on key usage.isotopicCentrifuge does not match the spec. This may create a backup.
[02May2025 22:24:37.296] [Server thread/WARN] [net.minecraftforge.common.ForgeConfigSpec/CORE]: Incorrect key usage.nutritionalLiquifier was corrected from null to its default, 200. 
[02May2025 22:24:37.296] [Server thread/DEBUG] [net.minecraftforge.common.ForgeConfigSpec/CORE]: The comment on key usage.nutritionalLiquifier does not match the spec. This may create a backup.
[02May2025 22:24:37.296] [Server thread/WARN] [net.minecraftforge.common.ForgeConfigSpec/CORE]: Incorrect key usage.antiprotonicNucleosynthesizer was corrected from null to its default, 100000. 
[02May2025 22:24:37.297] [Server thread/DEBUG] [net.minecraftforge.common.ForgeConfigSpec/CORE]: The comment on key usage.antiprotonicNucleosynthesizer does not match the spec. This may create a backup.
[02May2025 22:24:37.297] [Server thread/WARN] [net.minecraftforge.common.ForgeConfigSpec/CORE]: Incorrect key usage.pigmentExtractor was corrected from null to its default, 200. 
[02May2025 22:24:37.298] [Server thread/DEBUG] [net.minecraftforge.common.ForgeConfigSpec/CORE]: The comment on key usage.pigmentExtractor does not match the spec. This may create a backup.
[02May2025 22:24:37.298] [Server thread/WARN] [net.minecraftforge.common.ForgeConfigSpec/CORE]: Incorrect key usage.pigmentMixer was corrected from null to its default, 200. 
[02May2025 22:24:37.298] [Server thread/DEBUG] [net.minecraftforge.common.ForgeConfigSpec/CORE]: The comment on key usage.pigmentMixer does not match the spec. This may create a backup.
[02May2025 22:24:37.299] [Server thread/WARN] [net.minecraftforge.common.ForgeConfigSpec/CORE]: Incorrect key usage.paintingMachine was corrected from null to its default, 100. 
[02May2025 22:24:37.299] [Server thread/DEBUG] [net.minecraftforge.common.ForgeConfigSpec/CORE]: The comment on key usage.paintingMachine does not match the spec. This may create a backup.
[02May2025 22:24:37.299] [Server thread/WARN] [net.minecraftforge.common.ForgeConfigSpec/CORE]: Incorrect key usage.dimensionalStabilizer was corrected from null to its default, 5000. 
[02May2025 22:24:37.300] [Server thread/DEBUG] [net.minecraftforge.common.ForgeConfigSpec/CORE]: The comment on key usage.dimensionalStabilizer does not match the spec. This may create a backup.
[02May2025 22:24:37.301] [Server thread/WARN] [net.minecraftforge.common.ForgeConfigSpec/CORE]: Incorrect key usage.teleporter was corrected from null to its default, SimpleCommentedConfig:{}. 
[02May2025 22:24:37.302] [Server thread/WARN] [net.minecraftforge.common.ForgeConfigSpec/CORE]: Incorrect key usage.teleporter.teleporterBase was corrected from null to its default, 1000. 
[02May2025 22:24:37.302] [Server thread/DEBUG] [net.minecraftforge.common.ForgeConfigSpec/CORE]: The comment on key usage.teleporter.teleporterBase does not match the spec. This may create a backup.
[02May2025 22:24:37.302] [Server thread/WARN] [net.minecraftforge.common.ForgeConfigSpec/CORE]: Incorrect key usage.teleporter.teleporterDistance was corrected from null to its default, 10. 
[02May2025 22:24:37.302] [Server thread/DEBUG] [net.minecraftforge.common.ForgeConfigSpec/CORE]: The comment on key usage.teleporter.teleporterDistance does not match the spec. This may create a backup.
[02May2025 22:24:37.303] [Server thread/WARN] [net.minecraftforge.common.ForgeConfigSpec/CORE]: Incorrect key usage.teleporter.teleporterDimensionPenalty was corrected from null to its default, 10000. 
[02May2025 22:24:37.304] [Server thread/DEBUG] [net.minecraftforge.common.ForgeConfigSpec/CORE]: The comment on key usage.teleporter.teleporterDimensionPenalty does not match the spec. This may create a backup.
[02May2025 22:24:37.304] [Server thread/DEBUG] [net.minecraftforge.common.ForgeConfigSpec/CORE]: The comment on key usage.teleporter does not match the spec. This may create a backup.
[02May2025 22:24:37.304] [Server thread/DEBUG] [net.minecraftforge.common.ForgeConfigSpec/CORE]: The comment on key usage does not match the spec. This may create a backup.
[02May2025 22:24:37.309] [Thread-2/DEBUG] [net.minecraftforge.fml.config.ConfigFileTypeHandler/CONFIG]: Config file Mekanism/machine-usage.toml changed, sending notifies
[02May2025 22:24:37.312] [Thread-2/DEBUG] [net.minecraftforge.fml.config.ConfigFileTypeHandler/CONFIG]: Config file Mekanism/machine-usage.toml changed, sending notifies
[02May2025 22:24:37.314] [Thread-2/DEBUG] [net.minecraftforge.fml.config.ConfigFileTypeHandler/CONFIG]: Config file Mekanism/machine-usage.toml changed, sending notifies
[02May2025 22:24:37.316] [Thread-2/DEBUG] [net.minecraftforge.fml.config.ConfigFileTypeHandler/CONFIG]: Config file Mekanism/machine-usage.toml changed, sending notifies
[02May2025 22:24:37.315] [Server thread/DEBUG] [net.minecraftforge.fml.config.ConfigFileTypeHandler/CONFIG]: Built TOML config for /workspaces/moddedserver/config/Mekanism/world.toml
[02May2025 22:24:37.317] [Server thread/DEBUG] [net.minecraftforge.fml.config.ConfigFileTypeHandler/CONFIG]: Loaded TOML config file /workspaces/moddedserver/config/Mekanism/world.toml
[02May2025 22:24:37.317] [Server thread/DEBUG] [net.minecraftforge.fml.config.ConfigFileTypeHandler/CONFIG]: Watching TOML config file /workspaces/moddedserver/config/Mekanism/world.toml for changes
[02May2025 22:24:37.317] [Server thread/WARN] [net.minecraftforge.common.ForgeConfigSpec/CORE]: Configuration file /workspaces/moddedserver/config/Mekanism/world.toml is not correct. Correcting
[02May2025 22:24:37.318] [Server thread/WARN] [net.minecraftforge.common.ForgeConfigSpec/CORE]: Incorrect key world_generation was corrected from null to its default, SimpleCommentedConfig:{}. 
[02May2025 22:24:37.319] [Server thread/WARN] [net.minecraftforge.common.ForgeConfigSpec/CORE]: Incorrect key world_generation.enableRegeneration was corrected from null to its default, false. 
[02May2025 22:24:37.319] [Server thread/DEBUG] [net.minecraftforge.common.ForgeConfigSpec/CORE]: The comment on key world_generation.enableRegeneration does not match the spec. This may create a backup.
[02May2025 22:24:37.320] [Server thread/WARN] [net.minecraftforge.common.ForgeConfigSpec/CORE]: Incorrect key world_generation.userWorldGenVersion was corrected from null to its default, 0. 
[02May2025 22:24:37.320] [Server thread/DEBUG] [net.minecraftforge.common.ForgeConfigSpec/CORE]: The comment on key world_generation.userWorldGenVersion does not match the spec. This may create a backup.
[02May2025 22:24:37.320] [Server thread/WARN] [net.minecraftforge.common.ForgeConfigSpec/CORE]: Incorrect key world_generation.tin was corrected from null to its default, SimpleCommentedConfig:{}. 
[02May2025 22:24:37.320] [Server thread/WARN] [net.minecraftforge.common.ForgeConfigSpec/CORE]: Incorrect key world_generation.tin.shouldGenerate was corrected from null to its default, true. 
[02May2025 22:24:37.320] [Server thread/DEBUG] [net.minecraftforge.common.ForgeConfigSpec/CORE]: The comment on key world_generation.tin.shouldGenerate does not match the spec. This may create a backup.
[02May2025 22:24:37.320] [Server thread/WARN] [net.minecraftforge.common.ForgeConfigSpec/CORE]: Incorrect key world_generation.tin.small was corrected from null to its default, SimpleCommentedConfig:{}. 
[02May2025 22:24:37.320] [Server thread/WARN] [net.minecraftforge.common.ForgeConfigSpec/CORE]: Incorrect key world_generation.tin.small.shouldGenerate was corrected from null to its default, true. 
[02May2025 22:24:37.321] [Server thread/DEBUG] [net.minecraftforge.common.ForgeConfigSpec/CORE]: The comment on key world_generation.tin.small.shouldGenerate does not match the spec. This may create a backup.
[02May2025 22:24:37.321] [Server thread/WARN] [net.minecraftforge.common.ForgeConfigSpec/CORE]: Incorrect key world_generation.tin.small.perChunk was corrected from null to its default, 14. 
[02May2025 22:24:37.322] [Server thread/DEBUG] [net.minecraftforge.common.ForgeConfigSpec/CORE]: The comment on key world_generation.tin.small.perChunk does not match the spec. This may create a backup.
[02May2025 22:24:37.322] [Server thread/WARN] [net.minecraftforge.common.ForgeConfigSpec/CORE]: Incorrect key world_generation.tin.small.maxVeinSize was corrected from null to its default, 4. 
[02May2025 22:24:37.322] [Server thread/DEBUG] [net.minecraftforge.common.ForgeConfigSpec/CORE]: The comment on key world_generation.tin.small.maxVeinSize does not match the spec. This may create a backup.
[02May2025 22:24:37.323] [Server thread/WARN] [net.minecraftforge.common.ForgeConfigSpec/CORE]: Incorrect key world_generation.tin.small.discardChanceOnAirExposure was corrected from null to its default, 0.0. 
[02May2025 22:24:37.323] [Server thread/DEBUG] [net.minecraftforge.common.ForgeConfigSpec/CORE]: The comment on key world_generation.tin.small.discardChanceOnAirExposure does not match the spec. This may create a backup.
[02May2025 22:24:37.323] [Server thread/WARN] [net.minecraftforge.common.ForgeConfigSpec/CORE]: Incorrect key world_generation.tin.small.shape was corrected from null to its default, TRAPEZOID. 
[02May2025 22:24:37.324] [Server thread/DEBUG] [net.minecraftforge.common.ForgeConfigSpec/CORE]: The comment on key world_generation.tin.small.shape does not match the spec. This may create a backup.
[02May2025 22:24:37.324] [Server thread/WARN] [net.minecraftforge.common.ForgeConfigSpec/CORE]: Incorrect key world_generation.tin.small.minInclusive was corrected from null to its default, SimpleCommentedConfig:{}. 
[02May2025 22:24:37.324] [Server thread/WARN] [net.minecraftforge.common.ForgeConfigSpec/CORE]: Incorrect key world_generation.tin.small.minInclusive.type was corrected from null to its default, ABSOLUTE. 
[02May2025 22:24:37.326] [Server thread/DEBUG] [net.minecraftforge.common.ForgeConfigSpec/CORE]: The comment on key world_generation.tin.small.minInclusive.type does not match the spec. This may create a backup.
[02May2025 22:24:37.326] [Server thread/WARN] [net.minecraftforge.common.ForgeConfigSpec/CORE]: Incorrect key world_generation.tin.small.minInclusive.value was corrected from null to its default, -20. 
[02May2025 22:24:37.328] [Server thread/DEBUG] [net.minecraftforge.common.ForgeConfigSpec/CORE]: The comment on key world_generation.tin.small.minInclusive.value does not match the spec. This may create a backup.
[02May2025 22:24:37.328] [Server thread/DEBUG] [net.minecraftforge.common.ForgeConfigSpec/CORE]: The comment on key world_generation.tin.small.minInclusive does not match the spec. This may create a backup.
[02May2025 22:24:37.328] [Server thread/WARN] [net.minecraftforge.common.ForgeConfigSpec/CORE]: Incorrect key world_generation.tin.small.maxInclusive was corrected from null to its default, SimpleCommentedConfig:{}. 
[02May2025 22:24:37.328] [Server thread/WARN] [net.minecraftforge.common.ForgeConfigSpec/CORE]: Incorrect key world_generation.tin.small.maxInclusive.type was corrected from null to its default, ABSOLUTE. 
[02May2025 22:24:37.328] [Server thread/DEBUG] [net.minecraftforge.common.ForgeConfigSpec/CORE]: The comment on key world_generation.tin.small.maxInclusive.type does not match the spec. This may create a backup.
[02May2025 22:24:37.328] [Server thread/WARN] [net.minecraftforge.common.ForgeConfigSpec/CORE]: Incorrect key world_generation.tin.small.maxInclusive.value was corrected from null to its default, 94. 
[02May2025 22:24:37.328] [Server thread/DEBUG] [net.minecraftforge.common.ForgeConfigSpec/CORE]: The comment on key world_generation.tin.small.maxInclusive.value does not match the spec. This may create a backup.
[02May2025 22:24:37.328] [Server thread/DEBUG] [net.minecraftforge.common.ForgeConfigSpec/CORE]: The comment on key world_generation.tin.small.maxInclusive does not match the spec. This may create a backup.
[02May2025 22:24:37.328] [Server thread/WARN] [net.minecraftforge.common.ForgeConfigSpec/CORE]: Incorrect key world_generation.tin.small.plateau was corrected from null to its default, 0. 
[02May2025 22:24:37.328] [Server thread/DEBUG] [net.minecraftforge.common.ForgeConfigSpec/CORE]: The comment on key world_generation.tin.small.plateau does not match the spec. This may create a backup.
[02May2025 22:24:37.328] [Server thread/DEBUG] [net.minecraftforge.common.ForgeConfigSpec/CORE]: The comment on key world_generation.tin.small does not match the spec. This may create a backup.
[02May2025 22:24:37.328] [Server thread/WARN] [net.minecraftforge.common.ForgeConfigSpec/CORE]: Incorrect key world_generation.tin.large was corrected from null to its default, SimpleCommentedConfig:{}. 
[02May2025 22:24:37.328] [Server thread/WARN] [net.minecraftforge.common.ForgeConfigSpec/CORE]: Incorrect key world_generation.tin.large.shouldGenerate was corrected from null to its default, true. 
[02May2025 22:24:37.331] [Server thread/DEBUG] [net.minecraftforge.common.ForgeConfigSpec/CORE]: The comment on key world_generation.tin.large.shouldGenerate does not match the spec. This may create a backup.
[02May2025 22:24:37.331] [Server thread/WARN] [net.minecraftforge.common.ForgeConfigSpec/CORE]: Incorrect key world_generation.tin.large.perChunk was corrected from null to its default, 12. 
[02May2025 22:24:37.331] [Server thread/DEBUG] [net.minecraftforge.common.ForgeConfigSpec/CORE]: The comment on key world_generation.tin.large.perChunk does not match the spec. This may create a backup.
[02May2025 22:24:37.331] [Server thread/WARN] [net.minecraftforge.common.ForgeConfigSpec/CORE]: Incorrect key world_generation.tin.large.maxVeinSize was corrected from null to its default, 9. 
[02May2025 22:24:37.331] [Server thread/DEBUG] [net.minecraftforge.common.ForgeConfigSpec/CORE]: The comment on key world_generation.tin.large.maxVeinSize does not match the spec. This may create a backup.
[02May2025 22:24:37.331] [Server thread/WARN] [net.minecraftforge.common.ForgeConfigSpec/CORE]: Incorrect key world_generation.tin.large.discardChanceOnAirExposure was corrected from null to its default, 0.0. 
[02May2025 22:24:37.331] [Server thread/DEBUG] [net.minecraftforge.common.ForgeConfigSpec/CORE]: The comment on key world_generation.tin.large.discardChanceOnAirExposure does not match the spec. This may create a backup.
[02May2025 22:24:37.331] [Server thread/WARN] [net.minecraftforge.common.ForgeConfigSpec/CORE]: Incorrect key world_generation.tin.large.shape was corrected from null to its default, TRAPEZOID. 
[02May2025 22:24:37.332] [Server thread/DEBUG] [net.minecraftforge.common.ForgeConfigSpec/CORE]: The comment on key world_generation.tin.large.shape does not match the spec. This may create a backup.
[02May2025 22:24:37.332] [Server thread/WARN] [net.minecraftforge.common.ForgeConfigSpec/CORE]: Incorrect key world_generation.tin.large.minInclusive was corrected from null to its default, SimpleCommentedConfig:{}. 
[02May2025 22:24:37.332] [Server thread/WARN] [net.minecraftforge.common.ForgeConfigSpec/CORE]: Incorrect key world_generation.tin.large.minInclusive.type was corrected from null to its default, ABSOLUTE. 
[02May2025 22:24:37.332] [Server thread/DEBUG] [net.minecraftforge.common.ForgeConfigSpec/CORE]: The comment on key world_generation.tin.large.minInclusive.type does not match the spec. This may create a backup.
[02May2025 22:24:37.332] [Server thread/WARN] [net.minecraftforge.common.ForgeConfigSpec/CORE]: Incorrect key world_generation.tin.large.minInclusive.value was corrected from null to its default, -32. 
[02May2025 22:24:37.332] [Server thread/DEBUG] [net.minecraftforge.common.ForgeConfigSpec/CORE]: The comment on key world_generation.tin.large.minInclusive.value does not match the spec. This may create a backup.
[02May2025 22:24:37.332] [Server thread/DEBUG] [net.minecraftforge.common.ForgeConfigSpec/CORE]: The comment on key world_generation.tin.large.minInclusive does not match the spec. This may create a backup.
[02May2025 22:24:37.332] [Server thread/WARN] [net.minecraftforge.common.ForgeConfigSpec/CORE]: Incorrect key world_generation.tin.large.maxInclusive was corrected from null to its default, SimpleCommentedConfig:{}. 
[02May2025 22:24:37.332] [Server thread/WARN] [net.minecraftforge.common.ForgeConfigSpec/CORE]: Incorrect key world_generation.tin.large.maxInclusive.type was corrected from null to its default, ABSOLUTE. 
[02May2025 22:24:37.332] [Server thread/DEBUG] [net.minecraftforge.common.ForgeConfigSpec/CORE]: The comment on key world_generation.tin.large.maxInclusive.type does not match the spec. This may create a backup.
[02May2025 22:24:37.332] [Server thread/WARN] [net.minecraftforge.common.ForgeConfigSpec/CORE]: Incorrect key world_generation.tin.large.maxInclusive.value was corrected from null to its default, 72. 
[02May2025 22:24:37.332] [Server thread/DEBUG] [net.minecraftforge.common.ForgeConfigSpec/CORE]: The comment on key world_generation.tin.large.maxInclusive.value does not match the spec. This may create a backup.
[02May2025 22:24:37.332] [Server thread/DEBUG] [net.minecraftforge.common.ForgeConfigSpec/CORE]: The comment on key world_generation.tin.large.maxInclusive does not match the spec. This may create a backup.
[02May2025 22:24:37.332] [Server thread/WARN] [net.minecraftforge.common.ForgeConfigSpec/CORE]: Incorrect key world_generation.tin.large.plateau was corrected from null to its default, 0. 
[02May2025 22:24:37.337] [Server thread/DEBUG] [net.minecraftforge.common.ForgeConfigSpec/CORE]: The comment on key world_generation.tin.large.plateau does not match the spec. This may create a backup.
[02May2025 22:24:37.337] [Server thread/DEBUG] [net.minecraftforge.common.ForgeConfigSpec/CORE]: The comment on key world_generation.tin.large does not match the spec. This may create a backup.
[02May2025 22:24:37.337] [Server thread/DEBUG] [net.minecraftforge.common.ForgeConfigSpec/CORE]: The comment on key world_generation.tin does not match the spec. This may create a backup.
[02May2025 22:24:37.338] [Server thread/WARN] [net.minecraftforge.common.ForgeConfigSpec/CORE]: Incorrect key world_generation.osmium was corrected from null to its default, SimpleCommentedConfig:{}. 
[02May2025 22:24:37.339] [Server thread/WARN] [net.minecraftforge.common.ForgeConfigSpec/CORE]: Incorrect key world_generation.osmium.shouldGenerate was corrected from null to its default, true. 
[02May2025 22:24:37.341] [Server thread/DEBUG] [net.minecraftforge.common.ForgeConfigSpec/CORE]: The comment on key world_generation.osmium.shouldGenerate does not match the spec. This may create a backup.
[02May2025 22:24:37.342] [Server thread/WARN] [net.minecraftforge.common.ForgeConfigSpec/CORE]: Incorrect key world_generation.osmium.upper was corrected from null to its default, SimpleCommentedConfig:{}. 
[02May2025 22:24:37.345] [Server thread/WARN] [net.minecraftforge.common.ForgeConfigSpec/CORE]: Incorrect key world_generation.osmium.upper.shouldGenerate was corrected from null to its default, true. 
[02May2025 22:24:37.345] [Server thread/DEBUG] [net.minecraftforge.common.ForgeConfigSpec/CORE]: The comment on key world_generation.osmium.upper.shouldGenerate does not match the spec. This may create a backup.
[02May2025 22:24:37.345] [Server thread/WARN] [net.minecraftforge.common.ForgeConfigSpec/CORE]: Incorrect key world_generation.osmium.upper.perChunk was corrected from null to its default, 65. 
[02May2025 22:24:37.345] [Server thread/DEBUG] [net.minecraftforge.common.ForgeConfigSpec/CORE]: The comment on key world_generation.osmium.upper.perChunk does not match the spec. This may create a backup.
[02May2025 22:24:37.345] [Server thread/WARN] [net.minecraftforge.common.ForgeConfigSpec/CORE]: Incorrect key world_generation.osmium.upper.maxVeinSize was corrected from null to its default, 7. 
[02May2025 22:24:37.346] [Server thread/DEBUG] [net.minecraftforge.common.ForgeConfigSpec/CORE]: The comment on key world_generation.osmium.upper.maxVeinSize does not match the spec. This may create a backup.
[02May2025 22:24:37.346] [Server thread/WARN] [net.minecraftforge.common.ForgeConfigSpec/CORE]: Incorrect key world_generation.osmium.upper.discardChanceOnAirExposure was corrected from null to its default, 0.0. 
[02May2025 22:24:37.348] [Server thread/DEBUG] [net.minecraftforge.common.ForgeConfigSpec/CORE]: The comment on key world_generation.osmium.upper.discardChanceOnAirExposure does not match the spec. This may create a backup.
[02May2025 22:24:37.348] [Server thread/WARN] [net.minecraftforge.common.ForgeConfigSpec/CORE]: Incorrect key world_generation.osmium.upper.shape was corrected from null to its default, TRAPEZOID. 
[02May2025 22:24:37.349] [Server thread/DEBUG] [net.minecraftforge.common.ForgeConfigSpec/CORE]: The comment on key world_generation.osmium.upper.shape does not match the spec. This may create a backup.
[02May2025 22:24:37.349] [Server thread/WARN] [net.minecraftforge.common.ForgeConfigSpec/CORE]: Incorrect key world_generation.osmium.upper.minInclusive was corrected from null to its default, SimpleCommentedConfig:{}. 
[02May2025 22:24:37.352] [Server thread/WARN] [net.minecraftforge.common.ForgeConfigSpec/CORE]: Incorrect key world_generation.osmium.upper.minInclusive.type was corrected from null to its default, ABSOLUTE. 
[02May2025 22:24:37.352] [Server thread/DEBUG] [net.minecraftforge.common.ForgeConfigSpec/CORE]: The comment on key world_generation.osmium.upper.minInclusive.type does not match the spec. This may create a backup.
[02May2025 22:24:37.352] [Server thread/WARN] [net.minecraftforge.common.ForgeConfigSpec/CORE]: Incorrect key world_generation.osmium.upper.minInclusive.value was corrected from null to its default, 72. 
[02May2025 22:24:37.353] [Server thread/DEBUG] [net.minecraftforge.common.ForgeConfigSpec/CORE]: The comment on key world_generation.osmium.upper.minInclusive.value does not match the spec. This may create a backup.
[02May2025 22:24:37.353] [Server thread/DEBUG] [net.minecraftforge.common.ForgeConfigSpec/CORE]: The comment on key world_generation.osmium.upper.minInclusive does not match the spec. This may create a backup.
[02May2025 22:24:37.353] [Server thread/WARN] [net.minecraftforge.common.ForgeConfigSpec/CORE]: Incorrect key world_generation.osmium.upper.maxInclusive was corrected from null to its default, SimpleCommentedConfig:{}. 
[02May2025 22:24:37.354] [Server thread/WARN] [net.minecraftforge.common.ForgeConfigSpec/CORE]: Incorrect key world_generation.osmium.upper.maxInclusive.type was corrected from null to its default, BELOW_TOP. 
[02May2025 22:24:37.354] [Server thread/DEBUG] [net.minecraftforge.common.ForgeConfigSpec/CORE]: The comment on key world_generation.osmium.upper.maxInclusive.type does not match the spec. This may create a backup.
[02May2025 22:24:37.354] [Server thread/WARN] [net.minecraftforge.common.ForgeConfigSpec/CORE]: Incorrect key world_generation.osmium.upper.maxInclusive.value was corrected from null to its default, -24. 
[02May2025 22:24:37.355] [Server thread/DEBUG] [net.minecraftforge.common.ForgeConfigSpec/CORE]: The comment on key world_generation.osmium.upper.maxInclusive.value does not match the spec. This may create a backup.
[02May2025 22:24:37.355] [Server thread/DEBUG] [net.minecraftforge.common.ForgeConfigSpec/CORE]: The comment on key world_generation.osmium.upper.maxInclusive does not match the spec. This may create a backup.
[02May2025 22:24:37.355] [Server thread/WARN] [net.minecraftforge.common.ForgeConfigSpec/CORE]: Incorrect key world_generation.osmium.upper.plateau was corrected from null to its default, 8. 
[02May2025 22:24:37.355] [Server thread/DEBUG] [net.minecraftforge.common.ForgeConfigSpec/CORE]: The comment on key world_generation.osmium.upper.plateau does not match the spec. This may create a backup.
[02May2025 22:24:37.355] [Server thread/DEBUG] [net.minecraftforge.common.ForgeConfigSpec/CORE]: The comment on key world_generation.osmium.upper does not match the spec. This may create a backup.
[02May2025 22:24:37.355] [Server thread/WARN] [net.minecraftforge.common.ForgeConfigSpec/CORE]: Incorrect key world_generation.osmium.middle was corrected from null to its default, SimpleCommentedConfig:{}. 
[02May2025 22:24:37.356] [Server thread/WARN] [net.minecraftforge.common.ForgeConfigSpec/CORE]: Incorrect key world_generation.osmium.middle.shouldGenerate was corrected from null to its default, true. 
[02May2025 22:24:37.357] [Server thread/DEBUG] [net.minecraftforge.common.ForgeConfigSpec/CORE]: The comment on key world_generation.osmium.middle.shouldGenerate does not match the spec. This may create a backup.
[02May2025 22:24:37.357] [Server thread/WARN] [net.minecraftforge.common.ForgeConfigSpec/CORE]: Incorrect key world_generation.osmium.middle.perChunk was corrected from null to its default, 6. 
[02May2025 22:24:37.357] [Server thread/DEBUG] [net.minecraftforge.common.ForgeConfigSpec/CORE]: The comment on key world_generation.osmium.middle.perChunk does not match the spec. This may create a backup.
[02May2025 22:24:37.357] [Server thread/WARN] [net.minecraftforge.common.ForgeConfigSpec/CORE]: Incorrect key world_generation.osmium.middle.maxVeinSize was corrected from null to its default, 9. 
[02May2025 22:24:37.358] [Server thread/DEBUG] [net.minecraftforge.common.ForgeConfigSpec/CORE]: The comment on key world_generation.osmium.middle.maxVeinSize does not match the spec. This may create a backup.
[02May2025 22:24:37.358] [Server thread/WARN] [net.minecraftforge.common.ForgeConfigSpec/CORE]: Incorrect key world_generation.osmium.middle.discardChanceOnAirExposure was corrected from null to its default, 0.0. 
[02May2025 22:24:37.359] [Server thread/DEBUG] [net.minecraftforge.common.ForgeConfigSpec/CORE]: The comment on key world_generation.osmium.middle.discardChanceOnAirExposure does not match the spec. This may create a backup.
[02May2025 22:24:37.359] [Server thread/WARN] [net.minecraftforge.common.ForgeConfigSpec/CORE]: Incorrect key world_generation.osmium.middle.shape was corrected from null to its default, TRAPEZOID. 
[02May2025 22:24:37.359] [Server thread/DEBUG] [net.minecraftforge.common.ForgeConfigSpec/CORE]: The comment on key world_generation.osmium.middle.shape does not match the spec. This may create a backup.
[02May2025 22:24:37.359] [Server thread/WARN] [net.minecraftforge.common.ForgeConfigSpec/CORE]: Incorrect key world_generation.osmium.middle.minInclusive was corrected from null to its default, SimpleCommentedConfig:{}. 
[02May2025 22:24:37.360] [Server thread/WARN] [net.minecraftforge.common.ForgeConfigSpec/CORE]: Incorrect key world_generation.osmium.middle.minInclusive.type was corrected from null to its default, ABSOLUTE. 
[02May2025 22:24:37.360] [Server thread/DEBUG] [net.minecraftforge.common.ForgeConfigSpec/CORE]: The comment on key world_generation.osmium.middle.minInclusive.type does not match the spec. This may create a backup.
[02May2025 22:24:37.360] [Server thread/WARN] [net.minecraftforge.common.ForgeConfigSpec/CORE]: Incorrect key world_generation.osmium.middle.minInclusive.value was corrected from null to its default, -32. 
[02May2025 22:24:37.361] [Server thread/DEBUG] [net.minecraftforge.common.ForgeConfigSpec/CORE]: The comment on key world_generation.osmium.middle.minInclusive.value does not match the spec. This may create a backup.
[02May2025 22:24:37.361] [Server thread/DEBUG] [net.minecraftforge.common.ForgeConfigSpec/CORE]: The comment on key world_generation.osmium.middle.minInclusive does not match the spec. This may create a backup.
[02May2025 22:24:37.361] [Server thread/WARN] [net.minecraftforge.common.ForgeConfigSpec/CORE]: Incorrect key world_generation.osmium.middle.maxInclusive was corrected from null to its default, SimpleCommentedConfig:{}. 
[02May2025 22:24:37.361] [Server thread/WARN] [net.minecraftforge.common.ForgeConfigSpec/CORE]: Incorrect key world_generation.osmium.middle.maxInclusive.type was corrected from null to its default, ABSOLUTE. 
[02May2025 22:24:37.362] [Server thread/DEBUG] [net.minecraftforge.common.ForgeConfigSpec/CORE]: The comment on key world_generation.osmium.middle.maxInclusive.type does not match the spec. This may create a backup.
[02May2025 22:24:37.362] [Server thread/WARN] [net.minecraftforge.common.ForgeConfigSpec/CORE]: Incorrect key world_generation.osmium.middle.maxInclusive.value was corrected from null to its default, 56. 
[02May2025 22:24:37.362] [Server thread/DEBUG] [net.minecraftforge.common.ForgeConfigSpec/CORE]: The comment on key world_generation.osmium.middle.maxInclusive.value does not match the spec. This may create a backup.
[02May2025 22:24:37.362] [Server thread/DEBUG] [net.minecraftforge.common.ForgeConfigSpec/CORE]: The comment on key world_generation.osmium.middle.maxInclusive does not match the spec. This may create a backup.
[02May2025 22:24:37.362] [Server thread/WARN] [net.minecraftforge.common.ForgeConfigSpec/CORE]: Incorrect key world_generation.osmium.middle.plateau was corrected from null to its default, 0. 
[02May2025 22:24:37.362] [Server thread/DEBUG] [net.minecraftforge.common.ForgeConfigSpec/CORE]: The comment on key world_generation.osmium.middle.plateau does not match the spec. This may create a backup.
[02May2025 22:24:37.363] [Server thread/DEBUG] [net.minecraftforge.common.ForgeConfigSpec/CORE]: The comment on key world_generation.osmium.middle does not match the spec. This may create a backup.
[02May2025 22:24:37.363] [Server thread/WARN] [net.minecraftforge.common.ForgeConfigSpec/CORE]: Incorrect key world_generation.osmium.small was corrected from null to its default, SimpleCommentedConfig:{}. 
[02May2025 22:24:37.363] [Server thread/WARN] [net.minecraftforge.common.ForgeConfigSpec/CORE]: Incorrect key world_generation.osmium.small.shouldGenerate was corrected from null to its default, true. 
[02May2025 22:24:37.364] [Server thread/DEBUG] [net.minecraftforge.common.ForgeConfigSpec/CORE]: The comment on key world_generation.osmium.small.shouldGenerate does not match the spec. This may create a backup.
[02May2025 22:24:37.364] [Server thread/WARN] [net.minecraftforge.common.ForgeConfigSpec/CORE]: Incorrect key world_generation.osmium.small.perChunk was corrected from null to its default, 8. 
[02May2025 22:24:37.365] [Server thread/DEBUG] [net.minecraftforge.common.ForgeConfigSpec/CORE]: The comment on key world_generation.osmium.small.perChunk does not match the spec. This may create a backup.
[02May2025 22:24:37.365] [Server thread/WARN] [net.minecraftforge.common.ForgeConfigSpec/CORE]: Incorrect key world_generation.osmium.small.maxVeinSize was corrected from null to its default, 4. 
[02May2025 22:24:37.365] [Server thread/DEBUG] [net.minecraftforge.common.ForgeConfigSpec/CORE]: The comment on key world_generation.osmium.small.maxVeinSize does not match the spec. This may create a backup.
[02May2025 22:24:37.365] [Server thread/WARN] [net.minecraftforge.common.ForgeConfigSpec/CORE]: Incorrect key world_generation.osmium.small.discardChanceOnAirExposure was corrected from null to its default, 0.0. 
[02May2025 22:24:37.368] [Server thread/DEBUG] [net.minecraftforge.common.ForgeConfigSpec/CORE]: The comment on key world_generation.osmium.small.discardChanceOnAirExposure does not match the spec. This may create a backup.
[02May2025 22:24:37.368] [Server thread/WARN] [net.minecraftforge.common.ForgeConfigSpec/CORE]: Incorrect key world_generation.osmium.small.shape was corrected from null to its default, UNIFORM. 
[02May2025 22:24:37.368] [Server thread/DEBUG] [net.minecraftforge.common.ForgeConfigSpec/CORE]: The comment on key world_generation.osmium.small.shape does not match the spec. This may create a backup.
[02May2025 22:24:37.368] [Server thread/WARN] [net.minecraftforge.common.ForgeConfigSpec/CORE]: Incorrect key world_generation.osmium.small.minInclusive was corrected from null to its default, SimpleCommentedConfig:{}. 
[02May2025 22:24:37.369] [Server thread/WARN] [net.minecraftforge.common.ForgeConfigSpec/CORE]: Incorrect key world_generation.osmium.small.minInclusive.type was corrected from null to its default, ABOVE_BOTTOM. 
[02May2025 22:24:37.370] [Server thread/DEBUG] [net.minecraftforge.common.ForgeConfigSpec/CORE]: The comment on key world_generation.osmium.small.minInclusive.type does not match the spec. This may create a backup.
[02May2025 22:24:37.370] [Server thread/WARN] [net.minecraftforge.common.ForgeConfigSpec/CORE]: Incorrect key world_generation.osmium.small.minInclusive.value was corrected from null to its default, 0. 
[02May2025 22:24:37.370] [Server thread/DEBUG] [net.minecraftforge.common.ForgeConfigSpec/CORE]: The comment on key world_generation.osmium.small.minInclusive.value does not match the spec. This may create a backup.
[02May2025 22:24:37.370] [Server thread/DEBUG] [net.minecraftforge.common.ForgeConfigSpec/CORE]: The comment on key world_generation.osmium.small.minInclusive does not match the spec. This may create a backup.
[02May2025 22:24:37.370] [Server thread/WARN] [net.minecraftforge.common.ForgeConfigSpec/CORE]: Incorrect key world_generation.osmium.small.maxInclusive was corrected from null to its default, SimpleCommentedConfig:{}. 
[02May2025 22:24:37.371] [Server thread/WARN] [net.minecraftforge.common.ForgeConfigSpec/CORE]: Incorrect key world_generation.osmium.small.maxInclusive.type was corrected from null to its default, ABSOLUTE. 
[02May2025 22:24:37.373] [Server thread/DEBUG] [net.minecraftforge.common.ForgeConfigSpec/CORE]: The comment on key world_generation.osmium.small.maxInclusive.type does not match the spec. This may create a backup.
[02May2025 22:24:37.373] [Server thread/WARN] [net.minecraftforge.common.ForgeConfigSpec/CORE]: Incorrect key world_generation.osmium.small.maxInclusive.value was corrected from null to its default, 64. 
[02May2025 22:24:37.373] [Server thread/DEBUG] [net.minecraftforge.common.ForgeConfigSpec/CORE]: The comment on key world_generation.osmium.small.maxInclusive.value does not match the spec. This may create a backup.
[02May2025 22:24:37.373] [Server thread/DEBUG] [net.minecraftforge.common.ForgeConfigSpec/CORE]: The comment on key world_generation.osmium.small.maxInclusive does not match the spec. This may create a backup.
[02May2025 22:24:37.373] [Server thread/WARN] [net.minecraftforge.common.ForgeConfigSpec/CORE]: Incorrect key world_generation.osmium.small.plateau was corrected from null to its default, 0. 
[02May2025 22:24:37.373] [Server thread/DEBUG] [net.minecraftforge.common.ForgeConfigSpec/CORE]: The comment on key world_generation.osmium.small.plateau does not match the spec. This may create a backup.
[02May2025 22:24:37.373] [Server thread/DEBUG] [net.minecraftforge.common.ForgeConfigSpec/CORE]: The comment on key world_generation.osmium.small does not match the spec. This may create a backup.
[02May2025 22:24:37.373] [Server thread/DEBUG] [net.minecraftforge.common.ForgeConfigSpec/CORE]: The comment on key world_generation.osmium does not match the spec. This may create a backup.
[02May2025 22:24:37.373] [Server thread/WARN] [net.minecraftforge.common.ForgeConfigSpec/CORE]: Incorrect key world_generation.uranium was corrected from null to its default, SimpleCommentedConfig:{}. 
[02May2025 22:24:37.373] [Server thread/WARN] [net.minecraftforge.common.ForgeConfigSpec/CORE]: Incorrect key world_generation.uranium.shouldGenerate was corrected from null to its default, true. 
[02May2025 22:24:37.373] [Server thread/DEBUG] [net.minecraftforge.common.ForgeConfigSpec/CORE]: The comment on key world_generation.uranium.shouldGenerate does not match the spec. This may create a backup.
[02May2025 22:24:37.373] [Server thread/WARN] [net.minecraftforge.common.ForgeConfigSpec/CORE]: Incorrect key world_generation.uranium.small was corrected from null to its default, SimpleCommentedConfig:{}. 
[02May2025 22:24:37.373] [Server thread/WARN] [net.minecraftforge.common.ForgeConfigSpec/CORE]: Incorrect key world_generation.uranium.small.shouldGenerate was corrected from null to its default, true. 
[02May2025 22:24:37.374] [Server thread/DEBUG] [net.minecraftforge.common.ForgeConfigSpec/CORE]: The comment on key world_generation.uranium.small.shouldGenerate does not match the spec. This may create a backup.
[02May2025 22:24:37.374] [Server thread/WARN] [net.minecraftforge.common.ForgeConfigSpec/CORE]: Incorrect key world_generation.uranium.small.perChunk was corrected from null to its default, 4. 
[02May2025 22:24:37.374] [Server thread/DEBUG] [net.minecraftforge.common.ForgeConfigSpec/CORE]: The comment on key world_generation.uranium.small.perChunk does not match the spec. This may create a backup.
[02May2025 22:24:37.374] [Server thread/WARN] [net.minecraftforge.common.ForgeConfigSpec/CORE]: Incorrect key world_generation.uranium.small.maxVeinSize was corrected from null to its default, 4. 
[02May2025 22:24:37.374] [Server thread/DEBUG] [net.minecraftforge.common.ForgeConfigSpec/CORE]: The comment on key world_generation.uranium.small.maxVeinSize does not match the spec. This may create a backup.
[02May2025 22:24:37.374] [Server thread/WARN] [net.minecraftforge.common.ForgeConfigSpec/CORE]: Incorrect key world_generation.uranium.small.discardChanceOnAirExposure was corrected from null to its default, 0.0. 
[02May2025 22:24:37.375] [Server thread/DEBUG] [net.minecraftforge.common.ForgeConfigSpec/CORE]: The comment on key world_generation.uranium.small.discardChanceOnAirExposure does not match the spec. This may create a backup.
[02May2025 22:24:37.375] [Server thread/WARN] [net.minecraftforge.common.ForgeConfigSpec/CORE]: Incorrect key world_generation.uranium.small.shape was corrected from null to its default, TRAPEZOID. 
[02May2025 22:24:37.375] [Server thread/DEBUG] [net.minecraftforge.common.ForgeConfigSpec/CORE]: The comment on key world_generation.uranium.small.shape does not match the spec. This may create a backup.
[02May2025 22:24:37.375] [Server thread/WARN] [net.minecraftforge.common.ForgeConfigSpec/CORE]: Incorrect key world_generation.uranium.small.minInclusive was corrected from null to its default, SimpleCommentedConfig:{}. 
[02May2025 22:24:37.375] [Server thread/WARN] [net.minecraftforge.common.ForgeConfigSpec/CORE]: Incorrect key world_generation.uranium.small.minInclusive.type was corrected from null to its default, ABOVE_BOTTOM. 
[02May2025 22:24:37.375] [Server thread/DEBUG] [net.minecraftforge.common.ForgeConfigSpec/CORE]: The comment on key world_generation.uranium.small.minInclusive.type does not match the spec. This may create a backup.
[02May2025 22:24:37.375] [Server thread/WARN] [net.minecraftforge.common.ForgeConfigSpec/CORE]: Incorrect key world_generation.uranium.small.minInclusive.value was corrected from null to its default, 0. 
[02May2025 22:24:37.375] [Server thread/DEBUG] [net.minecraftforge.common.ForgeConfigSpec/CORE]: The comment on key world_generation.uranium.small.minInclusive.value does not match the spec. This may create a backup.
[02May2025 22:24:37.375] [Server thread/DEBUG] [net.minecraftforge.common.ForgeConfigSpec/CORE]: The comment on key world_generation.uranium.small.minInclusive does not match the spec. This may create a backup.
[02May2025 22:24:37.375] [Server thread/WARN] [net.minecraftforge.common.ForgeConfigSpec/CORE]: Incorrect key world_generation.uranium.small.maxInclusive was corrected from null to its default, SimpleCommentedConfig:{}. 
[02May2025 22:24:37.375] [Server thread/WARN] [net.minecraftforge.common.ForgeConfigSpec/CORE]: Incorrect key world_generation.uranium.small.maxInclusive.type was corrected from null to its default, ABSOLUTE. 
[02May2025 22:24:37.377] [Server thread/DEBUG] [net.minecraftforge.common.ForgeConfigSpec/CORE]: The comment on key world_generation.uranium.small.maxInclusive.type does not match the spec. This may create a backup.
[02May2025 22:24:37.377] [Server thread/WARN] [net.minecraftforge.common.ForgeConfigSpec/CORE]: Incorrect key world_generation.uranium.small.maxInclusive.value was corrected from null to its default, 8. 
[02May2025 22:24:37.378] [Server thread/DEBUG] [net.minecraftforge.common.ForgeConfigSpec/CORE]: The comment on key world_generation.uranium.small.maxInclusive.value does not match the spec. This may create a backup.
[02May2025 22:24:37.378] [Server thread/DEBUG] [net.minecraftforge.common.ForgeConfigSpec/CORE]: The comment on key world_generation.uranium.small.maxInclusive does not match the spec. This may create a backup.
[02May2025 22:24:37.378] [Server thread/WARN] [net.minecraftforge.common.ForgeConfigSpec/CORE]: Incorrect key world_generation.uranium.small.plateau was corrected from null to its default, 0. 
[02May2025 22:24:37.380] [Server thread/DEBUG] [net.minecraftforge.common.ForgeConfigSpec/CORE]: The comment on key world_generation.uranium.small.plateau does not match the spec. This may create a backup.
[02May2025 22:24:37.380] [Server thread/DEBUG] [net.minecraftforge.common.ForgeConfigSpec/CORE]: The comment on key world_generation.uranium.small does not match the spec. This may create a backup.
[02May2025 22:24:37.380] [Server thread/WARN] [net.minecraftforge.common.ForgeConfigSpec/CORE]: Incorrect key world_generation.uranium.buried was corrected from null to its default, SimpleCommentedConfig:{}. 
[02May2025 22:24:37.380] [Server thread/WARN] [net.minecraftforge.common.ForgeConfigSpec/CORE]: Incorrect key world_generation.uranium.buried.shouldGenerate was corrected from null to its default, true. 
[02May2025 22:24:37.380] [Server thread/DEBUG] [net.minecraftforge.common.ForgeConfigSpec/CORE]: The comment on key world_generation.uranium.buried.shouldGenerate does not match the spec. This may create a backup.
[02May2025 22:24:37.380] [Server thread/WARN] [net.minecraftforge.common.ForgeConfigSpec/CORE]: Incorrect key world_generation.uranium.buried.perChunk was corrected from null to its default, 7. 
[02May2025 22:24:37.380] [Server thread/DEBUG] [net.minecraftforge.common.ForgeConfigSpec/CORE]: The comment on key world_generation.uranium.buried.perChunk does not match the spec. This may create a backup.
[02May2025 22:24:37.380] [Server thread/WARN] [net.minecraftforge.common.ForgeConfigSpec/CORE]: Incorrect key world_generation.uranium.buried.maxVeinSize was corrected from null to its default, 9. 
[02May2025 22:24:37.380] [Server thread/DEBUG] [net.minecraftforge.common.ForgeConfigSpec/CORE]: The comment on key world_generation.uranium.buried.maxVeinSize does not match the spec. This may create a backup.
[02May2025 22:24:37.380] [Server thread/WARN] [net.minecraftforge.common.ForgeConfigSpec/CORE]: Incorrect key world_generation.uranium.buried.discardChanceOnAirExposure was corrected from null to its default, 0.75. 
[02May2025 22:24:37.381] [Server thread/DEBUG] [net.minecraftforge.common.ForgeConfigSpec/CORE]: The comment on key world_generation.uranium.buried.discardChanceOnAirExposure does not match the spec. This may create a backup.
[02May2025 22:24:37.381] [Server thread/WARN] [net.minecraftforge.common.ForgeConfigSpec/CORE]: Incorrect key world_generation.uranium.buried.shape was corrected from null to its default, TRAPEZOID. 
[02May2025 22:24:37.381] [Server thread/DEBUG] [net.minecraftforge.common.ForgeConfigSpec/CORE]: The comment on key world_generation.uranium.buried.shape does not match the spec. This may create a backup.
[02May2025 22:24:37.381] [Server thread/WARN] [net.minecraftforge.common.ForgeConfigSpec/CORE]: Incorrect key world_generation.uranium.buried.minInclusive was corrected from null to its default, SimpleCommentedConfig:{}. 
[02May2025 22:24:37.382] [Server thread/WARN] [net.minecraftforge.common.ForgeConfigSpec/CORE]: Incorrect key world_generation.uranium.buried.minInclusive.type was corrected from null to its default, ABOVE_BOTTOM. 
[02May2025 22:24:37.382] [Server thread/DEBUG] [net.minecraftforge.common.ForgeConfigSpec/CORE]: The comment on key world_generation.uranium.buried.minInclusive.type does not match the spec. This may create a backup.
[02May2025 22:24:37.384] [Server thread/WARN] [net.minecraftforge.common.ForgeConfigSpec/CORE]: Incorrect key world_generation.uranium.buried.minInclusive.value was corrected from null to its default, -24. 
[02May2025 22:24:37.384] [Server thread/DEBUG] [net.minecraftforge.common.ForgeConfigSpec/CORE]: The comment on key world_generation.uranium.buried.minInclusive.value does not match the spec. This may create a backup.
[02May2025 22:24:37.384] [Server thread/DEBUG] [net.minecraftforge.common.ForgeConfigSpec/CORE]: The comment on key world_generation.uranium.buried.minInclusive does not match the spec. This may create a backup.
[02May2025 22:24:37.384] [Server thread/WARN] [net.minecraftforge.common.ForgeConfigSpec/CORE]: Incorrect key world_generation.uranium.buried.maxInclusive was corrected from null to its default, SimpleCommentedConfig:{}. 
[02May2025 22:24:37.384] [Server thread/WARN] [net.minecraftforge.common.ForgeConfigSpec/CORE]: Incorrect key world_generation.uranium.buried.maxInclusive.type was corrected from null to its default, ABOVE_BOTTOM. 
[02May2025 22:24:37.384] [Server thread/DEBUG] [net.minecraftforge.common.ForgeConfigSpec/CORE]: The comment on key world_generation.uranium.buried.maxInclusive.type does not match the spec. This may create a backup.
[02May2025 22:24:37.384] [Server thread/WARN] [net.minecraftforge.common.ForgeConfigSpec/CORE]: Incorrect key world_generation.uranium.buried.maxInclusive.value was corrected from null to its default, 56. 
[02May2025 22:24:37.385] [Server thread/DEBUG] [net.minecraftforge.common.ForgeConfigSpec/CORE]: The comment on key world_generation.uranium.buried.maxInclusive.value does not match the spec. This may create a backup.
[02May2025 22:24:37.385] [Server thread/DEBUG] [net.minecraftforge.common.ForgeConfigSpec/CORE]: The comment on key world_generation.uranium.buried.maxInclusive does not match the spec. This may create a backup.
[02May2025 22:24:37.385] [Server thread/WARN] [net.minecraftforge.common.ForgeConfigSpec/CORE]: Incorrect key world_generation.uranium.buried.plateau was corrected from null to its default, 16. 
[02May2025 22:24:37.387] [Server thread/DEBUG] [net.minecraftforge.common.ForgeConfigSpec/CORE]: The comment on key world_generation.uranium.buried.plateau does not match the spec. This may create a backup.
[02May2025 22:24:37.387] [Server thread/DEBUG] [net.minecraftforge.common.ForgeConfigSpec/CORE]: The comment on key world_generation.uranium.buried does not match the spec. This may create a backup.
[02May2025 22:24:37.387] [Server thread/DEBUG] [net.minecraftforge.common.ForgeConfigSpec/CORE]: The comment on key world_generation.uranium does not match the spec. This may create a backup.
[02May2025 22:24:37.387] [Server thread/WARN] [net.minecraftforge.common.ForgeConfigSpec/CORE]: Incorrect key world_generation.fluorite was corrected from null to its default, SimpleCommentedConfig:{}. 
[02May2025 22:24:37.387] [Server thread/WARN] [net.minecraftforge.common.ForgeConfigSpec/CORE]: Incorrect key world_generation.fluorite.shouldGenerate was corrected from null to its default, true. 
[02May2025 22:24:37.389] [Server thread/DEBUG] [net.minecraftforge.common.ForgeConfigSpec/CORE]: The comment on key world_generation.fluorite.shouldGenerate does not match the spec. This may create a backup.
[02May2025 22:24:37.389] [Server thread/WARN] [net.minecraftforge.common.ForgeConfigSpec/CORE]: Incorrect key world_generation.fluorite.normal was corrected from null to its default, SimpleCommentedConfig:{}. 
[02May2025 22:24:37.389] [Server thread/WARN] [net.minecraftforge.common.ForgeConfigSpec/CORE]: Incorrect key world_generation.fluorite.normal.shouldGenerate was corrected from null to its default, true. 
[02May2025 22:24:37.389] [Server thread/DEBUG] [net.minecraftforge.common.ForgeConfigSpec/CORE]: The comment on key world_generation.fluorite.normal.shouldGenerate does not match the spec. This may create a backup.
[02May2025 22:24:37.389] [Server thread/WARN] [net.minecraftforge.common.ForgeConfigSpec/CORE]: Incorrect key world_generation.fluorite.normal.perChunk was corrected from null to its default, 5. 
[02May2025 22:24:37.389] [Server thread/DEBUG] [net.minecraftforge.common.ForgeConfigSpec/CORE]: The comment on key world_generation.fluorite.normal.perChunk does not match the spec. This may create a backup.
[02May2025 22:24:37.389] [Server thread/WARN] [net.minecraftforge.common.ForgeConfigSpec/CORE]: Incorrect key world_generation.fluorite.normal.maxVeinSize was corrected from null to its default, 5. 
[02May2025 22:24:37.390] [Server thread/DEBUG] [net.minecraftforge.common.ForgeConfigSpec/CORE]: The comment on key world_generation.fluorite.normal.maxVeinSize does not match the spec. This may create a backup.
[02May2025 22:24:37.390] [Server thread/WARN] [net.minecraftforge.common.ForgeConfigSpec/CORE]: Incorrect key world_generation.fluorite.normal.discardChanceOnAirExposure was corrected from null to its default, 0.0. 
[02May2025 22:24:37.390] [Server thread/DEBUG] [net.minecraftforge.common.ForgeConfigSpec/CORE]: The comment on key world_generation.fluorite.normal.discardChanceOnAirExposure does not match the spec. This may create a backup.
[02May2025 22:24:37.390] [Server thread/WARN] [net.minecraftforge.common.ForgeConfigSpec/CORE]: Incorrect key world_generation.fluorite.normal.shape was corrected from null to its default, UNIFORM. 
[02May2025 22:24:37.392] [Server thread/DEBUG] [net.minecraftforge.common.ForgeConfigSpec/CORE]: The comment on key world_generation.fluorite.normal.shape does not match the spec. This may create a backup.
[02May2025 22:24:37.392] [Server thread/WARN] [net.minecraftforge.common.ForgeConfigSpec/CORE]: Incorrect key world_generation.fluorite.normal.minInclusive was corrected from null to its default, SimpleCommentedConfig:{}. 
[02May2025 22:24:37.393] [Server thread/WARN] [net.minecraftforge.common.ForgeConfigSpec/CORE]: Incorrect key world_generation.fluorite.normal.minInclusive.type was corrected from null to its default, ABOVE_BOTTOM. 
[02May2025 22:24:37.393] [Server thread/DEBUG] [net.minecraftforge.common.ForgeConfigSpec/CORE]: The comment on key world_generation.fluorite.normal.minInclusive.type does not match the spec. This may create a backup.
[02May2025 22:24:37.393] [Server thread/WARN] [net.minecraftforge.common.ForgeConfigSpec/CORE]: Incorrect key world_generation.fluorite.normal.minInclusive.value was corrected from null to its default, 0. 
[02May2025 22:24:37.393] [Server thread/DEBUG] [net.minecraftforge.common.ForgeConfigSpec/CORE]: The comment on key world_generation.fluorite.normal.minInclusive.value does not match the spec. This may create a backup.
[02May2025 22:24:37.393] [Server thread/DEBUG] [net.minecraftforge.common.ForgeConfigSpec/CORE]: The comment on key world_generation.fluorite.normal.minInclusive does not match the spec. This may create a backup.
[02May2025 22:24:37.393] [Server thread/WARN] [net.minecraftforge.common.ForgeConfigSpec/CORE]: Incorrect key world_generation.fluorite.normal.maxInclusive was corrected from null to its default, SimpleCommentedConfig:{}. 
[02May2025 22:24:37.396] [Server thread/WARN] [net.minecraftforge.common.ForgeConfigSpec/CORE]: Incorrect key world_generation.fluorite.normal.maxInclusive.type was corrected from null to its default, ABSOLUTE. 
[02May2025 22:24:37.396] [Server thread/DEBUG] [net.minecraftforge.common.ForgeConfigSpec/CORE]: The comment on key world_generation.fluorite.normal.maxInclusive.type does not match the spec. This may create a backup.
[02May2025 22:24:37.396] [Server thread/WARN] [net.minecraftforge.common.ForgeConfigSpec/CORE]: Incorrect key world_generation.fluorite.normal.maxInclusive.value was corrected from null to its default, 23. 
[02May2025 22:24:37.396] [Server thread/DEBUG] [net.minecraftforge.common.ForgeConfigSpec/CORE]: The comment on key world_generation.fluorite.normal.maxInclusive.value does not match the spec. This may create a backup.
[02May2025 22:24:37.396] [Server thread/DEBUG] [net.minecraftforge.common.ForgeConfigSpec/CORE]: The comment on key world_generation.fluorite.normal.maxInclusive does not match the spec. This may create a backup.
[02May2025 22:24:37.396] [Server thread/WARN] [net.minecraftforge.common.ForgeConfigSpec/CORE]: Incorrect key world_generation.fluorite.normal.plateau was corrected from null to its default, 0. 
[02May2025 22:24:37.397] [Server thread/DEBUG] [net.minecraftforge.common.ForgeConfigSpec/CORE]: The comment on key world_generation.fluorite.normal.plateau does not match the spec. This may create a backup.
[02May2025 22:24:37.397] [Server thread/DEBUG] [net.minecraftforge.common.ForgeConfigSpec/CORE]: The comment on key world_generation.fluorite.normal does not match the spec. This may create a backup.
[02May2025 22:24:37.397] [Server thread/WARN] [net.minecraftforge.common.ForgeConfigSpec/CORE]: Incorrect key world_generation.fluorite.buried was corrected from null to its default, SimpleCommentedConfig:{}. 
[02May2025 22:24:37.397] [Server thread/WARN] [net.minecraftforge.common.ForgeConfigSpec/CORE]: Incorrect key world_generation.fluorite.buried.shouldGenerate was corrected from null to its default, true. 
[02May2025 22:24:37.397] [Server thread/DEBUG] [net.minecraftforge.common.ForgeConfigSpec/CORE]: The comment on key world_generation.fluorite.buried.shouldGenerate does not match the spec. This may create a backup.
[02May2025 22:24:37.397] [Server thread/WARN] [net.minecraftforge.common.ForgeConfigSpec/CORE]: Incorrect key world_generation.fluorite.buried.perChunk was corrected from null to its default, 3. 
[02May2025 22:24:37.397] [Server thread/DEBUG] [net.minecraftforge.common.ForgeConfigSpec/CORE]: The comment on key world_generation.fluorite.buried.perChunk does not match the spec. This may create a backup.
[02May2025 22:24:37.397] [Server thread/WARN] [net.minecraftforge.common.ForgeConfigSpec/CORE]: Incorrect key world_generation.fluorite.buried.maxVeinSize was corrected from null to its default, 13. 
[02May2025 22:24:37.398] [Server thread/DEBUG] [net.minecraftforge.common.ForgeConfigSpec/CORE]: The comment on key world_generation.fluorite.buried.maxVeinSize does not match the spec. This may create a backup.
[02May2025 22:24:37.398] [Server thread/WARN] [net.minecraftforge.common.ForgeConfigSpec/CORE]: Incorrect key world_generation.fluorite.buried.discardChanceOnAirExposure was corrected from null to its default, 1.0. 
[02May2025 22:24:37.399] [Server thread/DEBUG] [net.minecraftforge.common.ForgeConfigSpec/CORE]: The comment on key world_generation.fluorite.buried.discardChanceOnAirExposure does not match the spec. This may create a backup.
[02May2025 22:24:37.399] [Server thread/WARN] [net.minecraftforge.common.ForgeConfigSpec/CORE]: Incorrect key world_generation.fluorite.buried.shape was corrected from null to its default, TRAPEZOID. 
[02May2025 22:24:37.400] [Server thread/DEBUG] [net.minecraftforge.common.ForgeConfigSpec/CORE]: The comment on key world_generation.fluorite.buried.shape does not match the spec. This may create a backup.
[02May2025 22:24:37.400] [Server thread/WARN] [net.minecraftforge.common.ForgeConfigSpec/CORE]: Incorrect key world_generation.fluorite.buried.minInclusive was corrected from null to its default, SimpleCommentedConfig:{}. 
[02May2025 22:24:37.401] [Server thread/WARN] [net.minecraftforge.common.ForgeConfigSpec/CORE]: Incorrect key world_generation.fluorite.buried.minInclusive.type was corrected from null to its default, ABOVE_BOTTOM. 
[02May2025 22:24:37.401] [Server thread/DEBUG] [net.minecraftforge.common.ForgeConfigSpec/CORE]: The comment on key world_generation.fluorite.buried.minInclusive.type does not match the spec. This may create a backup.
[02May2025 22:24:37.401] [Server thread/WARN] [net.minecraftforge.common.ForgeConfigSpec/CORE]: Incorrect key world_generation.fluorite.buried.minInclusive.value was corrected from null to its default, 0. 
[02May2025 22:24:37.401] [Server thread/DEBUG] [net.minecraftforge.common.ForgeConfigSpec/CORE]: The comment on key world_generation.fluorite.buried.minInclusive.value does not match the spec. This may create a backup.
[02May2025 22:24:37.401] [Server thread/DEBUG] [net.minecraftforge.common.ForgeConfigSpec/CORE]: The comment on key world_generation.fluorite.buried.minInclusive does not match the spec. This may create a backup.
[02May2025 22:24:37.401] [Server thread/WARN] [net.minecraftforge.common.ForgeConfigSpec/CORE]: Incorrect key world_generation.fluorite.buried.maxInclusive was corrected from null to its default, SimpleCommentedConfig:{}. 
[02May2025 22:24:37.402] [Server thread/WARN] [net.minecraftforge.common.ForgeConfigSpec/CORE]: Incorrect key world_generation.fluorite.buried.maxInclusive.type was corrected from null to its default, ABSOLUTE. 
[02May2025 22:24:37.403] [Server thread/DEBUG] [net.minecraftforge.common.ForgeConfigSpec/CORE]: The comment on key world_generation.fluorite.buried.maxInclusive.type does not match the spec. This may create a backup.
[02May2025 22:24:37.403] [Server thread/WARN] [net.minecraftforge.common.ForgeConfigSpec/CORE]: Incorrect key world_generation.fluorite.buried.maxInclusive.value was corrected from null to its default, 4. 
[02May2025 22:24:37.406] [Server thread/DEBUG] [net.minecraftforge.common.ForgeConfigSpec/CORE]: The comment on key world_generation.fluorite.buried.maxInclusive.value does not match the spec. This may create a backup.
[02May2025 22:24:37.406] [Server thread/DEBUG] [net.minecraftforge.common.ForgeConfigSpec/CORE]: The comment on key world_generation.fluorite.buried.maxInclusive does not match the spec. This may create a backup.
[02May2025 22:24:37.406] [Server thread/WARN] [net.minecraftforge.common.ForgeConfigSpec/CORE]: Incorrect key world_generation.fluorite.buried.plateau was corrected from null to its default, 0. 
[02May2025 22:24:37.406] [Server thread/DEBUG] [net.minecraftforge.common.ForgeConfigSpec/CORE]: The comment on key world_generation.fluorite.buried.plateau does not match the spec. This may create a backup.
[02May2025 22:24:37.406] [Server thread/DEBUG] [net.minecraftforge.common.ForgeConfigSpec/CORE]: The comment on key world_generation.fluorite.buried does not match the spec. This may create a backup.
[02May2025 22:24:37.406] [Server thread/DEBUG] [net.minecraftforge.common.ForgeConfigSpec/CORE]: The comment on key world_generation.fluorite does not match the spec. This may create a backup.
[02May2025 22:24:37.406] [Server thread/WARN] [net.minecraftforge.common.ForgeConfigSpec/CORE]: Incorrect key world_generation.lead was corrected from null to its default, SimpleCommentedConfig:{}. 
[02May2025 22:24:37.406] [Server thread/WARN] [net.minecraftforge.common.ForgeConfigSpec/CORE]: Incorrect key world_generation.lead.shouldGenerate was corrected from null to its default, true. 
[02May2025 22:24:37.406] [Server thread/DEBUG] [net.minecraftforge.common.ForgeConfigSpec/CORE]: The comment on key world_generation.lead.shouldGenerate does not match the spec. This may create a backup.
[02May2025 22:24:37.406] [Server thread/WARN] [net.minecraftforge.common.ForgeConfigSpec/CORE]: Incorrect key world_generation.lead.normal was corrected from null to its default, SimpleCommentedConfig:{}. 
[02May2025 22:24:37.407] [Server thread/WARN] [net.minecraftforge.common.ForgeConfigSpec/CORE]: Incorrect key world_generation.lead.normal.shouldGenerate was corrected from null to its default, true. 
[02May2025 22:24:37.407] [Server thread/DEBUG] [net.minecraftforge.common.ForgeConfigSpec/CORE]: The comment on key world_generation.lead.normal.shouldGenerate does not match the spec. This may create a backup.
[02May2025 22:24:37.408] [Server thread/WARN] [net.minecraftforge.common.ForgeConfigSpec/CORE]: Incorrect key world_generation.lead.normal.perChunk was corrected from null to its default, 8. 
[02May2025 22:24:37.408] [Server thread/DEBUG] [net.minecraftforge.common.ForgeConfigSpec/CORE]: The comment on key world_generation.lead.normal.perChunk does not match the spec. This may create a backup.
[02May2025 22:24:37.408] [Server thread/WARN] [net.minecraftforge.common.ForgeConfigSpec/CORE]: Incorrect key world_generation.lead.normal.maxVeinSize was corrected from null to its default, 9. 
[02May2025 22:24:37.409] [Server thread/DEBUG] [net.minecraftforge.common.ForgeConfigSpec/CORE]: The comment on key world_generation.lead.normal.maxVeinSize does not match the spec. This may create a backup.
[02May2025 22:24:37.409] [Server thread/WARN] [net.minecraftforge.common.ForgeConfigSpec/CORE]: Incorrect key world_generation.lead.normal.discardChanceOnAirExposure was corrected from null to its default, 0.25. 
[02May2025 22:24:37.409] [Server thread/DEBUG] [net.minecraftforge.common.ForgeConfigSpec/CORE]: The comment on key world_generation.lead.normal.discardChanceOnAirExposure does not match the spec. This may create a backup.
[02May2025 22:24:37.409] [Server thread/WARN] [net.minecraftforge.common.ForgeConfigSpec/CORE]: Incorrect key world_generation.lead.normal.shape was corrected from null to its default, TRAPEZOID. 
[02May2025 22:24:37.409] [Server thread/DEBUG] [net.minecraftforge.common.ForgeConfigSpec/CORE]: The comment on key world_generation.lead.normal.shape does not match the spec. This may create a backup.
[02May2025 22:24:37.409] [Server thread/WARN] [net.minecraftforge.common.ForgeConfigSpec/CORE]: Incorrect key world_generation.lead.normal.minInclusive was corrected from null to its default, SimpleCommentedConfig:{}. 
[02May2025 22:24:37.410] [Server thread/WARN] [net.minecraftforge.common.ForgeConfigSpec/CORE]: Incorrect key world_generation.lead.normal.minInclusive.type was corrected from null to its default, ABOVE_BOTTOM. 
[02May2025 22:24:37.410] [Server thread/DEBUG] [net.minecraftforge.common.ForgeConfigSpec/CORE]: The comment on key world_generation.lead.normal.minInclusive.type does not match the spec. This may create a backup.
[02May2025 22:24:37.410] [Server thread/WARN] [net.minecraftforge.common.ForgeConfigSpec/CORE]: Incorrect key world_generation.lead.normal.minInclusive.value was corrected from null to its default, -24. 
[02May2025 22:24:37.411] [Server thread/DEBUG] [net.minecraftforge.common.ForgeConfigSpec/CORE]: The comment on key world_generation.lead.normal.minInclusive.value does not match the spec. This may create a backup.
[02May2025 22:24:37.411] [Server thread/DEBUG] [net.minecraftforge.common.ForgeConfigSpec/CORE]: The comment on key world_generation.lead.normal.minInclusive does not match the spec. This may create a backup.
[02May2025 22:24:37.411] [Server thread/WARN] [net.minecraftforge.common.ForgeConfigSpec/CORE]: Incorrect key world_generation.lead.normal.maxInclusive was corrected from null to its default, SimpleCommentedConfig:{}. 
[02May2025 22:24:37.411] [Server thread/WARN] [net.minecraftforge.common.ForgeConfigSpec/CORE]: Incorrect key world_generation.lead.normal.maxInclusive.type was corrected from null to its default, ABSOLUTE. 
[02May2025 22:24:37.411] [Server thread/DEBUG] [net.minecraftforge.common.ForgeConfigSpec/CORE]: The comment on key world_generation.lead.normal.maxInclusive.type does not match the spec. This may create a backup.
[02May2025 22:24:37.411] [Server thread/WARN] [net.minecraftforge.common.ForgeConfigSpec/CORE]: Incorrect key world_generation.lead.normal.maxInclusive.value was corrected from null to its default, 64. 
[02May2025 22:24:37.412] [Server thread/DEBUG] [net.minecraftforge.common.ForgeConfigSpec/CORE]: The comment on key world_generation.lead.normal.maxInclusive.value does not match the spec. This may create a backup.
[02May2025 22:24:37.412] [Server thread/DEBUG] [net.minecraftforge.common.ForgeConfigSpec/CORE]: The comment on key world_generation.lead.normal.maxInclusive does not match the spec. This may create a backup.
[02May2025 22:24:37.412] [Server thread/WARN] [net.minecraftforge.common.ForgeConfigSpec/CORE]: Incorrect key world_generation.lead.normal.plateau was corrected from null to its default, 0. 
[02May2025 22:24:37.412] [Server thread/DEBUG] [net.minecraftforge.common.ForgeConfigSpec/CORE]: The comment on key world_generation.lead.normal.plateau does not match the spec. This may create a backup.
[02May2025 22:24:37.412] [Server thread/DEBUG] [net.minecraftforge.common.ForgeConfigSpec/CORE]: The comment on key world_generation.lead.normal does not match the spec. This may create a backup.
[02May2025 22:24:37.413] [Server thread/DEBUG] [net.minecraftforge.common.ForgeConfigSpec/CORE]: The comment on key world_generation.lead does not match the spec. This may create a backup.
[02May2025 22:24:37.413] [Server thread/WARN] [net.minecraftforge.common.ForgeConfigSpec/CORE]: Incorrect key world_generation.salt was corrected from null to its default, SimpleCommentedConfig:{}. 
[02May2025 22:24:37.413] [Server thread/WARN] [net.minecraftforge.common.ForgeConfigSpec/CORE]: Incorrect key world_generation.salt.shouldGenerate was corrected from null to its default, true. 
[02May2025 22:24:37.413] [Server thread/DEBUG] [net.minecraftforge.common.ForgeConfigSpec/CORE]: The comment on key world_generation.salt.shouldGenerate does not match the spec. This may create a backup.
[02May2025 22:24:37.413] [Server thread/WARN] [net.minecraftforge.common.ForgeConfigSpec/CORE]: Incorrect key world_generation.salt.perChunk was corrected from null to its default, 2. 
[02May2025 22:24:37.414] [Server thread/DEBUG] [net.minecraftforge.common.ForgeConfigSpec/CORE]: The comment on key world_generation.salt.perChunk does not match the spec. This may create a backup.
[02May2025 22:24:37.414] [Server thread/WARN] [net.minecraftforge.common.ForgeConfigSpec/CORE]: Incorrect key world_generation.salt.minRadius was corrected from null to its default, 2. 
[02May2025 22:24:37.414] [Server thread/DEBUG] [net.minecraftforge.common.ForgeConfigSpec/CORE]: The comment on key world_generation.salt.minRadius does not match the spec. This may create a backup.
[02May2025 22:24:37.414] [Server thread/WARN] [net.minecraftforge.common.ForgeConfigSpec/CORE]: Incorrect key world_generation.salt.maxRadius was corrected from null to its default, 3. 
[02May2025 22:24:37.415] [Server thread/DEBUG] [net.minecraftforge.common.ForgeConfigSpec/CORE]: The comment on key world_generation.salt.maxRadius does not match the spec. This may create a backup.
[02May2025 22:24:37.415] [Server thread/WARN] [net.minecraftforge.common.ForgeConfigSpec/CORE]: Incorrect key world_generation.salt.halfHeight was corrected from null to its default, 1. 
[02May2025 22:24:37.415] [Server thread/DEBUG] [net.minecraftforge.common.ForgeConfigSpec/CORE]: The comment on key world_generation.salt.halfHeight does not match the spec. This may create a backup.
[02May2025 22:24:37.415] [Server thread/DEBUG] [net.minecraftforge.common.ForgeConfigSpec/CORE]: The comment on key world_generation.salt does not match the spec. This may create a backup.
[02May2025 22:24:37.415] [Server thread/DEBUG] [net.minecraftforge.common.ForgeConfigSpec/CORE]: The comment on key world_generation does not match the spec. This may create a backup.
[02May2025 22:24:37.417] [Thread-2/DEBUG] [net.minecraftforge.fml.config.ConfigFileTypeHandler/CONFIG]: Config file Mekanism/world.toml changed, sending notifies
[02May2025 22:24:37.420] [Server thread/DEBUG] [net.minecraftforge.fml.config.ConfigFileTypeHandler/CONFIG]: Built TOML config for /workspaces/moddedserver/config/Mekanism/tools.toml
[02May2025 22:24:37.420] [Server thread/DEBUG] [net.minecraftforge.fml.config.ConfigFileTypeHandler/CONFIG]: Loaded TOML config file /workspaces/moddedserver/config/Mekanism/tools.toml
[02May2025 22:24:37.421] [Thread-2/DEBUG] [net.minecraftforge.fml.config.ConfigFileTypeHandler/CONFIG]: Config file Mekanism/world.toml changed, sending notifies
[02May2025 22:24:37.421] [Server thread/DEBUG] [net.minecraftforge.fml.config.ConfigFileTypeHandler/CONFIG]: Watching TOML config file /workspaces/moddedserver/config/Mekanism/tools.toml for changes
[02May2025 22:24:37.424] [Server thread/WARN] [net.minecraftforge.common.ForgeConfigSpec/CORE]: Configuration file /workspaces/moddedserver/config/Mekanism/tools.toml is not correct. Correcting
[02May2025 22:24:37.424] [Server thread/WARN] [net.minecraftforge.common.ForgeConfigSpec/CORE]: Incorrect key tools was corrected from null to its default, SimpleCommentedConfig:{}. 
[02May2025 22:24:37.425] [Thread-2/DEBUG] [net.minecraftforge.fml.config.ConfigFileTypeHandler/CONFIG]: Config file Mekanism/world.toml changed, sending notifies
[02May2025 22:24:37.424] [Server thread/WARN] [net.minecraftforge.common.ForgeConfigSpec/CORE]: Incorrect key tools.mobArmorSpawnRate was corrected from null to its default, SimpleCommentedConfig:{}. 
[02May2025 22:24:37.425] [Server thread/WARN] [net.minecraftforge.common.ForgeConfigSpec/CORE]: Incorrect key tools.mobArmorSpawnRate.general was corrected from null to its default, 0.1. 
[02May2025 22:24:37.426] [Server thread/DEBUG] [net.minecraftforge.common.ForgeConfigSpec/CORE]: The comment on key tools.mobArmorSpawnRate.general does not match the spec. This may create a backup.
[02May2025 22:24:37.426] [Server thread/WARN] [net.minecraftforge.common.ForgeConfigSpec/CORE]: Incorrect key tools.mobArmorSpawnRate.weapon was corrected from null to its default, 0.01. 
[02May2025 22:24:37.426] [Server thread/DEBUG] [net.minecraftforge.common.ForgeConfigSpec/CORE]: The comment on key tools.mobArmorSpawnRate.weapon does not match the spec. This may create a backup.
[02May2025 22:24:37.426] [Server thread/WARN] [net.minecraftforge.common.ForgeConfigSpec/CORE]: Incorrect key tools.mobArmorSpawnRate.weaponHard was corrected from null to its default, 0.05000000074505806. 
[02May2025 22:24:37.426] [Server thread/DEBUG] [net.minecraftforge.common.ForgeConfigSpec/CORE]: The comment on key tools.mobArmorSpawnRate.weaponHard does not match the spec. This may create a backup.
[02May2025 22:24:37.426] [Server thread/WARN] [net.minecraftforge.common.ForgeConfigSpec/CORE]: Incorrect key tools.mobArmorSpawnRate.bronze was corrected from null to its default, SimpleCommentedConfig:{}. 
[02May2025 22:24:37.427] [Server thread/WARN] [net.minecraftforge.common.ForgeConfigSpec/CORE]: Incorrect key tools.mobArmorSpawnRate.bronze.canSpawnWeapon was corrected from null to its default, true. 
[02May2025 22:24:37.427] [Server thread/DEBUG] [net.minecraftforge.common.ForgeConfigSpec/CORE]: The comment on key tools.mobArmorSpawnRate.bronze.canSpawnWeapon does not match the spec. This may create a backup.
[02May2025 22:24:37.429] [Server thread/WARN] [net.minecraftforge.common.ForgeConfigSpec/CORE]: Incorrect key tools.mobArmorSpawnRate.bronze.swordWeight was corrected from null to its default, 0.33. 
[02May2025 22:24:37.429] [Server thread/DEBUG] [net.minecraftforge.common.ForgeConfigSpec/CORE]: The comment on key tools.mobArmorSpawnRate.bronze.swordWeight does not match the spec. This may create a backup.
[02May2025 22:24:37.429] [Server thread/WARN] [net.minecraftforge.common.ForgeConfigSpec/CORE]: Incorrect key tools.mobArmorSpawnRate.bronze.helmetChance was corrected from null to its default, 1.0. 
[02May2025 22:24:37.429] [Server thread/DEBUG] [net.minecraftforge.common.ForgeConfigSpec/CORE]: The comment on key tools.mobArmorSpawnRate.bronze.helmetChance does not match the spec. This may create a backup.
[02May2025 22:24:37.429] [Server thread/WARN] [net.minecraftforge.common.ForgeConfigSpec/CORE]: Incorrect key tools.mobArmorSpawnRate.bronze.chestplateChance was corrected from null to its default, 1.0. 
[02May2025 22:24:37.429] [Server thread/DEBUG] [net.minecraftforge.common.ForgeConfigSpec/CORE]: The comment on key tools.mobArmorSpawnRate.bronze.chestplateChance does not match the spec. This may create a backup.
[02May2025 22:24:37.429] [Server thread/WARN] [net.minecraftforge.common.ForgeConfigSpec/CORE]: Incorrect key tools.mobArmorSpawnRate.bronze.leggingsChance was corrected from null to its default, 1.0. 
[02May2025 22:24:37.429] [Server thread/DEBUG] [net.minecraftforge.common.ForgeConfigSpec/CORE]: The comment on key tools.mobArmorSpawnRate.bronze.leggingsChance does not match the spec. This may create a backup.
[02May2025 22:24:37.429] [Server thread/WARN] [net.minecraftforge.common.ForgeConfigSpec/CORE]: Incorrect key tools.mobArmorSpawnRate.bronze.bootsChance was corrected from null to its default, 1.0. 
[02May2025 22:24:37.429] [Server thread/DEBUG] [net.minecraftforge.common.ForgeConfigSpec/CORE]: The comment on key tools.mobArmorSpawnRate.bronze.bootsChance does not match the spec. This may create a backup.
[02May2025 22:24:37.429] [Server thread/WARN] [net.minecraftforge.common.ForgeConfigSpec/CORE]: Incorrect key tools.mobArmorSpawnRate.bronze.multiplePieceChance was corrected from null to its default, 0.25. 
[02May2025 22:24:37.429] [Server thread/DEBUG] [net.minecraftforge.common.ForgeConfigSpec/CORE]: The comment on key tools.mobArmorSpawnRate.bronze.multiplePieceChance does not match the spec. This may create a backup.
[02May2025 22:24:37.430] [Server thread/WARN] [net.minecraftforge.common.ForgeConfigSpec/CORE]: Incorrect key tools.mobArmorSpawnRate.bronze.multiplePieceChanceHard was corrected from null to its default, 0.1. 
[02May2025 22:24:37.430] [Server thread/DEBUG] [net.minecraftforge.common.ForgeConfigSpec/CORE]: The comment on key tools.mobArmorSpawnRate.bronze.multiplePieceChanceHard does not match the spec. This may create a backup.
[02May2025 22:24:37.430] [Server thread/WARN] [net.minecraftforge.common.ForgeConfigSpec/CORE]: Incorrect key tools.mobArmorSpawnRate.bronze.weaponEnchantmentChance was corrected from null to its default, 0.25. 
[02May2025 22:24:37.431] [Server thread/DEBUG] [net.minecraftforge.common.ForgeConfigSpec/CORE]: The comment on key tools.mobArmorSpawnRate.bronze.weaponEnchantmentChance does not match the spec. This may create a backup.
[02May2025 22:24:37.431] [Server thread/WARN] [net.minecraftforge.common.ForgeConfigSpec/CORE]: Incorrect key tools.mobArmorSpawnRate.bronze.armorEnchantmentChance was corrected from null to its default, 0.5. 
[02May2025 22:24:37.432] [Server thread/DEBUG] [net.minecraftforge.common.ForgeConfigSpec/CORE]: The comment on key tools.mobArmorSpawnRate.bronze.armorEnchantmentChance does not match the spec. This may create a backup.
[02May2025 22:24:37.432] [Server thread/DEBUG] [net.minecraftforge.common.ForgeConfigSpec/CORE]: The comment on key tools.mobArmorSpawnRate.bronze does not match the spec. This may create a backup.
[02May2025 22:24:37.433] [Server thread/WARN] [net.minecraftforge.common.ForgeConfigSpec/CORE]: Incorrect key tools.mobArmorSpawnRate.lapis_lazuli was corrected from null to its default, SimpleCommentedConfig:{}. 
[02May2025 22:24:37.433] [Server thread/WARN] [net.minecraftforge.common.ForgeConfigSpec/CORE]: Incorrect key tools.mobArmorSpawnRate.lapis_lazuli.canSpawnWeapon was corrected from null to its default, true. 
[02May2025 22:24:37.433] [Server thread/DEBUG] [net.minecraftforge.common.ForgeConfigSpec/CORE]: The comment on key tools.mobArmorSpawnRate.lapis_lazuli.canSpawnWeapon does not match the spec. This may create a backup.
[02May2025 22:24:37.433] [Server thread/WARN] [net.minecraftforge.common.ForgeConfigSpec/CORE]: Incorrect key tools.mobArmorSpawnRate.lapis_lazuli.swordWeight was corrected from null to its default, 0.33. 
[02May2025 22:24:37.433] [Server thread/DEBUG] [net.minecraftforge.common.ForgeConfigSpec/CORE]: The comment on key tools.mobArmorSpawnRate.lapis_lazuli.swordWeight does not match the spec. This may create a backup.
[02May2025 22:24:37.433] [Server thread/WARN] [net.minecraftforge.common.ForgeConfigSpec/CORE]: Incorrect key tools.mobArmorSpawnRate.lapis_lazuli.helmetChance was corrected from null to its default, 1.0. 
[02May2025 22:24:37.433] [Server thread/DEBUG] [net.minecraftforge.common.ForgeConfigSpec/CORE]: The comment on key tools.mobArmorSpawnRate.lapis_lazuli.helmetChance does not match the spec. This may create a backup.
[02May2025 22:24:37.433] [Server thread/WARN] [net.minecraftforge.common.ForgeConfigSpec/CORE]: Incorrect key tools.mobArmorSpawnRate.lapis_lazuli.chestplateChance was corrected from null to its default, 1.0. 
[02May2025 22:24:37.434] [Server thread/DEBUG] [net.minecraftforge.common.ForgeConfigSpec/CORE]: The comment on key tools.mobArmorSpawnRate.lapis_lazuli.chestplateChance does not match the spec. This may create a backup.
[02May2025 22:24:37.434] [Server thread/WARN] [net.minecraftforge.common.ForgeConfigSpec/CORE]: Incorrect key tools.mobArmorSpawnRate.lapis_lazuli.leggingsChance was corrected from null to its default, 1.0. 
[02May2025 22:24:37.435] [Server thread/DEBUG] [net.minecraftforge.common.ForgeConfigSpec/CORE]: The comment on key tools.mobArmorSpawnRate.lapis_lazuli.leggingsChance does not match the spec. This may create a backup.
[02May2025 22:24:37.435] [Server thread/WARN] [net.minecraftforge.common.ForgeConfigSpec/CORE]: Incorrect key tools.mobArmorSpawnRate.lapis_lazuli.bootsChance was corrected from null to its default, 1.0. 
[02May2025 22:24:37.435] [Server thread/DEBUG] [net.minecraftforge.common.ForgeConfigSpec/CORE]: The comment on key tools.mobArmorSpawnRate.lapis_lazuli.bootsChance does not match the spec. This may create a backup.
[02May2025 22:24:37.435] [Server thread/WARN] [net.minecraftforge.common.ForgeConfigSpec/CORE]: Incorrect key tools.mobArmorSpawnRate.lapis_lazuli.multiplePieceChance was corrected from null to its default, 0.25. 
[02May2025 22:24:37.435] [Server thread/DEBUG] [net.minecraftforge.common.ForgeConfigSpec/CORE]: The comment on key tools.mobArmorSpawnRate.lapis_lazuli.multiplePieceChance does not match the spec. This may create a backup.
[02May2025 22:24:37.435] [Server thread/WARN] [net.minecraftforge.common.ForgeConfigSpec/CORE]: Incorrect key tools.mobArmorSpawnRate.lapis_lazuli.multiplePieceChanceHard was corrected from null to its default, 0.1. 
[02May2025 22:24:37.435] [Server thread/DEBUG] [net.minecraftforge.common.ForgeConfigSpec/CORE]: The comment on key tools.mobArmorSpawnRate.lapis_lazuli.multiplePieceChanceHard does not match the spec. This may create a backup.
[02May2025 22:24:37.436] [Server thread/WARN] [net.minecraftforge.common.ForgeConfigSpec/CORE]: Incorrect key tools.mobArmorSpawnRate.lapis_lazuli.weaponEnchantmentChance was corrected from null to its default, 0.25. 
[02May2025 22:24:37.436] [Server thread/DEBUG] [net.minecraftforge.common.ForgeConfigSpec/CORE]: The comment on key tools.mobArmorSpawnRate.lapis_lazuli.weaponEnchantmentChance does not match the spec. This may create a backup.
[02May2025 22:24:37.436] [Server thread/WARN] [net.minecraftforge.common.ForgeConfigSpec/CORE]: Incorrect key tools.mobArmorSpawnRate.lapis_lazuli.armorEnchantmentChance was corrected from null to its default, 0.5. 
[02May2025 22:24:37.439] [Server thread/DEBUG] [net.minecraftforge.common.ForgeConfigSpec/CORE]: The comment on key tools.mobArmorSpawnRate.lapis_lazuli.armorEnchantmentChance does not match the spec. This may create a backup.
[02May2025 22:24:37.439] [Server thread/DEBUG] [net.minecraftforge.common.ForgeConfigSpec/CORE]: The comment on key tools.mobArmorSpawnRate.lapis_lazuli does not match the spec. This may create a backup.
[02May2025 22:24:37.439] [Server thread/WARN] [net.minecraftforge.common.ForgeConfigSpec/CORE]: Incorrect key tools.mobArmorSpawnRate.osmium was corrected from null to its default, SimpleCommentedConfig:{}. 
[02May2025 22:24:37.439] [Server thread/WARN] [net.minecraftforge.common.ForgeConfigSpec/CORE]: Incorrect key tools.mobArmorSpawnRate.osmium.canSpawnWeapon was corrected from null to its default, true. 
[02May2025 22:24:37.441] [Server thread/DEBUG] [net.minecraftforge.common.ForgeConfigSpec/CORE]: The comment on key tools.mobArmorSpawnRate.osmium.canSpawnWeapon does not match the spec. This may create a backup.
[02May2025 22:24:37.441] [Server thread/WARN] [net.minecraftforge.common.ForgeConfigSpec/CORE]: Incorrect key tools.mobArmorSpawnRate.osmium.swordWeight was corrected from null to its default, 0.33. 
[02May2025 22:24:37.441] [Server thread/DEBUG] [net.minecraftforge.common.ForgeConfigSpec/CORE]: The comment on key tools.mobArmorSpawnRate.osmium.swordWeight does not match the spec. This may create a backup.
[02May2025 22:24:37.441] [Server thread/WARN] [net.minecraftforge.common.ForgeConfigSpec/CORE]: Incorrect key tools.mobArmorSpawnRate.osmium.helmetChance was corrected from null to its default, 1.0. 
[02May2025 22:24:37.441] [Server thread/DEBUG] [net.minecraftforge.common.ForgeConfigSpec/CORE]: The comment on key tools.mobArmorSpawnRate.osmium.helmetChance does not match the spec. This may create a backup.
[02May2025 22:24:37.441] [Server thread/WARN] [net.minecraftforge.common.ForgeConfigSpec/CORE]: Incorrect key tools.mobArmorSpawnRate.osmium.chestplateChance was corrected from null to its default, 1.0. 
[02May2025 22:24:37.441] [Server thread/DEBUG] [net.minecraftforge.common.ForgeConfigSpec/CORE]: The comment on key tools.mobArmorSpawnRate.osmium.chestplateChance does not match the spec. This may create a backup.
[02May2025 22:24:37.441] [Server thread/WARN] [net.minecraftforge.common.ForgeConfigSpec/CORE]: Incorrect key tools.mobArmorSpawnRate.osmium.leggingsChance was corrected from null to its default, 1.0. 
[02May2025 22:24:37.441] [Server thread/DEBUG] [net.minecraftforge.common.ForgeConfigSpec/CORE]: The comment on key tools.mobArmorSpawnRate.osmium.leggingsChance does not match the spec. This may create a backup.
[02May2025 22:24:37.441] [Server thread/WARN] [net.minecraftforge.common.ForgeConfigSpec/CORE]: Incorrect key tools.mobArmorSpawnRate.osmium.bootsChance was corrected from null to its default, 1.0. 
[02May2025 22:24:37.441] [Server thread/DEBUG] [net.minecraftforge.common.ForgeConfigSpec/CORE]: The comment on key tools.mobArmorSpawnRate.osmium.bootsChance does not match the spec. This may create a backup.
[02May2025 22:24:37.441] [Server thread/WARN] [net.minecraftforge.common.ForgeConfigSpec/CORE]: Incorrect key tools.mobArmorSpawnRate.osmium.multiplePieceChance was corrected from null to its default, 0.25. 
[02May2025 22:24:37.441] [Server thread/DEBUG] [net.minecraftforge.common.ForgeConfigSpec/CORE]: The comment on key tools.mobArmorSpawnRate.osmium.multiplePieceChance does not match the spec. This may create a backup.
[02May2025 22:24:37.442] [Server thread/WARN] [net.minecraftforge.common.ForgeConfigSpec/CORE]: Incorrect key tools.mobArmorSpawnRate.osmium.multiplePieceChanceHard was corrected from null to its default, 0.1. 
[02May2025 22:24:37.442] [Server thread/DEBUG] [net.minecraftforge.common.ForgeConfigSpec/CORE]: The comment on key tools.mobArmorSpawnRate.osmium.multiplePieceChanceHard does not match the spec. This may create a backup.
[02May2025 22:24:37.442] [Server thread/WARN] [net.minecraftforge.common.ForgeConfigSpec/CORE]: Incorrect key tools.mobArmorSpawnRate.osmium.weaponEnchantmentChance was corrected from null to its default, 0.25. 
[02May2025 22:24:37.444] [Server thread/DEBUG] [net.minecraftforge.common.ForgeConfigSpec/CORE]: The comment on key tools.mobArmorSpawnRate.osmium.weaponEnchantmentChance does not match the spec. This may create a backup.
[02May2025 22:24:37.444] [Server thread/WARN] [net.minecraftforge.common.ForgeConfigSpec/CORE]: Incorrect key tools.mobArmorSpawnRate.osmium.armorEnchantmentChance was corrected from null to its default, 0.5. 
[02May2025 22:24:37.444] [Server thread/DEBUG] [net.minecraftforge.common.ForgeConfigSpec/CORE]: The comment on key tools.mobArmorSpawnRate.osmium.armorEnchantmentChance does not match the spec. This may create a backup.
[02May2025 22:24:37.444] [Server thread/DEBUG] [net.minecraftforge.common.ForgeConfigSpec/CORE]: The comment on key tools.mobArmorSpawnRate.osmium does not match the spec. This may create a backup.
[02May2025 22:24:37.444] [Server thread/WARN] [net.minecraftforge.common.ForgeConfigSpec/CORE]: Incorrect key tools.mobArmorSpawnRate.refined_glowstone was corrected from null to its default, SimpleCommentedConfig:{}. 
[02May2025 22:24:37.445] [Server thread/WARN] [net.minecraftforge.common.ForgeConfigSpec/CORE]: Incorrect key tools.mobArmorSpawnRate.refined_glowstone.canSpawnWeapon was corrected from null to its default, true. 
[02May2025 22:24:37.446] [Server thread/DEBUG] [net.minecraftforge.common.ForgeConfigSpec/CORE]: The comment on key tools.mobArmorSpawnRate.refined_glowstone.canSpawnWeapon does not match the spec. This may create a backup.
[02May2025 22:24:37.446] [Server thread/WARN] [net.minecraftforge.common.ForgeConfigSpec/CORE]: Incorrect key tools.mobArmorSpawnRate.refined_glowstone.swordWeight was corrected from null to its default, 0.33. 
[02May2025 22:24:37.450] [Server thread/DEBUG] [net.minecraftforge.common.ForgeConfigSpec/CORE]: The comment on key tools.mobArmorSpawnRate.refined_glowstone.swordWeight does not match the spec. This may create a backup.
[02May2025 22:24:37.450] [Server thread/WARN] [net.minecraftforge.common.ForgeConfigSpec/CORE]: Incorrect key tools.mobArmorSpawnRate.refined_glowstone.helmetChance was corrected from null to its default, 1.0. 
[02May2025 22:24:37.450] [Server thread/DEBUG] [net.minecraftforge.common.ForgeConfigSpec/CORE]: The comment on key tools.mobArmorSpawnRate.refined_glowstone.helmetChance does not match the spec. This may create a backup.
[02May2025 22:24:37.451] [Server thread/WARN] [net.minecraftforge.common.ForgeConfigSpec/CORE]: Incorrect key tools.mobArmorSpawnRate.refined_glowstone.chestplateChance was corrected from null to its default, 1.0. 
[02May2025 22:24:37.451] [Server thread/DEBUG] [net.minecraftforge.common.ForgeConfigSpec/CORE]: The comment on key tools.mobArmorSpawnRate.refined_glowstone.chestplateChance does not match the spec. This may create a backup.
[02May2025 22:24:37.451] [Server thread/WARN] [net.minecraftforge.common.ForgeConfigSpec/CORE]: Incorrect key tools.mobArmorSpawnRate.refined_glowstone.leggingsChance was corrected from null to its default, 1.0. 
[02May2025 22:24:37.451] [Server thread/DEBUG] [net.minecraftforge.common.ForgeConfigSpec/CORE]: The comment on key tools.mobArmorSpawnRate.refined_glowstone.leggingsChance does not match the spec. This may create a backup.
[02May2025 22:24:37.451] [Server thread/WARN] [net.minecraftforge.common.ForgeConfigSpec/CORE]: Incorrect key tools.mobArmorSpawnRate.refined_glowstone.bootsChance was corrected from null to its default, 1.0. 
[02May2025 22:24:37.451] [Server thread/DEBUG] [net.minecraftforge.common.ForgeConfigSpec/CORE]: The comment on key tools.mobArmorSpawnRate.refined_glowstone.bootsChance does not match the spec. This may create a backup.
[02May2025 22:24:37.451] [Server thread/WARN] [net.minecraftforge.common.ForgeConfigSpec/CORE]: Incorrect key tools.mobArmorSpawnRate.refined_glowstone.multiplePieceChance was corrected from null to its default, 0.25. 
[02May2025 22:24:37.453] [Server thread/DEBUG] [net.minecraftforge.common.ForgeConfigSpec/CORE]: The comment on key tools.mobArmorSpawnRate.refined_glowstone.multiplePieceChance does not match the spec. This may create a backup.
[02May2025 22:24:37.453] [Server thread/WARN] [net.minecraftforge.common.ForgeConfigSpec/CORE]: Incorrect key tools.mobArmorSpawnRate.refined_glowstone.multiplePieceChanceHard was corrected from null to its default, 0.1. 
[02May2025 22:24:37.453] [Server thread/DEBUG] [net.minecraftforge.common.ForgeConfigSpec/CORE]: The comment on key tools.mobArmorSpawnRate.refined_glowstone.multiplePieceChanceHard does not match the spec. This may create a backup.
[02May2025 22:24:37.453] [Server thread/WARN] [net.minecraftforge.common.ForgeConfigSpec/CORE]: Incorrect key tools.mobArmorSpawnRate.refined_glowstone.weaponEnchantmentChance was corrected from null to its default, 0.25. 
[02May2025 22:24:37.454] [Server thread/DEBUG] [net.minecraftforge.common.ForgeConfigSpec/CORE]: The comment on key tools.mobArmorSpawnRate.refined_glowstone.weaponEnchantmentChance does not match the spec. This may create a backup.
[02May2025 22:24:37.454] [Server thread/WARN] [net.minecraftforge.common.ForgeConfigSpec/CORE]: Incorrect key tools.mobArmorSpawnRate.refined_glowstone.armorEnchantmentChance was corrected from null to its default, 0.5. 
[02May2025 22:24:37.456] [Server thread/DEBUG] [net.minecraftforge.common.ForgeConfigSpec/CORE]: The comment on key tools.mobArmorSpawnRate.refined_glowstone.armorEnchantmentChance does not match the spec. This may create a backup.
[02May2025 22:24:37.456] [Server thread/DEBUG] [net.minecraftforge.common.ForgeConfigSpec/CORE]: The comment on key tools.mobArmorSpawnRate.refined_glowstone does not match the spec. This may create a backup.
[02May2025 22:24:37.456] [Server thread/WARN] [net.minecraftforge.common.ForgeConfigSpec/CORE]: Incorrect key tools.mobArmorSpawnRate.refined_obsidian was corrected from null to its default, SimpleCommentedConfig:{}. 
[02May2025 22:24:37.456] [Server thread/WARN] [net.minecraftforge.common.ForgeConfigSpec/CORE]: Incorrect key tools.mobArmorSpawnRate.refined_obsidian.canSpawnWeapon was corrected from null to its default, true. 
[02May2025 22:24:37.457] [Server thread/DEBUG] [net.minecraftforge.common.ForgeConfigSpec/CORE]: The comment on key tools.mobArmorSpawnRate.refined_obsidian.canSpawnWeapon does not match the spec. This may create a backup.
[02May2025 22:24:37.457] [Server thread/WARN] [net.minecraftforge.common.ForgeConfigSpec/CORE]: Incorrect key tools.mobArmorSpawnRate.refined_obsidian.swordWeight was corrected from null to its default, 0.33. 
[02May2025 22:24:37.460] [Server thread/DEBUG] [net.minecraftforge.common.ForgeConfigSpec/CORE]: The comment on key tools.mobArmorSpawnRate.refined_obsidian.swordWeight does not match the spec. This may create a backup.
[02May2025 22:24:37.460] [Server thread/WARN] [net.minecraftforge.common.ForgeConfigSpec/CORE]: Incorrect key tools.mobArmorSpawnRate.refined_obsidian.helmetChance was corrected from null to its default, 1.0. 
[02May2025 22:24:37.460] [Server thread/DEBUG] [net.minecraftforge.common.ForgeConfigSpec/CORE]: The comment on key tools.mobArmorSpawnRate.refined_obsidian.helmetChance does not match the spec. This may create a backup.
[02May2025 22:24:37.460] [Server thread/WARN] [net.minecraftforge.common.ForgeConfigSpec/CORE]: Incorrect key tools.mobArmorSpawnRate.refined_obsidian.chestplateChance was corrected from null to its default, 1.0. 
[02May2025 22:24:37.460] [Server thread/DEBUG] [net.minecraftforge.common.ForgeConfigSpec/CORE]: The comment on key tools.mobArmorSpawnRate.refined_obsidian.chestplateChance does not match the spec. This may create a backup.
[02May2025 22:24:37.460] [Server thread/WARN] [net.minecraftforge.common.ForgeConfigSpec/CORE]: Incorrect key tools.mobArmorSpawnRate.refined_obsidian.leggingsChance was corrected from null to its default, 1.0. 
[02May2025 22:24:37.460] [Server thread/DEBUG] [net.minecraftforge.common.ForgeConfigSpec/CORE]: The comment on key tools.mobArmorSpawnRate.refined_obsidian.leggingsChance does not match the spec. This may create a backup.
[02May2025 22:24:37.460] [Server thread/WARN] [net.minecraftforge.common.ForgeConfigSpec/CORE]: Incorrect key tools.mobArmorSpawnRate.refined_obsidian.bootsChance was corrected from null to its default, 1.0. 
[02May2025 22:24:37.461] [Server thread/DEBUG] [net.minecraftforge.common.ForgeConfigSpec/CORE]: The comment on key tools.mobArmorSpawnRate.refined_obsidian.bootsChance does not match the spec. This may create a backup.
[02May2025 22:24:37.461] [Server thread/WARN] [net.minecraftforge.common.ForgeConfigSpec/CORE]: Incorrect key tools.mobArmorSpawnRate.refined_obsidian.multiplePieceChance was corrected from null to its default, 0.25. 
[02May2025 22:24:37.462] [Server thread/DEBUG] [net.minecraftforge.common.ForgeConfigSpec/CORE]: The comment on key tools.mobArmorSpawnRate.refined_obsidian.multiplePieceChance does not match the spec. This may create a backup.
[02May2025 22:24:37.462] [Server thread/WARN] [net.minecraftforge.common.ForgeConfigSpec/CORE]: Incorrect key tools.mobArmorSpawnRate.refined_obsidian.multiplePieceChanceHard was corrected from null to its default, 0.1. 
[02May2025 22:24:37.462] [Server thread/DEBUG] [net.minecraftforge.common.ForgeConfigSpec/CORE]: The comment on key tools.mobArmorSpawnRate.refined_obsidian.multiplePieceChanceHard does not match the spec. This may create a backup.
[02May2025 22:24:37.462] [Server thread/WARN] [net.minecraftforge.common.ForgeConfigSpec/CORE]: Incorrect key tools.mobArmorSpawnRate.refined_obsidian.weaponEnchantmentChance was corrected from null to its default, 0.25. 
[02May2025 22:24:37.462] [Server thread/DEBUG] [net.minecraftforge.common.ForgeConfigSpec/CORE]: The comment on key tools.mobArmorSpawnRate.refined_obsidian.weaponEnchantmentChance does not match the spec. This may create a backup.
[02May2025 22:24:37.462] [Server thread/WARN] [net.minecraftforge.common.ForgeConfigSpec/CORE]: Incorrect key tools.mobArmorSpawnRate.refined_obsidian.armorEnchantmentChance was corrected from null to its default, 0.5. 
[02May2025 22:24:37.463] [Server thread/DEBUG] [net.minecraftforge.common.ForgeConfigSpec/CORE]: The comment on key tools.mobArmorSpawnRate.refined_obsidian.armorEnchantmentChance does not match the spec. This may create a backup.
[02May2025 22:24:37.463] [Server thread/DEBUG] [net.minecraftforge.common.ForgeConfigSpec/CORE]: The comment on key tools.mobArmorSpawnRate.refined_obsidian does not match the spec. This may create a backup.
[02May2025 22:24:37.463] [Server thread/WARN] [net.minecraftforge.common.ForgeConfigSpec/CORE]: Incorrect key tools.mobArmorSpawnRate.steel was corrected from null to its default, SimpleCommentedConfig:{}. 
[02May2025 22:24:37.463] [Server thread/WARN] [net.minecraftforge.common.ForgeConfigSpec/CORE]: Incorrect key tools.mobArmorSpawnRate.steel.canSpawnWeapon was corrected from null to its default, true. 
[02May2025 22:24:37.464] [Server thread/DEBUG] [net.minecraftforge.common.ForgeConfigSpec/CORE]: The comment on key tools.mobArmorSpawnRate.steel.canSpawnWeapon does not match the spec. This may create a backup.
[02May2025 22:24:37.464] [Server thread/WARN] [net.minecraftforge.common.ForgeConfigSpec/CORE]: Incorrect key tools.mobArmorSpawnRate.steel.swordWeight was corrected from null to its default, 0.33. 
[02May2025 22:24:37.466] [Server thread/DEBUG] [net.minecraftforge.common.ForgeConfigSpec/CORE]: The comment on key tools.mobArmorSpawnRate.steel.swordWeight does not match the spec. This may create a backup.
[02May2025 22:24:37.466] [Server thread/WARN] [net.minecraftforge.common.ForgeConfigSpec/CORE]: Incorrect key tools.mobArmorSpawnRate.steel.helmetChance was corrected from null to its default, 1.0. 
[02May2025 22:24:37.466] [Server thread/DEBUG] [net.minecraftforge.common.ForgeConfigSpec/CORE]: The comment on key tools.mobArmorSpawnRate.steel.helmetChance does not match the spec. This may create a backup.
[02May2025 22:24:37.466] [Server thread/WARN] [net.minecraftforge.common.ForgeConfigSpec/CORE]: Incorrect key tools.mobArmorSpawnRate.steel.chestplateChance was corrected from null to its default, 1.0. 
[02May2025 22:24:37.466] [Server thread/DEBUG] [net.minecraftforge.common.ForgeConfigSpec/CORE]: The comment on key tools.mobArmorSpawnRate.steel.chestplateChance does not match the spec. This may create a backup.
[02May2025 22:24:37.466] [Server thread/WARN] [net.minecraftforge.common.ForgeConfigSpec/CORE]: Incorrect key tools.mobArmorSpawnRate.steel.leggingsChance was corrected from null to its default, 1.0. 
[02May2025 22:24:37.466] [Server thread/DEBUG] [net.minecraftforge.common.ForgeConfigSpec/CORE]: The comment on key tools.mobArmorSpawnRate.steel.leggingsChance does not match the spec. This may create a backup.
[02May2025 22:24:37.466] [Server thread/WARN] [net.minecraftforge.common.ForgeConfigSpec/CORE]: Incorrect key tools.mobArmorSpawnRate.steel.bootsChance was corrected from null to its default, 1.0. 
[02May2025 22:24:37.466] [Server thread/DEBUG] [net.minecraftforge.common.ForgeConfigSpec/CORE]: The comment on key tools.mobArmorSpawnRate.steel.bootsChance does not match the spec. This may create a backup.
[02May2025 22:24:37.466] [Server thread/WARN] [net.minecraftforge.common.ForgeConfigSpec/CORE]: Incorrect key tools.mobArmorSpawnRate.steel.multiplePieceChance was corrected from null to its default, 0.25. 
[02May2025 22:24:37.467] [Server thread/DEBUG] [net.minecraftforge.common.ForgeConfigSpec/CORE]: The comment on key tools.mobArmorSpawnRate.steel.multiplePieceChance does not match the spec. This may create a backup.
[02May2025 22:24:37.467] [Server thread/WARN] [net.minecraftforge.common.ForgeConfigSpec/CORE]: Incorrect key tools.mobArmorSpawnRate.steel.multiplePieceChanceHard was corrected from null to its default, 0.1. 
[02May2025 22:24:37.467] [Server thread/DEBUG] [net.minecraftforge.common.ForgeConfigSpec/CORE]: The comment on key tools.mobArmorSpawnRate.steel.multiplePieceChanceHard does not match the spec. This may create a backup.
[02May2025 22:24:37.467] [Server thread/WARN] [net.minecraftforge.common.ForgeConfigSpec/CORE]: Incorrect key tools.mobArmorSpawnRate.steel.weaponEnchantmentChance was corrected from null to its default, 0.25. 
[02May2025 22:24:37.467] [Server thread/DEBUG] [net.minecraftforge.common.ForgeConfigSpec/CORE]: The comment on key tools.mobArmorSpawnRate.steel.weaponEnchantmentChance does not match the spec. This may create a backup.
[02May2025 22:24:37.467] [Server thread/WARN] [net.minecraftforge.common.ForgeConfigSpec/CORE]: Incorrect key tools.mobArmorSpawnRate.steel.armorEnchantmentChance was corrected from null to its default, 0.5. 
[02May2025 22:24:37.468] [Server thread/DEBUG] [net.minecraftforge.common.ForgeConfigSpec/CORE]: The comment on key tools.mobArmorSpawnRate.steel.armorEnchantmentChance does not match the spec. This may create a backup.
[02May2025 22:24:37.468] [Server thread/DEBUG] [net.minecraftforge.common.ForgeConfigSpec/CORE]: The comment on key tools.mobArmorSpawnRate.steel does not match the spec. This may create a backup.
[02May2025 22:24:37.468] [Server thread/WARN] [net.minecraftforge.common.ForgeConfigSpec/CORE]: Incorrect key tools.wood was corrected from null to its default, SimpleCommentedConfig:{}. 
[02May2025 22:24:37.468] [Server thread/WARN] [net.minecraftforge.common.ForgeConfigSpec/CORE]: Incorrect key tools.wood.woodPaxelDamage was corrected from null to its default, 7.0. 
[02May2025 22:24:37.469] [Server thread/DEBUG] [net.minecraftforge.common.ForgeConfigSpec/CORE]: The comment on key tools.wood.woodPaxelDamage does not match the spec. This may create a backup.
[02May2025 22:24:37.469] [Server thread/WARN] [net.minecraftforge.common.ForgeConfigSpec/CORE]: Incorrect key tools.wood.woodPaxelAtkSpeed was corrected from null to its default, -2.4000000953674316. 
[02May2025 22:24:37.472] [Server thread/DEBUG] [net.minecraftforge.common.ForgeConfigSpec/CORE]: The comment on key tools.wood.woodPaxelAtkSpeed does not match the spec. This may create a backup.
[02May2025 22:24:37.472] [Server thread/WARN] [net.minecraftforge.common.ForgeConfigSpec/CORE]: Incorrect key tools.wood.woodPaxelEfficiency was corrected from null to its default, 2.0. 
[02May2025 22:24:37.472] [Server thread/DEBUG] [net.minecraftforge.common.ForgeConfigSpec/CORE]: The comment on key tools.wood.woodPaxelEfficiency does not match the spec. This may create a backup.
[02May2025 22:24:37.472] [Server thread/WARN] [net.minecraftforge.common.ForgeConfigSpec/CORE]: Incorrect key tools.wood.woodPaxelEnchantability was corrected from null to its default, 15. 
[02May2025 22:24:37.472] [Server thread/DEBUG] [net.minecraftforge.common.ForgeConfigSpec/CORE]: The comment on key tools.wood.woodPaxelEnchantability does not match the spec. This may create a backup.
[02May2025 22:24:37.472] [Server thread/WARN] [net.minecraftforge.common.ForgeConfigSpec/CORE]: Incorrect key tools.wood.woodPaxelMaxUses was corrected from null to its default, 118. 
[02May2025 22:24:37.472] [Server thread/DEBUG] [net.minecraftforge.common.ForgeConfigSpec/CORE]: The comment on key tools.wood.woodPaxelMaxUses does not match the spec. This may create a backup.
[02May2025 22:24:37.472] [Server thread/DEBUG] [net.minecraftforge.common.ForgeConfigSpec/CORE]: The comment on key tools.wood does not match the spec. This may create a backup.
[02May2025 22:24:37.472] [Server thread/WARN] [net.minecraftforge.common.ForgeConfigSpec/CORE]: Incorrect key tools.stone was corrected from null to its default, SimpleCommentedConfig:{}. 
[02May2025 22:24:37.472] [Server thread/WARN] [net.minecraftforge.common.ForgeConfigSpec/CORE]: Incorrect key tools.stone.stonePaxelDamage was corrected from null to its default, 8.0. 
[02May2025 22:24:37.472] [Server thread/DEBUG] [net.minecraftforge.common.ForgeConfigSpec/CORE]: The comment on key tools.stone.stonePaxelDamage does not match the spec. This may create a backup.
[02May2025 22:24:37.472] [Server thread/WARN] [net.minecraftforge.common.ForgeConfigSpec/CORE]: Incorrect key tools.stone.stonePaxelAtkSpeed was corrected from null to its default, -2.4000000953674316. 
[02May2025 22:24:37.472] [Server thread/DEBUG] [net.minecraftforge.common.ForgeConfigSpec/CORE]: The comment on key tools.stone.stonePaxelAtkSpeed does not match the spec. This may create a backup.
[02May2025 22:24:37.472] [Server thread/WARN] [net.minecraftforge.common.ForgeConfigSpec/CORE]: Incorrect key tools.stone.stonePaxelEfficiency was corrected from null to its default, 4.0. 
[02May2025 22:24:37.473] [Server thread/DEBUG] [net.minecraftforge.common.ForgeConfigSpec/CORE]: The comment on key tools.stone.stonePaxelEfficiency does not match the spec. This may create a backup.
[02May2025 22:24:37.473] [Server thread/WARN] [net.minecraftforge.common.ForgeConfigSpec/CORE]: Incorrect key tools.stone.stonePaxelEnchantability was corrected from null to its default, 5. 
[02May2025 22:24:37.473] [Server thread/DEBUG] [net.minecraftforge.common.ForgeConfigSpec/CORE]: The comment on key tools.stone.stonePaxelEnchantability does not match the spec. This may create a backup.
[02May2025 22:24:37.473] [Server thread/WARN] [net.minecraftforge.common.ForgeConfigSpec/CORE]: Incorrect key tools.stone.stonePaxelMaxUses was corrected from null to its default, 262. 
[02May2025 22:24:37.473] [Server thread/DEBUG] [net.minecraftforge.common.ForgeConfigSpec/CORE]: The comment on key tools.stone.stonePaxelMaxUses does not match the spec. This may create a backup.
[02May2025 22:24:37.473] [Server thread/DEBUG] [net.minecraftforge.common.ForgeConfigSpec/CORE]: The comment on key tools.stone does not match the spec. This may create a backup.
[02May2025 22:24:37.473] [Server thread/WARN] [net.minecraftforge.common.ForgeConfigSpec/CORE]: Incorrect key tools.iron was corrected from null to its default, SimpleCommentedConfig:{}. 
[02May2025 22:24:37.473] [Server thread/WARN] [net.minecraftforge.common.ForgeConfigSpec/CORE]: Incorrect key tools.iron.ironPaxelDamage was corrected from null to its default, 7.0. 
[02May2025 22:24:37.474] [Server thread/DEBUG] [net.minecraftforge.common.ForgeConfigSpec/CORE]: The comment on key tools.iron.ironPaxelDamage does not match the spec. This may create a backup.
[02May2025 22:24:37.474] [Server thread/WARN] [net.minecraftforge.common.ForgeConfigSpec/CORE]: Incorrect key tools.iron.ironPaxelAtkSpeed was corrected from null to its default, -2.4000000953674316. 
[02May2025 22:24:37.475] [Server thread/DEBUG] [net.minecraftforge.common.ForgeConfigSpec/CORE]: The comment on key tools.iron.ironPaxelAtkSpeed does not match the spec. This may create a backup.
[02May2025 22:24:37.475] [Server thread/WARN] [net.minecraftforge.common.ForgeConfigSpec/CORE]: Incorrect key tools.iron.ironPaxelEfficiency was corrected from null to its default, 6.0. 
[02May2025 22:24:37.476] [Server thread/DEBUG] [net.minecraftforge.common.ForgeConfigSpec/CORE]: The comment on key tools.iron.ironPaxelEfficiency does not match the spec. This may create a backup.
[02May2025 22:24:37.476] [Server thread/WARN] [net.minecraftforge.common.ForgeConfigSpec/CORE]: Incorrect key tools.iron.ironPaxelEnchantability was corrected from null to its default, 14. 
[02May2025 22:24:37.478] [Server thread/DEBUG] [net.minecraftforge.common.ForgeConfigSpec/CORE]: The comment on key tools.iron.ironPaxelEnchantability does not match the spec. This may create a backup.
[02May2025 22:24:37.478] [Server thread/WARN] [net.minecraftforge.common.ForgeConfigSpec/CORE]: Incorrect key tools.iron.ironPaxelMaxUses was corrected from null to its default, 500. 
[02May2025 22:24:37.480] [Server thread/DEBUG] [net.minecraftforge.common.ForgeConfigSpec/CORE]: The comment on key tools.iron.ironPaxelMaxUses does not match the spec. This may create a backup.
[02May2025 22:24:37.480] [Server thread/DEBUG] [net.minecraftforge.common.ForgeConfigSpec/CORE]: The comment on key tools.iron does not match the spec. This may create a backup.
[02May2025 22:24:37.480] [Server thread/WARN] [net.minecraftforge.common.ForgeConfigSpec/CORE]: Incorrect key tools.diamond was corrected from null to its default, SimpleCommentedConfig:{}. 
[02May2025 22:24:37.480] [Server thread/WARN] [net.minecraftforge.common.ForgeConfigSpec/CORE]: Incorrect key tools.diamond.diamondPaxelDamage was corrected from null to its default, 6.0. 
[02May2025 22:24:37.480] [Server thread/DEBUG] [net.minecraftforge.common.ForgeConfigSpec/CORE]: The comment on key tools.diamond.diamondPaxelDamage does not match the spec. This may create a backup.
[02May2025 22:24:37.480] [Server thread/WARN] [net.minecraftforge.common.ForgeConfigSpec/CORE]: Incorrect key tools.diamond.diamondPaxelAtkSpeed was corrected from null to its default, -2.4000000953674316. 
[02May2025 22:24:37.480] [Server thread/DEBUG] [net.minecraftforge.common.ForgeConfigSpec/CORE]: The comment on key tools.diamond.diamondPaxelAtkSpeed does not match the spec. This may create a backup.
[02May2025 22:24:37.480] [Server thread/WARN] [net.minecraftforge.common.ForgeConfigSpec/CORE]: Incorrect key tools.diamond.diamondPaxelEfficiency was corrected from null to its default, 8.0. 
[02May2025 22:24:37.480] [Server thread/DEBUG] [net.minecraftforge.common.ForgeConfigSpec/CORE]: The comment on key tools.diamond.diamondPaxelEfficiency does not match the spec. This may create a backup.
[02May2025 22:24:37.480] [Server thread/WARN] [net.minecraftforge.common.ForgeConfigSpec/CORE]: Incorrect key tools.diamond.diamondPaxelEnchantability was corrected from null to its default, 10. 
[02May2025 22:24:37.480] [Server thread/DEBUG] [net.minecraftforge.common.ForgeConfigSpec/CORE]: The comment on key tools.diamond.diamondPaxelEnchantability does not match the spec. This may create a backup.
[02May2025 22:24:37.480] [Server thread/WARN] [net.minecraftforge.common.ForgeConfigSpec/CORE]: Incorrect key tools.diamond.diamondPaxelMaxUses was corrected from null to its default, 3122. 
[02May2025 22:24:37.482] [Server thread/DEBUG] [net.minecraftforge.common.ForgeConfigSpec/CORE]: The comment on key tools.diamond.diamondPaxelMaxUses does not match the spec. This may create a backup.
[02May2025 22:24:37.482] [Server thread/DEBUG] [net.minecraftforge.common.ForgeConfigSpec/CORE]: The comment on key tools.diamond does not match the spec. This may create a backup.
[02May2025 22:24:37.482] [Server thread/WARN] [net.minecraftforge.common.ForgeConfigSpec/CORE]: Incorrect key tools.gold was corrected from null to its default, SimpleCommentedConfig:{}. 
[02May2025 22:24:37.483] [Server thread/WARN] [net.minecraftforge.common.ForgeConfigSpec/CORE]: Incorrect key tools.gold.goldPaxelDamage was corrected from null to its default, 7.0. 
[02May2025 22:24:37.484] [Server thread/DEBUG] [net.minecraftforge.common.ForgeConfigSpec/CORE]: The comment on key tools.gold.goldPaxelDamage does not match the spec. This may create a backup.
[02May2025 22:24:37.484] [Server thread/WARN] [net.minecraftforge.common.ForgeConfigSpec/CORE]: Incorrect key tools.gold.goldPaxelAtkSpeed was corrected from null to its default, -2.4000000953674316. 
[02May2025 22:24:37.484] [Server thread/DEBUG] [net.minecraftforge.common.ForgeConfigSpec/CORE]: The comment on key tools.gold.goldPaxelAtkSpeed does not match the spec. This may create a backup.
[02May2025 22:24:37.484] [Server thread/WARN] [net.minecraftforge.common.ForgeConfigSpec/CORE]: Incorrect key tools.gold.goldPaxelEfficiency was corrected from null to its default, 12.0. 
[02May2025 22:24:37.486] [Server thread/DEBUG] [net.minecraftforge.common.ForgeConfigSpec/CORE]: The comment on key tools.gold.goldPaxelEfficiency does not match the spec. This may create a backup.
[02May2025 22:24:37.486] [Server thread/WARN] [net.minecraftforge.common.ForgeConfigSpec/CORE]: Incorrect key tools.gold.goldPaxelEnchantability was corrected from null to its default, 22. 
[02May2025 22:24:37.486] [Server thread/DEBUG] [net.minecraftforge.common.ForgeConfigSpec/CORE]: The comment on key tools.gold.goldPaxelEnchantability does not match the spec. This may create a backup.
[02May2025 22:24:37.486] [Server thread/WARN] [net.minecraftforge.common.ForgeConfigSpec/CORE]: Incorrect key tools.gold.goldPaxelMaxUses was corrected from null to its default, 64. 
[02May2025 22:24:37.486] [Server thread/DEBUG] [net.minecraftforge.common.ForgeConfigSpec/CORE]: The comment on key tools.gold.goldPaxelMaxUses does not match the spec. This may create a backup.
[02May2025 22:24:37.486] [Server thread/DEBUG] [net.minecraftforge.common.ForgeConfigSpec/CORE]: The comment on key tools.gold does not match the spec. This may create a backup.
[02May2025 22:24:37.486] [Server thread/WARN] [net.minecraftforge.common.ForgeConfigSpec/CORE]: Incorrect key tools.netherite was corrected from null to its default, SimpleCommentedConfig:{}. 
[02May2025 22:24:37.486] [Server thread/WARN] [net.minecraftforge.common.ForgeConfigSpec/CORE]: Incorrect key tools.netherite.netheritePaxelDamage was corrected from null to its default, 6.0. 
[02May2025 22:24:37.487] [Server thread/DEBUG] [net.minecraftforge.common.ForgeConfigSpec/CORE]: The comment on key tools.netherite.netheritePaxelDamage does not match the spec. This may create a backup.
[02May2025 22:24:37.487] [Server thread/WARN] [net.minecraftforge.common.ForgeConfigSpec/CORE]: Incorrect key tools.netherite.netheritePaxelAtkSpeed was corrected from null to its default, -2.4000000953674316. 
[02May2025 22:24:37.489] [Server thread/DEBUG] [net.minecraftforge.common.ForgeConfigSpec/CORE]: The comment on key tools.netherite.netheritePaxelAtkSpeed does not match the spec. This may create a backup.
[02May2025 22:24:37.489] [Server thread/WARN] [net.minecraftforge.common.ForgeConfigSpec/CORE]: Incorrect key tools.netherite.netheritePaxelEfficiency was corrected from null to its default, 9.0. 
[02May2025 22:24:37.489] [Server thread/DEBUG] [net.minecraftforge.common.ForgeConfigSpec/CORE]: The comment on key tools.netherite.netheritePaxelEfficiency does not match the spec. This may create a backup.
[02May2025 22:24:37.489] [Server thread/WARN] [net.minecraftforge.common.ForgeConfigSpec/CORE]: Incorrect key tools.netherite.netheritePaxelEnchantability was corrected from null to its default, 15. 
[02May2025 22:24:37.489] [Server thread/DEBUG] [net.minecraftforge.common.ForgeConfigSpec/CORE]: The comment on key tools.netherite.netheritePaxelEnchantability does not match the spec. This may create a backup.
[02May2025 22:24:37.489] [Server thread/WARN] [net.minecraftforge.common.ForgeConfigSpec/CORE]: Incorrect key tools.netherite.netheritePaxelMaxUses was corrected from null to its default, 4062. 
[02May2025 22:24:37.491] [Server thread/DEBUG] [net.minecraftforge.common.ForgeConfigSpec/CORE]: The comment on key tools.netherite.netheritePaxelMaxUses does not match the spec. This may create a backup.
[02May2025 22:24:37.491] [Server thread/DEBUG] [net.minecraftforge.common.ForgeConfigSpec/CORE]: The comment on key tools.netherite does not match the spec. This may create a backup.
[02May2025 22:24:37.491] [Server thread/WARN] [net.minecraftforge.common.ForgeConfigSpec/CORE]: Incorrect key tools.bronze was corrected from null to its default, SimpleCommentedConfig:{}. 
[02May2025 22:24:37.491] [Server thread/WARN] [net.minecraftforge.common.ForgeConfigSpec/CORE]: Incorrect key tools.bronze.bronzeAttackDamage was corrected from null to its default, 2.0. 
[02May2025 22:24:37.491] [Server thread/DEBUG] [net.minecraftforge.common.ForgeConfigSpec/CORE]: The comment on key tools.bronze.bronzeAttackDamage does not match the spec. This may create a backup.
[02May2025 22:24:37.491] [Server thread/WARN] [net.minecraftforge.common.ForgeConfigSpec/CORE]: Incorrect key tools.bronze.bronzeShieldDurability was corrected from null to its default, 403. 
[02May2025 22:24:37.491] [Server thread/DEBUG] [net.minecraftforge.common.ForgeConfigSpec/CORE]: The comment on key tools.bronze.bronzeShieldDurability does not match the spec. This may create a backup.
[02May2025 22:24:37.491] [Server thread/WARN] [net.minecraftforge.common.ForgeConfigSpec/CORE]: Incorrect key tools.bronze.bronzeSwordDamage was corrected from null to its default, 3.0. 
[02May2025 22:24:37.491] [Server thread/DEBUG] [net.minecraftforge.common.ForgeConfigSpec/CORE]: The comment on key tools.bronze.bronzeSwordDamage does not match the spec. This may create a backup.
[02May2025 22:24:37.491] [Server thread/WARN] [net.minecraftforge.common.ForgeConfigSpec/CORE]: Incorrect key tools.bronze.bronzeSwordAtkSpeed was corrected from null to its default, -2.4000000953674316. 
[02May2025 22:24:37.492] [Server thread/DEBUG] [net.minecraftforge.common.ForgeConfigSpec/CORE]: The comment on key tools.bronze.bronzeSwordAtkSpeed does not match the spec. This may create a backup.
[02May2025 22:24:37.492] [Server thread/WARN] [net.minecraftforge.common.ForgeConfigSpec/CORE]: Incorrect key tools.bronze.bronzeShovelDamage was corrected from null to its default, 1.5. 
[02May2025 22:24:37.494] [Server thread/DEBUG] [net.minecraftforge.common.ForgeConfigSpec/CORE]: The comment on key tools.bronze.bronzeShovelDamage does not match the spec. This may create a backup.
[02May2025 22:24:37.494] [Server thread/WARN] [net.minecraftforge.common.ForgeConfigSpec/CORE]: Incorrect key tools.bronze.bronzeShovelAtkSpeed was corrected from null to its default, -3.0. 
[02May2025 22:24:37.494] [Server thread/DEBUG] [net.minecraftforge.common.ForgeConfigSpec/CORE]: The comment on key tools.bronze.bronzeShovelAtkSpeed does not match the spec. This may create a backup.
[02May2025 22:24:37.494] [Server thread/WARN] [net.minecraftforge.common.ForgeConfigSpec/CORE]: Incorrect key tools.bronze.bronzeAxeDamage was corrected from null to its default, 7.0. 
[02May2025 22:24:37.494] [Server thread/DEBUG] [net.minecraftforge.common.ForgeConfigSpec/CORE]: The comment on key tools.bronze.bronzeAxeDamage does not match the spec. This may create a backup.
[02May2025 22:24:37.494] [Server thread/WARN] [net.minecraftforge.common.ForgeConfigSpec/CORE]: Incorrect key tools.bronze.bronzeAxeAtkSpeed was corrected from null to its default, -3.0. 
[02May2025 22:24:37.495] [Server thread/DEBUG] [net.minecraftforge.common.ForgeConfigSpec/CORE]: The comment on key tools.bronze.bronzeAxeAtkSpeed does not match the spec. This may create a backup.
[02May2025 22:24:37.495] [Server thread/WARN] [net.minecraftforge.common.ForgeConfigSpec/CORE]: Incorrect key tools.bronze.bronzePickaxeDamage was corrected from null to its default, 1.0. 
[02May2025 22:24:37.495] [Server thread/DEBUG] [net.minecraftforge.common.ForgeConfigSpec/CORE]: The comment on key tools.bronze.bronzePickaxeDamage does not match the spec. This may create a backup.
[02May2025 22:24:37.495] [Server thread/WARN] [net.minecraftforge.common.ForgeConfigSpec/CORE]: Incorrect key tools.bronze.bronzePickaxeAtkSpeed was corrected from null to its default, -2.799999952316284. 
[02May2025 22:24:37.495] [Server thread/DEBUG] [net.minecraftforge.common.ForgeConfigSpec/CORE]: The comment on key tools.bronze.bronzePickaxeAtkSpeed does not match the spec. This may create a backup.
[02May2025 22:24:37.495] [Server thread/WARN] [net.minecraftforge.common.ForgeConfigSpec/CORE]: Incorrect key tools.bronze.bronzeHoeDamage was corrected from null to its default, -2.0. 
[02May2025 22:24:37.495] [Server thread/DEBUG] [net.minecraftforge.common.ForgeConfigSpec/CORE]: The comment on key tools.bronze.bronzeHoeDamage does not match the spec. This may create a backup.
[02May2025 22:24:37.495] [Server thread/WARN] [net.minecraftforge.common.ForgeConfigSpec/CORE]: Incorrect key tools.bronze.bronzeHoeAtkSpeed was corrected from null to its default, -1.0. 
[02May2025 22:24:37.496] [Server thread/DEBUG] [net.minecraftforge.common.ForgeConfigSpec/CORE]: The comment on key tools.bronze.bronzeHoeAtkSpeed does not match the spec. This may create a backup.
[02May2025 22:24:37.496] [Server thread/WARN] [net.minecraftforge.common.ForgeConfigSpec/CORE]: Incorrect key tools.bronze.bronzeToolMaxUses was corrected from null to its default, 375. 
[02May2025 22:24:37.498] [Server thread/DEBUG] [net.minecraftforge.common.ForgeConfigSpec/CORE]: The comment on key tools.bronze.bronzeToolMaxUses does not match the spec. This may create a backup.
[02May2025 22:24:37.498] [Server thread/WARN] [net.minecraftforge.common.ForgeConfigSpec/CORE]: Incorrect key tools.bronze.bronzeEfficiency was corrected from null to its default, 7.0. 
[02May2025 22:24:37.498] [Server thread/DEBUG] [net.minecraftforge.common.ForgeConfigSpec/CORE]: The comment on key tools.bronze.bronzeEfficiency does not match the spec. This may create a backup.
[02May2025 22:24:37.498] [Server thread/WARN] [net.minecraftforge.common.ForgeConfigSpec/CORE]: Incorrect key tools.bronze.bronzePaxelDamage was corrected from null to its default, 8.0. 
[02May2025 22:24:37.499] [Server thread/DEBUG] [net.minecraftforge.common.ForgeConfigSpec/CORE]: The comment on key tools.bronze.bronzePaxelDamage does not match the spec. This may create a backup.
[02May2025 22:24:37.499] [Server thread/WARN] [net.minecraftforge.common.ForgeConfigSpec/CORE]: Incorrect key tools.bronze.bronzePaxelAtkSpeed was corrected from null to its default, -2.4000000953674316. 
[02May2025 22:24:37.501] [Server thread/DEBUG] [net.minecraftforge.common.ForgeConfigSpec/CORE]: The comment on key tools.bronze.bronzePaxelAtkSpeed does not match the spec. This may create a backup.
[02May2025 22:24:37.501] [Server thread/WARN] [net.minecraftforge.common.ForgeConfigSpec/CORE]: Incorrect key tools.bronze.bronzePaxelEfficiency was corrected from null to its default, 7.0. 
[02May2025 22:24:37.501] [Server thread/DEBUG] [net.minecraftforge.common.ForgeConfigSpec/CORE]: The comment on key tools.bronze.bronzePaxelEfficiency does not match the spec. This may create a backup.
[02May2025 22:24:37.501] [Server thread/WARN] [net.minecraftforge.common.ForgeConfigSpec/CORE]: Incorrect key tools.bronze.bronzePaxelEnchantability was corrected from null to its default, 10. 
[02May2025 22:24:37.501] [Server thread/DEBUG] [net.minecraftforge.common.ForgeConfigSpec/CORE]: The comment on key tools.bronze.bronzePaxelEnchantability does not match the spec. This may create a backup.
[02May2025 22:24:37.501] [Server thread/WARN] [net.minecraftforge.common.ForgeConfigSpec/CORE]: Incorrect key tools.bronze.bronzePaxelMaxUses was corrected from null to its default, 750. 
[02May2025 22:24:37.502] [Server thread/DEBUG] [net.minecraftforge.common.ForgeConfigSpec/CORE]: The comment on key tools.bronze.bronzePaxelMaxUses does not match the spec. This may create a backup.
[02May2025 22:24:37.502] [Server thread/WARN] [net.minecraftforge.common.ForgeConfigSpec/CORE]: Incorrect key tools.bronze.bronzeEnchantability was corrected from null to its default, 10. 
[02May2025 22:24:37.504] [Server thread/DEBUG] [net.minecraftforge.common.ForgeConfigSpec/CORE]: The comment on key tools.bronze.bronzeEnchantability does not match the spec. This may create a backup.
[02May2025 22:24:37.504] [Server thread/WARN] [net.minecraftforge.common.ForgeConfigSpec/CORE]: Incorrect key tools.bronze.bronzeToughness was corrected from null to its default, 1.0. 
[02May2025 22:24:37.504] [Server thread/DEBUG] [net.minecraftforge.common.ForgeConfigSpec/CORE]: The comment on key tools.bronze.bronzeToughness does not match the spec. This may create a backup.
[02May2025 22:24:37.504] [Server thread/WARN] [net.minecraftforge.common.ForgeConfigSpec/CORE]: Incorrect key tools.bronze.bronzeKnockbackResistance was corrected from null to its default, 0.0. 
[02May2025 22:24:37.504] [Server thread/DEBUG] [net.minecraftforge.common.ForgeConfigSpec/CORE]: The comment on key tools.bronze.bronzeKnockbackResistance does not match the spec. This may create a backup.
[02May2025 22:24:37.504] [Server thread/WARN] [net.minecraftforge.common.ForgeConfigSpec/CORE]: Incorrect key tools.bronze.bronzeBootDurability was corrected from null to its default, 234. 
[02May2025 22:24:37.504] [Server thread/DEBUG] [net.minecraftforge.common.ForgeConfigSpec/CORE]: The comment on key tools.bronze.bronzeBootDurability does not match the spec. This may create a backup.
[02May2025 22:24:37.504] [Server thread/WARN] [net.minecraftforge.common.ForgeConfigSpec/CORE]: Incorrect key tools.bronze.bronzeLeggingDurability was corrected from null to its default, 270. 
[02May2025 22:24:37.505] [Server thread/DEBUG] [net.minecraftforge.common.ForgeConfigSpec/CORE]: The comment on key tools.bronze.bronzeLeggingDurability does not match the spec. This may create a backup.
[02May2025 22:24:37.505] [Server thread/WARN] [net.minecraftforge.common.ForgeConfigSpec/CORE]: Incorrect key tools.bronze.bronzeChestplateDurability was corrected from null to its default, 288. 
[02May2025 22:24:37.506] [Server thread/DEBUG] [net.minecraftforge.common.ForgeConfigSpec/CORE]: The comment on key tools.bronze.bronzeChestplateDurability does not match the spec. This may create a backup.
[02May2025 22:24:37.506] [Server thread/WARN] [net.minecraftforge.common.ForgeConfigSpec/CORE]: Incorrect key tools.bronze.bronzeHelmetDurability was corrected from null to its default, 198. 
[02May2025 22:24:37.506] [Server thread/DEBUG] [net.minecraftforge.common.ForgeConfigSpec/CORE]: The comment on key tools.bronze.bronzeHelmetDurability does not match the spec. This may create a backup.
[02May2025 22:24:37.506] [Server thread/WARN] [net.minecraftforge.common.ForgeConfigSpec/CORE]: Incorrect key tools.bronze.bronzeBootArmor was corrected from null to its default, 2. 
[02May2025 22:24:37.507] [Server thread/DEBUG] [net.minecraftforge.common.ForgeConfigSpec/CORE]: The comment on key tools.bronze.bronzeBootArmor does not match the spec. This may create a backup.
[02May2025 22:24:37.507] [Server thread/WARN] [net.minecraftforge.common.ForgeConfigSpec/CORE]: Incorrect key tools.bronze.bronzeLeggingArmor was corrected from null to its default, 6. 
[02May2025 22:24:37.507] [Server thread/DEBUG] [net.minecraftforge.common.ForgeConfigSpec/CORE]: The comment on key tools.bronze.bronzeLeggingArmor does not match the spec. This may create a backup.
[02May2025 22:24:37.507] [Server thread/WARN] [net.minecraftforge.common.ForgeConfigSpec/CORE]: Incorrect key tools.bronze.bronzeChestplateArmor was corrected from null to its default, 7. 
[02May2025 22:24:37.507] [Server thread/DEBUG] [net.minecraftforge.common.ForgeConfigSpec/CORE]: The comment on key tools.bronze.bronzeChestplateArmor does not match the spec. This may create a backup.
[02May2025 22:24:37.507] [Server thread/WARN] [net.minecraftforge.common.ForgeConfigSpec/CORE]: Incorrect key tools.bronze.bronzeHelmetArmor was corrected from null to its default, 3. 
[02May2025 22:24:37.507] [Server thread/DEBUG] [net.minecraftforge.common.ForgeConfigSpec/CORE]: The comment on key tools.bronze.bronzeHelmetArmor does not match the spec. This may create a backup.
[02May2025 22:24:37.507] [Server thread/DEBUG] [net.minecraftforge.common.ForgeConfigSpec/CORE]: The comment on key tools.bronze does not match the spec. This may create a backup.
[02May2025 22:24:37.507] [Server thread/WARN] [net.minecraftforge.common.ForgeConfigSpec/CORE]: Incorrect key tools.lapis_lazuli was corrected from null to its default, SimpleCommentedConfig:{}. 
[02May2025 22:24:37.508] [Server thread/WARN] [net.minecraftforge.common.ForgeConfigSpec/CORE]: Incorrect key tools.lapis_lazuli.lapis_lazuliAttackDamage was corrected from null to its default, 1.0. 
[02May2025 22:24:37.509] [Server thread/DEBUG] [net.minecraftforge.common.ForgeConfigSpec/CORE]: The comment on key tools.lapis_lazuli.lapis_lazuliAttackDamage does not match the spec. This may create a backup.
[02May2025 22:24:37.509] [Server thread/WARN] [net.minecraftforge.common.ForgeConfigSpec/CORE]: Incorrect key tools.lapis_lazuli.lapis_lazuliShieldDurability was corrected from null to its default, 224. 
[02May2025 22:24:37.510] [Server thread/DEBUG] [net.minecraftforge.common.ForgeConfigSpec/CORE]: The comment on key tools.lapis_lazuli.lapis_lazuliShieldDurability does not match the spec. This may create a backup.
[02May2025 22:24:37.510] [Server thread/WARN] [net.minecraftforge.common.ForgeConfigSpec/CORE]: Incorrect key tools.lapis_lazuli.lapis_lazuliSwordDamage was corrected from null to its default, 3.0. 
[02May2025 22:24:37.510] [Server thread/DEBUG] [net.minecraftforge.common.ForgeConfigSpec/CORE]: The comment on key tools.lapis_lazuli.lapis_lazuliSwordDamage does not match the spec. This may create a backup.
[02May2025 22:24:37.510] [Server thread/WARN] [net.minecraftforge.common.ForgeConfigSpec/CORE]: Incorrect key tools.lapis_lazuli.lapis_lazuliSwordAtkSpeed was corrected from null to its default, -2.4000000953674316. 
[02May2025 22:24:37.510] [Server thread/DEBUG] [net.minecraftforge.common.ForgeConfigSpec/CORE]: The comment on key tools.lapis_lazuli.lapis_lazuliSwordAtkSpeed does not match the spec. This may create a backup.
[02May2025 22:24:37.510] [Server thread/WARN] [net.minecraftforge.common.ForgeConfigSpec/CORE]: Incorrect key tools.lapis_lazuli.lapis_lazuliShovelDamage was corrected from null to its default, 1.5. 
[02May2025 22:24:37.513] [Server thread/DEBUG] [net.minecraftforge.common.ForgeConfigSpec/CORE]: The comment on key tools.lapis_lazuli.lapis_lazuliShovelDamage does not match the spec. This may create a backup.
[02May2025 22:24:37.513] [Server thread/WARN] [net.minecraftforge.common.ForgeConfigSpec/CORE]: Incorrect key tools.lapis_lazuli.lapis_lazuliShovelAtkSpeed was corrected from null to its default, -3.0. 
[02May2025 22:24:37.513] [Server thread/DEBUG] [net.minecraftforge.common.ForgeConfigSpec/CORE]: The comment on key tools.lapis_lazuli.lapis_lazuliShovelAtkSpeed does not match the spec. This may create a backup.
[02May2025 22:24:37.513] [Server thread/WARN] [net.minecraftforge.common.ForgeConfigSpec/CORE]: Incorrect key tools.lapis_lazuli.lapis_lazuliAxeDamage was corrected from null to its default, 4.0. 
[02May2025 22:24:37.513] [Server thread/DEBUG] [net.minecraftforge.common.ForgeConfigSpec/CORE]: The comment on key tools.lapis_lazuli.lapis_lazuliAxeDamage does not match the spec. This may create a backup.
[02May2025 22:24:37.513] [Server thread/WARN] [net.minecraftforge.common.ForgeConfigSpec/CORE]: Incorrect key tools.lapis_lazuli.lapis_lazuliAxeAtkSpeed was corrected from null to its default, -2.9000000953674316. 
[02May2025 22:24:37.513] [Server thread/DEBUG] [net.minecraftforge.common.ForgeConfigSpec/CORE]: The comment on key tools.lapis_lazuli.lapis_lazuliAxeAtkSpeed does not match the spec. This may create a backup.
[02May2025 22:24:37.513] [Server thread/WARN] [net.minecraftforge.common.ForgeConfigSpec/CORE]: Incorrect key tools.lapis_lazuli.lapis_lazuliPickaxeDamage was corrected from null to its default, 1.0. 
[02May2025 22:24:37.513] [Server thread/DEBUG] [net.minecraftforge.common.ForgeConfigSpec/CORE]: The comment on key tools.lapis_lazuli.lapis_lazuliPickaxeDamage does not match the spec. This may create a backup.
[02May2025 22:24:37.513] [Server thread/WARN] [net.minecraftforge.common.ForgeConfigSpec/CORE]: Incorrect key tools.lapis_lazuli.lapis_lazuliPickaxeAtkSpeed was corrected from null to its default, -2.799999952316284. 
[02May2025 22:24:37.513] [Server thread/DEBUG] [net.minecraftforge.common.ForgeConfigSpec/CORE]: The comment on key tools.lapis_lazuli.lapis_lazuliPickaxeAtkSpeed does not match the spec. This may create a backup.
[02May2025 22:24:37.513] [Server thread/WARN] [net.minecraftforge.common.ForgeConfigSpec/CORE]: Incorrect key tools.lapis_lazuli.lapis_lazuliHoeDamage was corrected from null to its default, -1.0. 
[02May2025 22:24:37.513] [Server thread/DEBUG] [net.minecraftforge.common.ForgeConfigSpec/CORE]: The comment on key tools.lapis_lazuli.lapis_lazuliHoeDamage does not match the spec. This may create a backup.
[02May2025 22:24:37.513] [Server thread/WARN] [net.minecraftforge.common.ForgeConfigSpec/CORE]: Incorrect key tools.lapis_lazuli.lapis_lazuliHoeAtkSpeed was corrected from null to its default, -2.0. 
[02May2025 22:24:37.514] [Server thread/DEBUG] [net.minecraftforge.common.ForgeConfigSpec/CORE]: The comment on key tools.lapis_lazuli.lapis_lazuliHoeAtkSpeed does not match the spec. This may create a backup.
[02May2025 22:24:37.514] [Server thread/WARN] [net.minecraftforge.common.ForgeConfigSpec/CORE]: Incorrect key tools.lapis_lazuli.lapis_lazuliToolMaxUses was corrected from null to its default, 128. 
[02May2025 22:24:37.514] [Server thread/DEBUG] [net.minecraftforge.common.ForgeConfigSpec/CORE]: The comment on key tools.lapis_lazuli.lapis_lazuliToolMaxUses does not match the spec. This may create a backup.
[02May2025 22:24:37.514] [Server thread/WARN] [net.minecraftforge.common.ForgeConfigSpec/CORE]: Incorrect key tools.lapis_lazuli.lapis_lazuliEfficiency was corrected from null to its default, 9.0. 
[02May2025 22:24:37.514] [Server thread/DEBUG] [net.minecraftforge.common.ForgeConfigSpec/CORE]: The comment on key tools.lapis_lazuli.lapis_lazuliEfficiency does not match the spec. This may create a backup.
[02May2025 22:24:37.514] [Server thread/WARN] [net.minecraftforge.common.ForgeConfigSpec/CORE]: Incorrect key tools.lapis_lazuli.lapis_lazuliPaxelDamage was corrected from null to its default, 5.0. 
[02May2025 22:24:37.515] [Server thread/DEBUG] [net.minecraftforge.common.ForgeConfigSpec/CORE]: The comment on key tools.lapis_lazuli.lapis_lazuliPaxelDamage does not match the spec. This may create a backup.
[02May2025 22:24:37.515] [Server thread/WARN] [net.minecraftforge.common.ForgeConfigSpec/CORE]: Incorrect key tools.lapis_lazuli.lapis_lazuliPaxelAtkSpeed was corrected from null to its default, -2.4000000953674316. 
[02May2025 22:24:37.515] [Server thread/DEBUG] [net.minecraftforge.common.ForgeConfigSpec/CORE]: The comment on key tools.lapis_lazuli.lapis_lazuliPaxelAtkSpeed does not match the spec. This may create a backup.
[02May2025 22:24:37.515] [Server thread/WARN] [net.minecraftforge.common.ForgeConfigSpec/CORE]: Incorrect key tools.lapis_lazuli.lapis_lazuliPaxelEfficiency was corrected from null to its default, 9.0. 
[02May2025 22:24:37.516] [Server thread/DEBUG] [net.minecraftforge.common.ForgeConfigSpec/CORE]: The comment on key tools.lapis_lazuli.lapis_lazuliPaxelEfficiency does not match the spec. This may create a backup.
[02May2025 22:24:37.516] [Server thread/WARN] [net.minecraftforge.common.ForgeConfigSpec/CORE]: Incorrect key tools.lapis_lazuli.lapis_lazuliPaxelEnchantability was corrected from null to its default, 32. 
[02May2025 22:24:37.516] [Server thread/DEBUG] [net.minecraftforge.common.ForgeConfigSpec/CORE]: The comment on key tools.lapis_lazuli.lapis_lazuliPaxelEnchantability does not match the spec. This may create a backup.
[02May2025 22:24:37.516] [Server thread/WARN] [net.minecraftforge.common.ForgeConfigSpec/CORE]: Incorrect key tools.lapis_lazuli.lapis_lazuliPaxelMaxUses was corrected from null to its default, 256. 
[02May2025 22:24:37.518] [Server thread/DEBUG] [net.minecraftforge.common.ForgeConfigSpec/CORE]: The comment on key tools.lapis_lazuli.lapis_lazuliPaxelMaxUses does not match the spec. This may create a backup.
[02May2025 22:24:37.518] [Server thread/WARN] [net.minecraftforge.common.ForgeConfigSpec/CORE]: Incorrect key tools.lapis_lazuli.lapis_lazuliEnchantability was corrected from null to its default, 32. 
[02May2025 22:24:37.518] [Server thread/DEBUG] [net.minecraftforge.common.ForgeConfigSpec/CORE]: The comment on key tools.lapis_lazuli.lapis_lazuliEnchantability does not match the spec. This may create a backup.
[02May2025 22:24:37.518] [Server thread/WARN] [net.minecraftforge.common.ForgeConfigSpec/CORE]: Incorrect key tools.lapis_lazuli.lapis_lazuliToughness was corrected from null to its default, 0.0. 
[02May2025 22:24:37.518] [Server thread/DEBUG] [net.minecraftforge.common.ForgeConfigSpec/CORE]: The comment on key tools.lapis_lazuli.lapis_lazuliToughness does not match the spec. This may create a backup.
[02May2025 22:24:37.518] [Server thread/WARN] [net.minecraftforge.common.ForgeConfigSpec/CORE]: Incorrect key tools.lapis_lazuli.lapis_lazuliKnockbackResistance was corrected from null to its default, 0.0. 
[02May2025 22:24:37.518] [Server thread/DEBUG] [net.minecraftforge.common.ForgeConfigSpec/CORE]: The comment on key tools.lapis_lazuli.lapis_lazuliKnockbackResistance does not match the spec. This may create a backup.
[02May2025 22:24:37.519] [Server thread/WARN] [net.minecraftforge.common.ForgeConfigSpec/CORE]: Incorrect key tools.lapis_lazuli.lapis_lazuliBootDurability was corrected from null to its default, 130. 
[02May2025 22:24:37.519] [Server thread/DEBUG] [net.minecraftforge.common.ForgeConfigSpec/CORE]: The comment on key tools.lapis_lazuli.lapis_lazuliBootDurability does not match the spec. This may create a backup.
[02May2025 22:24:37.519] [Server thread/WARN] [net.minecraftforge.common.ForgeConfigSpec/CORE]: Incorrect key tools.lapis_lazuli.lapis_lazuliLeggingDurability was corrected from null to its default, 150. 
[02May2025 22:24:37.519] [Server thread/DEBUG] [net.minecraftforge.common.ForgeConfigSpec/CORE]: The comment on key tools.lapis_lazuli.lapis_lazuliLeggingDurability does not match the spec. This may create a backup.
[02May2025 22:24:37.519] [Server thread/WARN] [net.minecraftforge.common.ForgeConfigSpec/CORE]: Incorrect key tools.lapis_lazuli.lapis_lazuliChestplateDurability was corrected from null to its default, 160. 
[02May2025 22:24:37.520] [Server thread/DEBUG] [net.minecraftforge.common.ForgeConfigSpec/CORE]: The comment on key tools.lapis_lazuli.lapis_lazuliChestplateDurability does not match the spec. This may create a backup.
[02May2025 22:24:37.520] [Server thread/WARN] [net.minecraftforge.common.ForgeConfigSpec/CORE]: Incorrect key tools.lapis_lazuli.lapis_lazuliHelmetDurability was corrected from null to its default, 110. 
[02May2025 22:24:37.520] [Server thread/DEBUG] [net.minecraftforge.common.ForgeConfigSpec/CORE]: The comment on key tools.lapis_lazuli.lapis_lazuliHelmetDurability does not match the spec. This may create a backup.
[02May2025 22:24:37.520] [Server thread/WARN] [net.minecraftforge.common.ForgeConfigSpec/CORE]: Incorrect key tools.lapis_lazuli.lapis_lazuliBootArmor was corrected from null to its default, 1. 
[02May2025 22:24:37.521] [Server thread/DEBUG] [net.minecraftforge.common.ForgeConfigSpec/CORE]: The comment on key tools.lapis_lazuli.lapis_lazuliBootArmor does not match the spec. This may create a backup.
[02May2025 22:24:37.521] [Server thread/WARN] [net.minecraftforge.common.ForgeConfigSpec/CORE]: Incorrect key tools.lapis_lazuli.lapis_lazuliLeggingArmor was corrected from null to its default, 3. 
[02May2025 22:24:37.523] [Server thread/DEBUG] [net.minecraftforge.common.ForgeConfigSpec/CORE]: The comment on key tools.lapis_lazuli.lapis_lazuliLeggingArmor does not match the spec. This may create a backup.
[02May2025 22:24:37.523] [Server thread/WARN] [net.minecraftforge.common.ForgeConfigSpec/CORE]: Incorrect key tools.lapis_lazuli.lapis_lazuliChestplateArmor was corrected from null to its default, 4. 
[02May2025 22:24:37.523] [Server thread/DEBUG] [net.minecraftforge.common.ForgeConfigSpec/CORE]: The comment on key tools.lapis_lazuli.lapis_lazuliChestplateArmor does not match the spec. This may create a backup.
[02May2025 22:24:37.523] [Server thread/WARN] [net.minecraftforge.common.ForgeConfigSpec/CORE]: Incorrect key tools.lapis_lazuli.lapis_lazuliHelmetArmor was corrected from null to its default, 1. 
[02May2025 22:24:37.523] [Server thread/DEBUG] [net.minecraftforge.common.ForgeConfigSpec/CORE]: The comment on key tools.lapis_lazuli.lapis_lazuliHelmetArmor does not match the spec. This may create a backup.
[02May2025 22:24:37.523] [Server thread/DEBUG] [net.minecraftforge.common.ForgeConfigSpec/CORE]: The comment on key tools.lapis_lazuli does not match the spec. This may create a backup.
[02May2025 22:24:37.523] [Server thread/WARN] [net.minecraftforge.common.ForgeConfigSpec/CORE]: Incorrect key tools.osmium was corrected from null to its default, SimpleCommentedConfig:{}. 
[02May2025 22:24:37.524] [Server thread/WARN] [net.minecraftforge.common.ForgeConfigSpec/CORE]: Incorrect key tools.osmium.osmiumAttackDamage was corrected from null to its default, 4.0. 
[02May2025 22:24:37.524] [Server thread/DEBUG] [net.minecraftforge.common.ForgeConfigSpec/CORE]: The comment on key tools.osmium.osmiumAttackDamage does not match the spec. This may create a backup.
[02May2025 22:24:37.524] [Server thread/WARN] [net.minecraftforge.common.ForgeConfigSpec/CORE]: Incorrect key tools.osmium.osmiumShieldDurability was corrected from null to its default, 672. 
[02May2025 22:24:37.524] [Server thread/DEBUG] [net.minecraftforge.common.ForgeConfigSpec/CORE]: The comment on key tools.osmium.osmiumShieldDurability does not match the spec. This may create a backup.
[02May2025 22:24:37.524] [Server thread/WARN] [net.minecraftforge.common.ForgeConfigSpec/CORE]: Incorrect key tools.osmium.osmiumSwordDamage was corrected from null to its default, 3.0. 
[02May2025 22:24:37.525] [Server thread/DEBUG] [net.minecraftforge.common.ForgeConfigSpec/CORE]: The comment on key tools.osmium.osmiumSwordDamage does not match the spec. This may create a backup.
[02May2025 22:24:37.525] [Server thread/WARN] [net.minecraftforge.common.ForgeConfigSpec/CORE]: Incorrect key tools.osmium.osmiumSwordAtkSpeed was corrected from null to its default, -2.4000000953674316. 
[02May2025 22:24:37.526] [Server thread/DEBUG] [net.minecraftforge.common.ForgeConfigSpec/CORE]: The comment on key tools.osmium.osmiumSwordAtkSpeed does not match the spec. This may create a backup.
[02May2025 22:24:37.527] [Server thread/WARN] [net.minecraftforge.common.ForgeConfigSpec/CORE]: Incorrect key tools.osmium.osmiumShovelDamage was corrected from null to its default, 1.5. 
[02May2025 22:24:37.527] [Server thread/DEBUG] [net.minecraftforge.common.ForgeConfigSpec/CORE]: The comment on key tools.osmium.osmiumShovelDamage does not match the spec. This may create a backup.
[02May2025 22:24:37.527] [Server thread/WARN] [net.minecraftforge.common.ForgeConfigSpec/CORE]: Incorrect key tools.osmium.osmiumShovelAtkSpeed was corrected from null to its default, -3.0. 
[02May2025 22:24:37.528] [Server thread/DEBUG] [net.minecraftforge.common.ForgeConfigSpec/CORE]: The comment on key tools.osmium.osmiumShovelAtkSpeed does not match the spec. This may create a backup.
[02May2025 22:24:37.528] [Server thread/WARN] [net.minecraftforge.common.ForgeConfigSpec/CORE]: Incorrect key tools.osmium.osmiumAxeDamage was corrected from null to its default, 8.0. 
[02May2025 22:24:37.531] [Server thread/DEBUG] [net.minecraftforge.common.ForgeConfigSpec/CORE]: The comment on key tools.osmium.osmiumAxeDamage does not match the spec. This may create a backup.
[02May2025 22:24:37.531] [Server thread/WARN] [net.minecraftforge.common.ForgeConfigSpec/CORE]: Incorrect key tools.osmium.osmiumAxeAtkSpeed was corrected from null to its default, -3.299999952316284. 
[02May2025 22:24:37.531] [Server thread/DEBUG] [net.minecraftforge.common.ForgeConfigSpec/CORE]: The comment on key tools.osmium.osmiumAxeAtkSpeed does not match the spec. This may create a backup.
[02May2025 22:24:37.531] [Server thread/WARN] [net.minecraftforge.common.ForgeConfigSpec/CORE]: Incorrect key tools.osmium.osmiumPickaxeDamage was corrected from null to its default, 1.0. 
[02May2025 22:24:37.532] [Server thread/DEBUG] [net.minecraftforge.common.ForgeConfigSpec/CORE]: The comment on key tools.osmium.osmiumPickaxeDamage does not match the spec. This may create a backup.
[02May2025 22:24:37.532] [Server thread/WARN] [net.minecraftforge.common.ForgeConfigSpec/CORE]: Incorrect key tools.osmium.osmiumPickaxeAtkSpeed was corrected from null to its default, -2.799999952316284. 
[02May2025 22:24:37.533] [Server thread/DEBUG] [net.minecraftforge.common.ForgeConfigSpec/CORE]: The comment on key tools.osmium.osmiumPickaxeAtkSpeed does not match the spec. This may create a backup.
[02May2025 22:24:37.533] [Server thread/WARN] [net.minecraftforge.common.ForgeConfigSpec/CORE]: Incorrect key tools.osmium.osmiumHoeDamage was corrected from null to its default, -4.0. 
[02May2025 22:24:37.533] [Server thread/DEBUG] [net.minecraftforge.common.ForgeConfigSpec/CORE]: The comment on key tools.osmium.osmiumHoeDamage does not match the spec. This may create a backup.
[02May2025 22:24:37.533] [Server thread/WARN] [net.minecraftforge.common.ForgeConfigSpec/CORE]: Incorrect key tools.osmium.osmiumHoeAtkSpeed was corrected from null to its default, 1.0. 
[02May2025 22:24:37.534] [Server thread/DEBUG] [net.minecraftforge.common.ForgeConfigSpec/CORE]: The comment on key tools.osmium.osmiumHoeAtkSpeed does not match the spec. This may create a backup.
[02May2025 22:24:37.534] [Server thread/WARN] [net.minecraftforge.common.ForgeConfigSpec/CORE]: Incorrect key tools.osmium.osmiumToolMaxUses was corrected from null to its default, 1024. 
[02May2025 22:24:37.534] [Server thread/DEBUG] [net.minecraftforge.common.ForgeConfigSpec/CORE]: The comment on key tools.osmium.osmiumToolMaxUses does not match the spec. This may create a backup.
[02May2025 22:24:37.534] [Server thread/WARN] [net.minecraftforge.common.ForgeConfigSpec/CORE]: Incorrect key tools.osmium.osmiumEfficiency was corrected from null to its default, 4.0. 
[02May2025 22:24:37.534] [Server thread/DEBUG] [net.minecraftforge.common.ForgeConfigSpec/CORE]: The comment on key tools.osmium.osmiumEfficiency does not match the spec. This may create a backup.
[02May2025 22:24:37.534] [Server thread/WARN] [net.minecraftforge.common.ForgeConfigSpec/CORE]: Incorrect key tools.osmium.osmiumPaxelDamage was corrected from null to its default, 9.0. 
[02May2025 22:24:37.535] [Server thread/DEBUG] [net.minecraftforge.common.ForgeConfigSpec/CORE]: The comment on key tools.osmium.osmiumPaxelDamage does not match the spec. This may create a backup.
[02May2025 22:24:37.535] [Server thread/WARN] [net.minecraftforge.common.ForgeConfigSpec/CORE]: Incorrect key tools.osmium.osmiumPaxelAtkSpeed was corrected from null to its default, -2.4000000953674316. 
[02May2025 22:24:37.535] [Server thread/DEBUG] [net.minecraftforge.common.ForgeConfigSpec/CORE]: The comment on key tools.osmium.osmiumPaxelAtkSpeed does not match the spec. This may create a backup.
[02May2025 22:24:37.535] [Server thread/WARN] [net.minecraftforge.common.ForgeConfigSpec/CORE]: Incorrect key tools.osmium.osmiumPaxelEfficiency was corrected from null to its default, 4.0. 
[02May2025 22:24:37.535] [Server thread/DEBUG] [net.minecraftforge.common.ForgeConfigSpec/CORE]: The comment on key tools.osmium.osmiumPaxelEfficiency does not match the spec. This may create a backup.
[02May2025 22:24:37.535] [Server thread/WARN] [net.minecraftforge.common.ForgeConfigSpec/CORE]: Incorrect key tools.osmium.osmiumPaxelEnchantability was corrected from null to its default, 14. 
[02May2025 22:24:37.536] [Server thread/DEBUG] [net.minecraftforge.common.ForgeConfigSpec/CORE]: The comment on key tools.osmium.osmiumPaxelEnchantability does not match the spec. This may create a backup.
[02May2025 22:24:37.536] [Server thread/WARN] [net.minecraftforge.common.ForgeConfigSpec/CORE]: Incorrect key tools.osmium.osmiumPaxelMaxUses was corrected from null to its default, 2048. 
[02May2025 22:24:37.538] [Server thread/DEBUG] [net.minecraftforge.common.ForgeConfigSpec/CORE]: The comment on key tools.osmium.osmiumPaxelMaxUses does not match the spec. This may create a backup.
[02May2025 22:24:37.538] [Server thread/WARN] [net.minecraftforge.common.ForgeConfigSpec/CORE]: Incorrect key tools.osmium.osmiumEnchantability was corrected from null to its default, 14. 
[02May2025 22:24:37.538] [Server thread/DEBUG] [net.minecraftforge.common.ForgeConfigSpec/CORE]: The comment on key tools.osmium.osmiumEnchantability does not match the spec. This may create a backup.
[02May2025 22:24:37.538] [Server thread/WARN] [net.minecraftforge.common.ForgeConfigSpec/CORE]: Incorrect key tools.osmium.osmiumToughness was corrected from null to its default, 3.0. 
[02May2025 22:24:37.539] [Server thread/DEBUG] [net.minecraftforge.common.ForgeConfigSpec/CORE]: The comment on key tools.osmium.osmiumToughness does not match the spec. This may create a backup.
[02May2025 22:24:37.539] [Server thread/WARN] [net.minecraftforge.common.ForgeConfigSpec/CORE]: Incorrect key tools.osmium.osmiumKnockbackResistance was corrected from null to its default, 0.10000000149011612. 
[02May2025 22:24:37.540] [Server thread/DEBUG] [net.minecraftforge.common.ForgeConfigSpec/CORE]: The comment on key tools.osmium.osmiumKnockbackResistance does not match the spec. This may create a backup.
[02May2025 22:24:37.540] [Server thread/WARN] [net.minecraftforge.common.ForgeConfigSpec/CORE]: Incorrect key tools.osmium.osmiumBootDurability was corrected from null to its default, 390. 
[02May2025 22:24:37.540] [Server thread/DEBUG] [net.minecraftforge.common.ForgeConfigSpec/CORE]: The comment on key tools.osmium.osmiumBootDurability does not match the spec. This may create a backup.
[02May2025 22:24:37.540] [Server thread/WARN] [net.minecraftforge.common.ForgeConfigSpec/CORE]: Incorrect key tools.osmium.osmiumLeggingDurability was corrected from null to its default, 450. 
[02May2025 22:24:37.540] [Server thread/DEBUG] [net.minecraftforge.common.ForgeConfigSpec/CORE]: The comment on key tools.osmium.osmiumLeggingDurability does not match the spec. This may create a backup.
[02May2025 22:24:37.540] [Server thread/WARN] [net.minecraftforge.common.ForgeConfigSpec/CORE]: Incorrect key tools.osmium.osmiumChestplateDurability was corrected from null to its default, 480. 
[02May2025 22:24:37.540] [Server thread/DEBUG] [net.minecraftforge.common.ForgeConfigSpec/CORE]: The comment on key tools.osmium.osmiumChestplateDurability does not match the spec. This may create a backup.
[02May2025 22:24:37.540] [Server thread/WARN] [net.minecraftforge.common.ForgeConfigSpec/CORE]: Incorrect key tools.osmium.osmiumHelmetDurability was corrected from null to its default, 330. 
[02May2025 22:24:37.540] [Server thread/DEBUG] [net.minecraftforge.common.ForgeConfigSpec/CORE]: The comment on key tools.osmium.osmiumHelmetDurability does not match the spec. This may create a backup.
[02May2025 22:24:37.540] [Server thread/WARN] [net.minecraftforge.common.ForgeConfigSpec/CORE]: Incorrect key tools.osmium.osmiumBootArmor was corrected from null to its default, 3. 
[02May2025 22:24:37.540] [Server thread/DEBUG] [net.minecraftforge.common.ForgeConfigSpec/CORE]: The comment on key tools.osmium.osmiumBootArmor does not match the spec. This may create a backup.
[02May2025 22:24:37.540] [Server thread/WARN] [net.minecraftforge.common.ForgeConfigSpec/CORE]: Incorrect key tools.osmium.osmiumLeggingArmor was corrected from null to its default, 6. 
[02May2025 22:24:37.541] [Server thread/DEBUG] [net.minecraftforge.common.ForgeConfigSpec/CORE]: The comment on key tools.osmium.osmiumLeggingArmor does not match the spec. This may create a backup.
[02May2025 22:24:37.541] [Server thread/WARN] [net.minecraftforge.common.ForgeConfigSpec/CORE]: Incorrect key tools.osmium.osmiumChestplateArmor was corrected from null to its default, 8. 
[02May2025 22:24:37.541] [Server thread/DEBUG] [net.minecraftforge.common.ForgeConfigSpec/CORE]: The comment on key tools.osmium.osmiumChestplateArmor does not match the spec. This may create a backup.
[02May2025 22:24:37.541] [Server thread/WARN] [net.minecraftforge.common.ForgeConfigSpec/CORE]: Incorrect key tools.osmium.osmiumHelmetArmor was corrected from null to its default, 4. 
[02May2025 22:24:37.542] [Server thread/DEBUG] [net.minecraftforge.common.ForgeConfigSpec/CORE]: The comment on key tools.osmium.osmiumHelmetArmor does not match the spec. This may create a backup.
[02May2025 22:24:37.542] [Server thread/DEBUG] [net.minecraftforge.common.ForgeConfigSpec/CORE]: The comment on key tools.osmium does not match the spec. This may create a backup.
[02May2025 22:24:37.542] [Server thread/WARN] [net.minecraftforge.common.ForgeConfigSpec/CORE]: Incorrect key tools.refined_glowstone was corrected from null to its default, SimpleCommentedConfig:{}. 
[02May2025 22:24:37.542] [Server thread/WARN] [net.minecraftforge.common.ForgeConfigSpec/CORE]: Incorrect key tools.refined_glowstone.refined_glowstoneAttackDamage was corrected from null to its default, 2.0. 
[02May2025 22:24:37.542] [Server thread/DEBUG] [net.minecraftforge.common.ForgeConfigSpec/CORE]: The comment on key tools.refined_glowstone.refined_glowstoneAttackDamage does not match the spec. This may create a backup.
[02May2025 22:24:37.542] [Server thread/WARN] [net.minecraftforge.common.ForgeConfigSpec/CORE]: Incorrect key tools.refined_glowstone.refined_glowstoneShieldDurability was corrected from null to its default, 381. 
[02May2025 22:24:37.543] [Server thread/DEBUG] [net.minecraftforge.common.ForgeConfigSpec/CORE]: The comment on key tools.refined_glowstone.refined_glowstoneShieldDurability does not match the spec. This may create a backup.
[02May2025 22:24:37.543] [Server thread/WARN] [net.minecraftforge.common.ForgeConfigSpec/CORE]: Incorrect key tools.refined_glowstone.refined_glowstoneSwordDamage was corrected from null to its default, 3.0. 
[02May2025 22:24:37.543] [Server thread/DEBUG] [net.minecraftforge.common.ForgeConfigSpec/CORE]: The comment on key tools.refined_glowstone.refined_glowstoneSwordDamage does not match the spec. This may create a backup.
[02May2025 22:24:37.543] [Server thread/WARN] [net.minecraftforge.common.ForgeConfigSpec/CORE]: Incorrect key tools.refined_glowstone.refined_glowstoneSwordAtkSpeed was corrected from null to its default, -2.4000000953674316. 
[02May2025 22:24:37.544] [Server thread/DEBUG] [net.minecraftforge.common.ForgeConfigSpec/CORE]: The comment on key tools.refined_glowstone.refined_glowstoneSwordAtkSpeed does not match the spec. This may create a backup.
[02May2025 22:24:37.544] [Server thread/WARN] [net.minecraftforge.common.ForgeConfigSpec/CORE]: Incorrect key tools.refined_glowstone.refined_glowstoneShovelDamage was corrected from null to its default, 1.5. 
[02May2025 22:24:37.544] [Server thread/DEBUG] [net.minecraftforge.common.ForgeConfigSpec/CORE]: The comment on key tools.refined_glowstone.refined_glowstoneShovelDamage does not match the spec. This may create a backup.
[02May2025 22:24:37.544] [Server thread/WARN] [net.minecraftforge.common.ForgeConfigSpec/CORE]: Incorrect key tools.refined_glowstone.refined_glowstoneShovelAtkSpeed was corrected from null to its default, -3.0. 
[02May2025 22:24:37.545] [Server thread/DEBUG] [net.minecraftforge.common.ForgeConfigSpec/CORE]: The comment on key tools.refined_glowstone.refined_glowstoneShovelAtkSpeed does not match the spec. This may create a backup.
[02May2025 22:24:37.545] [Server thread/WARN] [net.minecraftforge.common.ForgeConfigSpec/CORE]: Incorrect key tools.refined_glowstone.refined_glowstoneAxeDamage was corrected from null to its default, 6.0. 
[02May2025 22:24:37.545] [Server thread/DEBUG] [net.minecraftforge.common.ForgeConfigSpec/CORE]: The comment on key tools.refined_glowstone.refined_glowstoneAxeDamage does not match the spec. This may create a backup.
[02May2025 22:24:37.545] [Server thread/WARN] [net.minecraftforge.common.ForgeConfigSpec/CORE]: Incorrect key tools.refined_glowstone.refined_glowstoneAxeAtkSpeed was corrected from null to its default, -2.9000000953674316. 
[02May2025 22:24:37.545] [Server thread/DEBUG] [net.minecraftforge.common.ForgeConfigSpec/CORE]: The comment on key tools.refined_glowstone.refined_glowstoneAxeAtkSpeed does not match the spec. This may create a backup.
[02May2025 22:24:37.545] [Server thread/WARN] [net.minecraftforge.common.ForgeConfigSpec/CORE]: Incorrect key tools.refined_glowstone.refined_glowstonePickaxeDamage was corrected from null to its default, 1.0. 
[02May2025 22:24:37.545] [Server thread/DEBUG] [net.minecraftforge.common.ForgeConfigSpec/CORE]: The comment on key tools.refined_glowstone.refined_glowstonePickaxeDamage does not match the spec. This may create a backup.
[02May2025 22:24:37.545] [Server thread/WARN] [net.minecraftforge.common.ForgeConfigSpec/CORE]: Incorrect key tools.refined_glowstone.refined_glowstonePickaxeAtkSpeed was corrected from null to its default, -2.799999952316284. 
[02May2025 22:24:37.546] [Server thread/DEBUG] [net.minecraftforge.common.ForgeConfigSpec/CORE]: The comment on key tools.refined_glowstone.refined_glowstonePickaxeAtkSpeed does not match the spec. This may create a backup.
[02May2025 22:24:37.546] [Server thread/WARN] [net.minecraftforge.common.ForgeConfigSpec/CORE]: Incorrect key tools.refined_glowstone.refined_glowstoneHoeDamage was corrected from null to its default, -2.0. 
[02May2025 22:24:37.547] [Server thread/DEBUG] [net.minecraftforge.common.ForgeConfigSpec/CORE]: The comment on key tools.refined_glowstone.refined_glowstoneHoeDamage does not match the spec. This may create a backup.
[02May2025 22:24:37.547] [Server thread/WARN] [net.minecraftforge.common.ForgeConfigSpec/CORE]: Incorrect key tools.refined_glowstone.refined_glowstoneHoeAtkSpeed was corrected from null to its default, -1.0. 
[02May2025 22:24:37.547] [Server thread/DEBUG] [net.minecraftforge.common.ForgeConfigSpec/CORE]: The comment on key tools.refined_glowstone.refined_glowstoneHoeAtkSpeed does not match the spec. This may create a backup.
[02May2025 22:24:37.547] [Server thread/WARN] [net.minecraftforge.common.ForgeConfigSpec/CORE]: Incorrect key tools.refined_glowstone.refined_glowstoneToolMaxUses was corrected from null to its default, 384. 
[02May2025 22:24:37.548] [Server thread/DEBUG] [net.minecraftforge.common.ForgeConfigSpec/CORE]: The comment on key tools.refined_glowstone.refined_glowstoneToolMaxUses does not match the spec. This may create a backup.
[02May2025 22:24:37.548] [Server thread/WARN] [net.minecraftforge.common.ForgeConfigSpec/CORE]: Incorrect key tools.refined_glowstone.refined_glowstoneEfficiency was corrected from null to its default, 15.0. 
[02May2025 22:24:37.548] [Server thread/DEBUG] [net.minecraftforge.common.ForgeConfigSpec/CORE]: The comment on key tools.refined_glowstone.refined_glowstoneEfficiency does not match the spec. This may create a backup.
[02May2025 22:24:37.548] [Server thread/WARN] [net.minecraftforge.common.ForgeConfigSpec/CORE]: Incorrect key tools.refined_glowstone.refined_glowstonePaxelDamage was corrected from null to its default, 7.0. 
[02May2025 22:24:37.548] [Server thread/DEBUG] [net.minecraftforge.common.ForgeConfigSpec/CORE]: The comment on key tools.refined_glowstone.refined_glowstonePaxelDamage does not match the spec. This may create a backup.
[02May2025 22:24:37.548] [Server thread/WARN] [net.minecraftforge.common.ForgeConfigSpec/CORE]: Incorrect key tools.refined_glowstone.refined_glowstonePaxelAtkSpeed was corrected from null to its default, -2.4000000953674316. 
[02May2025 22:24:37.549] [Server thread/DEBUG] [net.minecraftforge.common.ForgeConfigSpec/CORE]: The comment on key tools.refined_glowstone.refined_glowstonePaxelAtkSpeed does not match the spec. This may create a backup.
[02May2025 22:24:37.549] [Server thread/WARN] [net.minecraftforge.common.ForgeConfigSpec/CORE]: Incorrect key tools.refined_glowstone.refined_glowstonePaxelEfficiency was corrected from null to its default, 15.0. 
[02May2025 22:24:37.549] [Server thread/DEBUG] [net.minecraftforge.common.ForgeConfigSpec/CORE]: The comment on key tools.refined_glowstone.refined_glowstonePaxelEfficiency does not match the spec. This may create a backup.
[02May2025 22:24:37.549] [Server thread/WARN] [net.minecraftforge.common.ForgeConfigSpec/CORE]: Incorrect key tools.refined_glowstone.refined_glowstonePaxelEnchantability was corrected from null to its default, 20. 
[02May2025 22:24:37.549] [Server thread/DEBUG] [net.minecraftforge.common.ForgeConfigSpec/CORE]: The comment on key tools.refined_glowstone.refined_glowstonePaxelEnchantability does not match the spec. This may create a backup.
[02May2025 22:24:37.550] [Server thread/WARN] [net.minecraftforge.common.ForgeConfigSpec/CORE]: Incorrect key tools.refined_glowstone.refined_glowstonePaxelMaxUses was corrected from null to its default, 768. 
[02May2025 22:24:37.550] [Server thread/DEBUG] [net.minecraftforge.common.ForgeConfigSpec/CORE]: The comment on key tools.refined_glowstone.refined_glowstonePaxelMaxUses does not match the spec. This may create a backup.
[02May2025 22:24:37.550] [Server thread/WARN] [net.minecraftforge.common.ForgeConfigSpec/CORE]: Incorrect key tools.refined_glowstone.refined_glowstoneEnchantability was corrected from null to its default, 20. 
[02May2025 22:24:37.550] [Server thread/DEBUG] [net.minecraftforge.common.ForgeConfigSpec/CORE]: The comment on key tools.refined_glowstone.refined_glowstoneEnchantability does not match the spec. This may create a backup.
[02May2025 22:24:37.550] [Server thread/WARN] [net.minecraftforge.common.ForgeConfigSpec/CORE]: Incorrect key tools.refined_glowstone.refined_glowstoneToughness was corrected from null to its default, 0.0. 
[02May2025 22:24:37.550] [Server thread/DEBUG] [net.minecraftforge.common.ForgeConfigSpec/CORE]: The comment on key tools.refined_glowstone.refined_glowstoneToughness does not match the spec. This may create a backup.
[02May2025 22:24:37.550] [Server thread/WARN] [net.minecraftforge.common.ForgeConfigSpec/CORE]: Incorrect key tools.refined_glowstone.refined_glowstoneKnockbackResistance was corrected from null to its default, 0.0. 
[02May2025 22:24:37.550] [Server thread/DEBUG] [net.minecraftforge.common.ForgeConfigSpec/CORE]: The comment on key tools.refined_glowstone.refined_glowstoneKnockbackResistance does not match the spec. This may create a backup.
[02May2025 22:24:37.550] [Server thread/WARN] [net.minecraftforge.common.ForgeConfigSpec/CORE]: Incorrect key tools.refined_glowstone.refined_glowstoneBootDurability was corrected from null to its default, 221. 
[02May2025 22:24:37.552] [Server thread/DEBUG] [net.minecraftforge.common.ForgeConfigSpec/CORE]: The comment on key tools.refined_glowstone.refined_glowstoneBootDurability does not match the spec. This may create a backup.
[02May2025 22:24:37.552] [Server thread/WARN] [net.minecraftforge.common.ForgeConfigSpec/CORE]: Incorrect key tools.refined_glowstone.refined_glowstoneLeggingDurability was corrected from null to its default, 255. 
[02May2025 22:24:37.553] [Server thread/DEBUG] [net.minecraftforge.common.ForgeConfigSpec/CORE]: The comment on key tools.refined_glowstone.refined_glowstoneLeggingDurability does not match the spec. This may create a backup.
[02May2025 22:24:37.553] [Server thread/WARN] [net.minecraftforge.common.ForgeConfigSpec/CORE]: Incorrect key tools.refined_glowstone.refined_glowstoneChestplateDurability was corrected from null to its default, 272. 
[02May2025 22:24:37.554] [Server thread/DEBUG] [net.minecraftforge.common.ForgeConfigSpec/CORE]: The comment on key tools.refined_glowstone.refined_glowstoneChestplateDurability does not match the spec. This may create a backup.
[02May2025 22:24:37.554] [Server thread/WARN] [net.minecraftforge.common.ForgeConfigSpec/CORE]: Incorrect key tools.refined_glowstone.refined_glowstoneHelmetDurability was corrected from null to its default, 187. 
[02May2025 22:24:37.554] [Server thread/DEBUG] [net.minecraftforge.common.ForgeConfigSpec/CORE]: The comment on key tools.refined_glowstone.refined_glowstoneHelmetDurability does not match the spec. This may create a backup.
[02May2025 22:24:37.554] [Server thread/WARN] [net.minecraftforge.common.ForgeConfigSpec/CORE]: Incorrect key tools.refined_glowstone.refined_glowstoneBootArmor was corrected from null to its default, 3. 
[02May2025 22:24:37.554] [Server thread/DEBUG] [net.minecraftforge.common.ForgeConfigSpec/CORE]: The comment on key tools.refined_glowstone.refined_glowstoneBootArmor does not match the spec. This may create a backup.
[02May2025 22:24:37.554] [Server thread/WARN] [net.minecraftforge.common.ForgeConfigSpec/CORE]: Incorrect key tools.refined_glowstone.refined_glowstoneLeggingArmor was corrected from null to its default, 6. 
[02May2025 22:24:37.555] [Server thread/DEBUG] [net.minecraftforge.common.ForgeConfigSpec/CORE]: The comment on key tools.refined_glowstone.refined_glowstoneLeggingArmor does not match the spec. This may create a backup.
[02May2025 22:24:37.555] [Server thread/WARN] [net.minecraftforge.common.ForgeConfigSpec/CORE]: Incorrect key tools.refined_glowstone.refined_glowstoneChestplateArmor was corrected from null to its default, 8. 
[02May2025 22:24:37.555] [Server thread/DEBUG] [net.minecraftforge.common.ForgeConfigSpec/CORE]: The comment on key tools.refined_glowstone.refined_glowstoneChestplateArmor does not match the spec. This may create a backup.
[02May2025 22:24:37.555] [Server thread/WARN] [net.minecraftforge.common.ForgeConfigSpec/CORE]: Incorrect key tools.refined_glowstone.refined_glowstoneHelmetArmor was corrected from null to its default, 3. 
[02May2025 22:24:37.556] [Server thread/DEBUG] [net.minecraftforge.common.ForgeConfigSpec/CORE]: The comment on key tools.refined_glowstone.refined_glowstoneHelmetArmor does not match the spec. This may create a backup.
[02May2025 22:24:37.556] [Server thread/DEBUG] [net.minecraftforge.common.ForgeConfigSpec/CORE]: The comment on key tools.refined_glowstone does not match the spec. This may create a backup.
[02May2025 22:24:37.556] [Server thread/WARN] [net.minecraftforge.common.ForgeConfigSpec/CORE]: Incorrect key tools.refined_obsidian was corrected from null to its default, SimpleCommentedConfig:{}. 
[02May2025 22:24:37.556] [Server thread/WARN] [net.minecraftforge.common.ForgeConfigSpec/CORE]: Incorrect key tools.refined_obsidian.refined_obsidianAttackDamage was corrected from null to its default, 8.0. 
[02May2025 22:24:37.556] [Server thread/DEBUG] [net.minecraftforge.common.ForgeConfigSpec/CORE]: The comment on key tools.refined_obsidian.refined_obsidianAttackDamage does not match the spec. This may create a backup.
[02May2025 22:24:37.556] [Server thread/WARN] [net.minecraftforge.common.ForgeConfigSpec/CORE]: Incorrect key tools.refined_obsidian.refined_obsidianShieldDurability was corrected from null to its default, 1680. 
[02May2025 22:24:37.556] [Server thread/DEBUG] [net.minecraftforge.common.ForgeConfigSpec/CORE]: The comment on key tools.refined_obsidian.refined_obsidianShieldDurability does not match the spec. This may create a backup.
[02May2025 22:24:37.556] [Server thread/WARN] [net.minecraftforge.common.ForgeConfigSpec/CORE]: Incorrect key tools.refined_obsidian.refined_obsidianSwordDamage was corrected from null to its default, 3.0. 
[02May2025 22:24:37.557] [Server thread/DEBUG] [net.minecraftforge.common.ForgeConfigSpec/CORE]: The comment on key tools.refined_obsidian.refined_obsidianSwordDamage does not match the spec. This may create a backup.
[02May2025 22:24:37.557] [Server thread/WARN] [net.minecraftforge.common.ForgeConfigSpec/CORE]: Incorrect key tools.refined_obsidian.refined_obsidianSwordAtkSpeed was corrected from null to its default, -2.4000000953674316. 
[02May2025 22:24:37.557] [Server thread/DEBUG] [net.minecraftforge.common.ForgeConfigSpec/CORE]: The comment on key tools.refined_obsidian.refined_obsidianSwordAtkSpeed does not match the spec. This may create a backup.
[02May2025 22:24:37.557] [Server thread/WARN] [net.minecraftforge.common.ForgeConfigSpec/CORE]: Incorrect key tools.refined_obsidian.refined_obsidianShovelDamage was corrected from null to its default, 1.5. 
[02May2025 22:24:37.558] [Server thread/DEBUG] [net.minecraftforge.common.ForgeConfigSpec/CORE]: The comment on key tools.refined_obsidian.refined_obsidianShovelDamage does not match the spec. This may create a backup.
[02May2025 22:24:37.558] [Server thread/WARN] [net.minecraftforge.common.ForgeConfigSpec/CORE]: Incorrect key tools.refined_obsidian.refined_obsidianShovelAtkSpeed was corrected from null to its default, -3.0. 
[02May2025 22:24:37.559] [Server thread/DEBUG] [net.minecraftforge.common.ForgeConfigSpec/CORE]: The comment on key tools.refined_obsidian.refined_obsidianShovelAtkSpeed does not match the spec. This may create a backup.
[02May2025 22:24:37.559] [Server thread/WARN] [net.minecraftforge.common.ForgeConfigSpec/CORE]: Incorrect key tools.refined_obsidian.refined_obsidianAxeDamage was corrected from null to its default, 7.0. 
[02May2025 22:24:37.559] [Server thread/DEBUG] [net.minecraftforge.common.ForgeConfigSpec/CORE]: The comment on key tools.refined_obsidian.refined_obsidianAxeDamage does not match the spec. This may create a backup.
[02May2025 22:24:37.559] [Server thread/WARN] [net.minecraftforge.common.ForgeConfigSpec/CORE]: Incorrect key tools.refined_obsidian.refined_obsidianAxeAtkSpeed was corrected from null to its default, -2.9000000953674316. 
[02May2025 22:24:37.560] [Server thread/DEBUG] [net.minecraftforge.common.ForgeConfigSpec/CORE]: The comment on key tools.refined_obsidian.refined_obsidianAxeAtkSpeed does not match the spec. This may create a backup.
[02May2025 22:24:37.560] [Server thread/WARN] [net.minecraftforge.common.ForgeConfigSpec/CORE]: Incorrect key tools.refined_obsidian.refined_obsidianPickaxeDamage was corrected from null to its default, 1.0. 
[02May2025 22:24:37.560] [Server thread/DEBUG] [net.minecraftforge.common.ForgeConfigSpec/CORE]: The comment on key tools.refined_obsidian.refined_obsidianPickaxeDamage does not match the spec. This may create a backup.
[02May2025 22:24:37.560] [Server thread/WARN] [net.minecraftforge.common.ForgeConfigSpec/CORE]: Incorrect key tools.refined_obsidian.refined_obsidianPickaxeAtkSpeed was corrected from null to its default, -2.799999952316284. 
[02May2025 22:24:37.560] [Server thread/DEBUG] [net.minecraftforge.common.ForgeConfigSpec/CORE]: The comment on key tools.refined_obsidian.refined_obsidianPickaxeAtkSpeed does not match the spec. This may create a backup.
[02May2025 22:24:37.560] [Server thread/WARN] [net.minecraftforge.common.ForgeConfigSpec/CORE]: Incorrect key tools.refined_obsidian.refined_obsidianHoeDamage was corrected from null to its default, -8.0. 
[02May2025 22:24:37.561] [Server thread/DEBUG] [net.minecraftforge.common.ForgeConfigSpec/CORE]: The comment on key tools.refined_obsidian.refined_obsidianHoeDamage does not match the spec. This may create a backup.
[02May2025 22:24:37.561] [Server thread/WARN] [net.minecraftforge.common.ForgeConfigSpec/CORE]: Incorrect key tools.refined_obsidian.refined_obsidianHoeAtkSpeed was corrected from null to its default, 5.0. 
[02May2025 22:24:37.561] [Server thread/DEBUG] [net.minecraftforge.common.ForgeConfigSpec/CORE]: The comment on key tools.refined_obsidian.refined_obsidianHoeAtkSpeed does not match the spec. This may create a backup.
[02May2025 22:24:37.561] [Server thread/WARN] [net.minecraftforge.common.ForgeConfigSpec/CORE]: Incorrect key tools.refined_obsidian.refined_obsidianToolMaxUses was corrected from null to its default, 4096. 
[02May2025 22:24:37.561] [Server thread/DEBUG] [net.minecraftforge.common.ForgeConfigSpec/CORE]: The comment on key tools.refined_obsidian.refined_obsidianToolMaxUses does not match the spec. This may create a backup.
[02May2025 22:24:37.561] [Server thread/WARN] [net.minecraftforge.common.ForgeConfigSpec/CORE]: Incorrect key tools.refined_obsidian.refined_obsidianEfficiency was corrected from null to its default, 12.0. 
[02May2025 22:24:37.561] [Server thread/DEBUG] [net.minecraftforge.common.ForgeConfigSpec/CORE]: The comment on key tools.refined_obsidian.refined_obsidianEfficiency does not match the spec. This may create a backup.
[02May2025 22:24:37.561] [Server thread/WARN] [net.minecraftforge.common.ForgeConfigSpec/CORE]: Incorrect key tools.refined_obsidian.refined_obsidianPaxelDamage was corrected from null to its default, 8.0. 
[02May2025 22:24:37.562] [Server thread/DEBUG] [net.minecraftforge.common.ForgeConfigSpec/CORE]: The comment on key tools.refined_obsidian.refined_obsidianPaxelDamage does not match the spec. This may create a backup.
[02May2025 22:24:37.562] [Server thread/WARN] [net.minecraftforge.common.ForgeConfigSpec/CORE]: Incorrect key tools.refined_obsidian.refined_obsidianPaxelAtkSpeed was corrected from null to its default, -2.4000000953674316. 
[02May2025 22:24:37.562] [Server thread/DEBUG] [net.minecraftforge.common.ForgeConfigSpec/CORE]: The comment on key tools.refined_obsidian.refined_obsidianPaxelAtkSpeed does not match the spec. This may create a backup.
[02May2025 22:24:37.562] [Server thread/WARN] [net.minecraftforge.common.ForgeConfigSpec/CORE]: Incorrect key tools.refined_obsidian.refined_obsidianPaxelEfficiency was corrected from null to its default, 12.0. 
[02May2025 22:24:37.562] [Server thread/DEBUG] [net.minecraftforge.common.ForgeConfigSpec/CORE]: The comment on key tools.refined_obsidian.refined_obsidianPaxelEfficiency does not match the spec. This may create a backup.
[02May2025 22:24:37.562] [Server thread/WARN] [net.minecraftforge.common.ForgeConfigSpec/CORE]: Incorrect key tools.refined_obsidian.refined_obsidianPaxelEnchantability was corrected from null to its default, 18. 
[02May2025 22:24:37.562] [Server thread/DEBUG] [net.minecraftforge.common.ForgeConfigSpec/CORE]: The comment on key tools.refined_obsidian.refined_obsidianPaxelEnchantability does not match the spec. This may create a backup.
[02May2025 22:24:37.562] [Server thread/WARN] [net.minecraftforge.common.ForgeConfigSpec/CORE]: Incorrect key tools.refined_obsidian.refined_obsidianPaxelMaxUses was corrected from null to its default, 8192. 
[02May2025 22:24:37.563] [Server thread/DEBUG] [net.minecraftforge.common.ForgeConfigSpec/CORE]: The comment on key tools.refined_obsidian.refined_obsidianPaxelMaxUses does not match the spec. This may create a backup.
[02May2025 22:24:37.563] [Server thread/WARN] [net.minecraftforge.common.ForgeConfigSpec/CORE]: Incorrect key tools.refined_obsidian.refined_obsidianEnchantability was corrected from null to its default, 18. 
[02May2025 22:24:37.564] [Server thread/DEBUG] [net.minecraftforge.common.ForgeConfigSpec/CORE]: The comment on key tools.refined_obsidian.refined_obsidianEnchantability does not match the spec. This may create a backup.
[02May2025 22:24:37.564] [Server thread/WARN] [net.minecraftforge.common.ForgeConfigSpec/CORE]: Incorrect key tools.refined_obsidian.refined_obsidianToughness was corrected from null to its default, 5.0. 
[02May2025 22:24:37.565] [Server thread/DEBUG] [net.minecraftforge.common.ForgeConfigSpec/CORE]: The comment on key tools.refined_obsidian.refined_obsidianToughness does not match the spec. This may create a backup.
[02May2025 22:24:37.565] [Server thread/WARN] [net.minecraftforge.common.ForgeConfigSpec/CORE]: Incorrect key tools.refined_obsidian.refined_obsidianKnockbackResistance was corrected from null to its default, 0.20000000298023224. 
[02May2025 22:24:37.565] [Server thread/DEBUG] [net.minecraftforge.common.ForgeConfigSpec/CORE]: The comment on key tools.refined_obsidian.refined_obsidianKnockbackResistance does not match the spec. This may create a backup.
[02May2025 22:24:37.565] [Server thread/WARN] [net.minecraftforge.common.ForgeConfigSpec/CORE]: Incorrect key tools.refined_obsidian.refined_obsidianBootDurability was corrected from null to its default, 975. 
[02May2025 22:24:37.566] [Server thread/DEBUG] [net.minecraftforge.common.ForgeConfigSpec/CORE]: The comment on key tools.refined_obsidian.refined_obsidianBootDurability does not match the spec. This may create a backup.
[02May2025 22:24:37.566] [Server thread/WARN] [net.minecraftforge.common.ForgeConfigSpec/CORE]: Incorrect key tools.refined_obsidian.refined_obsidianLeggingDurability was corrected from null to its default, 1125. 
[02May2025 22:24:37.566] [Server thread/DEBUG] [net.minecraftforge.common.ForgeConfigSpec/CORE]: The comment on key tools.refined_obsidian.refined_obsidianLeggingDurability does not match the spec. This may create a backup.
[02May2025 22:24:37.566] [Server thread/WARN] [net.minecraftforge.common.ForgeConfigSpec/CORE]: Incorrect key tools.refined_obsidian.refined_obsidianChestplateDurability was corrected from null to its default, 1200. 
[02May2025 22:24:37.567] [Server thread/DEBUG] [net.minecraftforge.common.ForgeConfigSpec/CORE]: The comment on key tools.refined_obsidian.refined_obsidianChestplateDurability does not match the spec. This may create a backup.
[02May2025 22:24:37.567] [Server thread/WARN] [net.minecraftforge.common.ForgeConfigSpec/CORE]: Incorrect key tools.refined_obsidian.refined_obsidianHelmetDurability was corrected from null to its default, 825. 
[02May2025 22:24:37.568] [Server thread/DEBUG] [net.minecraftforge.common.ForgeConfigSpec/CORE]: The comment on key tools.refined_obsidian.refined_obsidianHelmetDurability does not match the spec. This may create a backup.
[02May2025 22:24:37.568] [Server thread/WARN] [net.minecraftforge.common.ForgeConfigSpec/CORE]: Incorrect key tools.refined_obsidian.refined_obsidianBootArmor was corrected from null to its default, 5. 
[02May2025 22:24:37.569] [Server thread/DEBUG] [net.minecraftforge.common.ForgeConfigSpec/CORE]: The comment on key tools.refined_obsidian.refined_obsidianBootArmor does not match the spec. This may create a backup.
[02May2025 22:24:37.569] [Server thread/WARN] [net.minecraftforge.common.ForgeConfigSpec/CORE]: Incorrect key tools.refined_obsidian.refined_obsidianLeggingArmor was corrected from null to its default, 8. 
[02May2025 22:24:37.569] [Server thread/DEBUG] [net.minecraftforge.common.ForgeConfigSpec/CORE]: The comment on key tools.refined_obsidian.refined_obsidianLeggingArmor does not match the spec. This may create a backup.
[02May2025 22:24:37.569] [Server thread/WARN] [net.minecraftforge.common.ForgeConfigSpec/CORE]: Incorrect key tools.refined_obsidian.refined_obsidianChestplateArmor was corrected from null to its default, 12. 
[02May2025 22:24:37.569] [Server thread/DEBUG] [net.minecraftforge.common.ForgeConfigSpec/CORE]: The comment on key tools.refined_obsidian.refined_obsidianChestplateArmor does not match the spec. This may create a backup.
[02May2025 22:24:37.569] [Server thread/WARN] [net.minecraftforge.common.ForgeConfigSpec/CORE]: Incorrect key tools.refined_obsidian.refined_obsidianHelmetArmor was corrected from null to its default, 6. 
[02May2025 22:24:37.570] [Server thread/DEBUG] [net.minecraftforge.common.ForgeConfigSpec/CORE]: The comment on key tools.refined_obsidian.refined_obsidianHelmetArmor does not match the spec. This may create a backup.
[02May2025 22:24:37.570] [Server thread/DEBUG] [net.minecraftforge.common.ForgeConfigSpec/CORE]: The comment on key tools.refined_obsidian does not match the spec. This may create a backup.
[02May2025 22:24:37.570] [Server thread/WARN] [net.minecraftforge.common.ForgeConfigSpec/CORE]: Incorrect key tools.steel was corrected from null to its default, SimpleCommentedConfig:{}. 
[02May2025 22:24:37.571] [Server thread/WARN] [net.minecraftforge.common.ForgeConfigSpec/CORE]: Incorrect key tools.steel.steelAttackDamage was corrected from null to its default, 3.0. 
[02May2025 22:24:37.571] [Server thread/DEBUG] [net.minecraftforge.common.ForgeConfigSpec/CORE]: The comment on key tools.steel.steelAttackDamage does not match the spec. This may create a backup.
[02May2025 22:24:37.571] [Server thread/WARN] [net.minecraftforge.common.ForgeConfigSpec/CORE]: Incorrect key tools.steel.steelShieldDurability was corrected from null to its default, 448. 
[02May2025 22:24:37.571] [Server thread/DEBUG] [net.minecraftforge.common.ForgeConfigSpec/CORE]: The comment on key tools.steel.steelShieldDurability does not match the spec. This may create a backup.
[02May2025 22:24:37.571] [Server thread/WARN] [net.minecraftforge.common.ForgeConfigSpec/CORE]: Incorrect key tools.steel.steelSwordDamage was corrected from null to its default, 3.0. 
[02May2025 22:24:37.571] [Server thread/DEBUG] [net.minecraftforge.common.ForgeConfigSpec/CORE]: The comment on key tools.steel.steelSwordDamage does not match the spec. This may create a backup.
[02May2025 22:24:37.571] [Server thread/WARN] [net.minecraftforge.common.ForgeConfigSpec/CORE]: Incorrect key tools.steel.steelSwordAtkSpeed was corrected from null to its default, -2.4000000953674316. 
[02May2025 22:24:37.572] [Server thread/DEBUG] [net.minecraftforge.common.ForgeConfigSpec/CORE]: The comment on key tools.steel.steelSwordAtkSpeed does not match the spec. This may create a backup.
[02May2025 22:24:37.572] [Server thread/WARN] [net.minecraftforge.common.ForgeConfigSpec/CORE]: Incorrect key tools.steel.steelShovelDamage was corrected from null to its default, 1.5. 
[02May2025 22:24:37.572] [Server thread/DEBUG] [net.minecraftforge.common.ForgeConfigSpec/CORE]: The comment on key tools.steel.steelShovelDamage does not match the spec. This may create a backup.
[02May2025 22:24:37.572] [Server thread/WARN] [net.minecraftforge.common.ForgeConfigSpec/CORE]: Incorrect key tools.steel.steelShovelAtkSpeed was corrected from null to its default, -3.0. 
[02May2025 22:24:37.572] [Server thread/DEBUG] [net.minecraftforge.common.ForgeConfigSpec/CORE]: The comment on key tools.steel.steelShovelAtkSpeed does not match the spec. This may create a backup.
[02May2025 22:24:37.572] [Server thread/WARN] [net.minecraftforge.common.ForgeConfigSpec/CORE]: Incorrect key tools.steel.steelAxeDamage was corrected from null to its default, 7.0. 
[02May2025 22:24:37.572] [Server thread/DEBUG] [net.minecraftforge.common.ForgeConfigSpec/CORE]: The comment on key tools.steel.steelAxeDamage does not match the spec. This may create a backup.
[02May2025 22:24:37.572] [Server thread/WARN] [net.minecraftforge.common.ForgeConfigSpec/CORE]: Incorrect key tools.steel.steelAxeAtkSpeed was corrected from null to its default, -3.0. 
[02May2025 22:24:37.572] [Server thread/DEBUG] [net.minecraftforge.common.ForgeConfigSpec/CORE]: The comment on key tools.steel.steelAxeAtkSpeed does not match the spec. This may create a backup.
[02May2025 22:24:37.572] [Server thread/WARN] [net.minecraftforge.common.ForgeConfigSpec/CORE]: Incorrect key tools.steel.steelPickaxeDamage was corrected from null to its default, 1.0. 
[02May2025 22:24:37.573] [Server thread/DEBUG] [net.minecraftforge.common.ForgeConfigSpec/CORE]: The comment on key tools.steel.steelPickaxeDamage does not match the spec. This may create a backup.
[02May2025 22:24:37.573] [Server thread/WARN] [net.minecraftforge.common.ForgeConfigSpec/CORE]: Incorrect key tools.steel.steelPickaxeAtkSpeed was corrected from null to its default, -2.799999952316284. 
[02May2025 22:24:37.574] [Server thread/DEBUG] [net.minecraftforge.common.ForgeConfigSpec/CORE]: The comment on key tools.steel.steelPickaxeAtkSpeed does not match the spec. This may create a backup.
[02May2025 22:24:37.574] [Server thread/WARN] [net.minecraftforge.common.ForgeConfigSpec/CORE]: Incorrect key tools.steel.steelHoeDamage was corrected from null to its default, -3.0. 
[02May2025 22:24:37.574] [Server thread/DEBUG] [net.minecraftforge.common.ForgeConfigSpec/CORE]: The comment on key tools.steel.steelHoeDamage does not match the spec. This may create a backup.
[02May2025 22:24:37.574] [Server thread/WARN] [net.minecraftforge.common.ForgeConfigSpec/CORE]: Incorrect key tools.steel.steelHoeAtkSpeed was corrected from null to its default, 0.0. 
[02May2025 22:24:37.574] [Server thread/DEBUG] [net.minecraftforge.common.ForgeConfigSpec/CORE]: The comment on key tools.steel.steelHoeAtkSpeed does not match the spec. This may create a backup.
[02May2025 22:24:37.574] [Server thread/WARN] [net.minecraftforge.common.ForgeConfigSpec/CORE]: Incorrect key tools.steel.steelToolMaxUses was corrected from null to its default, 500. 
[02May2025 22:24:37.574] [Server thread/DEBUG] [net.minecraftforge.common.ForgeConfigSpec/CORE]: The comment on key tools.steel.steelToolMaxUses does not match the spec. This may create a backup.
[02May2025 22:24:37.574] [Server thread/WARN] [net.minecraftforge.common.ForgeConfigSpec/CORE]: Incorrect key tools.steel.steelEfficiency was corrected from null to its default, 8.0. 
[02May2025 22:24:37.575] [Server thread/DEBUG] [net.minecraftforge.common.ForgeConfigSpec/CORE]: The comment on key tools.steel.steelEfficiency does not match the spec. This may create a backup.
[02May2025 22:24:37.575] [Server thread/WARN] [net.minecraftforge.common.ForgeConfigSpec/CORE]: Incorrect key tools.steel.steelPaxelDamage was corrected from null to its default, 8.0. 
[02May2025 22:24:37.575] [Server thread/DEBUG] [net.minecraftforge.common.ForgeConfigSpec/CORE]: The comment on key tools.steel.steelPaxelDamage does not match the spec. This may create a backup.
[02May2025 22:24:37.575] [Server thread/WARN] [net.minecraftforge.common.ForgeConfigSpec/CORE]: Incorrect key tools.steel.steelPaxelAtkSpeed was corrected from null to its default, -2.4000000953674316. 
[02May2025 22:24:37.575] [Server thread/DEBUG] [net.minecraftforge.common.ForgeConfigSpec/CORE]: The comment on key tools.steel.steelPaxelAtkSpeed does not match the spec. This may create a backup.
[02May2025 22:24:37.575] [Server thread/WARN] [net.minecraftforge.common.ForgeConfigSpec/CORE]: Incorrect key tools.steel.steelPaxelEfficiency was corrected from null to its default, 8.0. 
[02May2025 22:24:37.575] [Server thread/DEBUG] [net.minecraftforge.common.ForgeConfigSpec/CORE]: The comment on key tools.steel.steelPaxelEfficiency does not match the spec. This may create a backup.
[02May2025 22:24:37.575] [Server thread/WARN] [net.minecraftforge.common.ForgeConfigSpec/CORE]: Incorrect key tools.steel.steelPaxelEnchantability was corrected from null to its default, 16. 
[02May2025 22:24:37.576] [Server thread/DEBUG] [net.minecraftforge.common.ForgeConfigSpec/CORE]: The comment on key tools.steel.steelPaxelEnchantability does not match the spec. This may create a backup.
[02May2025 22:24:37.576] [Server thread/WARN] [net.minecraftforge.common.ForgeConfigSpec/CORE]: Incorrect key tools.steel.steelPaxelMaxUses was corrected from null to its default, 1000. 
[02May2025 22:24:37.576] [Server thread/DEBUG] [net.minecraftforge.common.ForgeConfigSpec/CORE]: The comment on key tools.steel.steelPaxelMaxUses does not match the spec. This may create a backup.
[02May2025 22:24:37.576] [Server thread/WARN] [net.minecraftforge.common.ForgeConfigSpec/CORE]: Incorrect key tools.steel.steelEnchantability was corrected from null to its default, 16. 
[02May2025 22:24:37.576] [Server thread/DEBUG] [net.minecraftforge.common.ForgeConfigSpec/CORE]: The comment on key tools.steel.steelEnchantability does not match the spec. This may create a backup.
[02May2025 22:24:37.576] [Server thread/WARN] [net.minecraftforge.common.ForgeConfigSpec/CORE]: Incorrect key tools.steel.steelToughness was corrected from null to its default, 2.0. 
[02May2025 22:24:37.576] [Server thread/DEBUG] [net.minecraftforge.common.ForgeConfigSpec/CORE]: The comment on key tools.steel.steelToughness does not match the spec. This may create a backup.
[02May2025 22:24:37.576] [Server thread/WARN] [net.minecraftforge.common.ForgeConfigSpec/CORE]: Incorrect key tools.steel.steelKnockbackResistance was corrected from null to its default, 0.0. 
[02May2025 22:24:37.577] [Server thread/DEBUG] [net.minecraftforge.common.ForgeConfigSpec/CORE]: The comment on key tools.steel.steelKnockbackResistance does not match the spec. This may create a backup.
[02May2025 22:24:37.577] [Server thread/WARN] [net.minecraftforge.common.ForgeConfigSpec/CORE]: Incorrect key tools.steel.steelBootDurability was corrected from null to its default, 260. 
[02May2025 22:24:37.577] [Server thread/DEBUG] [net.minecraftforge.common.ForgeConfigSpec/CORE]: The comment on key tools.steel.steelBootDurability does not match the spec. This may create a backup.
[02May2025 22:24:37.577] [Server thread/WARN] [net.minecraftforge.common.ForgeConfigSpec/CORE]: Incorrect key tools.steel.steelLeggingDurability was corrected from null to its default, 300. 
[02May2025 22:24:37.577] [Server thread/DEBUG] [net.minecraftforge.common.ForgeConfigSpec/CORE]: The comment on key tools.steel.steelLeggingDurability does not match the spec. This may create a backup.
[02May2025 22:24:37.577] [Server thread/WARN] [net.minecraftforge.common.ForgeConfigSpec/CORE]: Incorrect key tools.steel.steelChestplateDurability was corrected from null to its default, 320. 
[02May2025 22:24:37.578] [Server thread/DEBUG] [net.minecraftforge.common.ForgeConfigSpec/CORE]: The comment on key tools.steel.steelChestplateDurability does not match the spec. This may create a backup.
[02May2025 22:24:37.578] [Server thread/WARN] [net.minecraftforge.common.ForgeConfigSpec/CORE]: Incorrect key tools.steel.steelHelmetDurability was corrected from null to its default, 220. 
[02May2025 22:24:37.580] [Server thread/DEBUG] [net.minecraftforge.common.ForgeConfigSpec/CORE]: The comment on key tools.steel.steelHelmetDurability does not match the spec. This may create a backup.
[02May2025 22:24:37.580] [Server thread/WARN] [net.minecraftforge.common.ForgeConfigSpec/CORE]: Incorrect key tools.steel.steelBootArmor was corrected from null to its default, 3. 
[02May2025 22:24:37.580] [Server thread/DEBUG] [net.minecraftforge.common.ForgeConfigSpec/CORE]: The comment on key tools.steel.steelBootArmor does not match the spec. This may create a backup.
[02May2025 22:24:37.580] [Server thread/WARN] [net.minecraftforge.common.ForgeConfigSpec/CORE]: Incorrect key tools.steel.steelLeggingArmor was corrected from null to its default, 6. 
[02May2025 22:24:37.580] [Server thread/DEBUG] [net.minecraftforge.common.ForgeConfigSpec/CORE]: The comment on key tools.steel.steelLeggingArmor does not match the spec. This may create a backup.
[02May2025 22:24:37.580] [Server thread/WARN] [net.minecraftforge.common.ForgeConfigSpec/CORE]: Incorrect key tools.steel.steelChestplateArmor was corrected from null to its default, 8. 
[02May2025 22:24:37.581] [Server thread/DEBUG] [net.minecraftforge.common.ForgeConfigSpec/CORE]: The comment on key tools.steel.steelChestplateArmor does not match the spec. This may create a backup.
[02May2025 22:24:37.581] [Server thread/WARN] [net.minecraftforge.common.ForgeConfigSpec/CORE]: Incorrect key tools.steel.steelHelmetArmor was corrected from null to its default, 3. 
[02May2025 22:24:37.581] [Server thread/DEBUG] [net.minecraftforge.common.ForgeConfigSpec/CORE]: The comment on key tools.steel.steelHelmetArmor does not match the spec. This may create a backup.
[02May2025 22:24:37.581] [Server thread/DEBUG] [net.minecraftforge.common.ForgeConfigSpec/CORE]: The comment on key tools.steel does not match the spec. This may create a backup.
[02May2025 22:24:37.581] [Server thread/DEBUG] [net.minecraftforge.common.ForgeConfigSpec/CORE]: The comment on key tools does not match the spec. This may create a backup.
[02May2025 22:24:37.598] [Thread-2/DEBUG] [net.minecraftforge.fml.config.ConfigFileTypeHandler/CONFIG]: Config file Mekanism/tools.toml changed, sending notifies
[02May2025 22:24:37.601] [Server thread/DEBUG] [net.minecraftforge.fml.config.ConfigFileTypeHandler/CONFIG]: Built TOML config for /workspaces/moddedserver/config/Mekanism/generators.toml
[02May2025 22:24:37.601] [Server thread/DEBUG] [net.minecraftforge.fml.config.ConfigFileTypeHandler/CONFIG]: Loaded TOML config file /workspaces/moddedserver/config/Mekanism/generators.toml
[02May2025 22:24:37.601] [Server thread/DEBUG] [net.minecraftforge.fml.config.ConfigFileTypeHandler/CONFIG]: Watching TOML config file /workspaces/moddedserver/config/Mekanism/generators.toml for changes
[02May2025 22:24:37.602] [Server thread/WARN] [net.minecraftforge.common.ForgeConfigSpec/CORE]: Configuration file /workspaces/moddedserver/config/Mekanism/generators.toml is not correct. Correcting
[02May2025 22:24:37.603] [Server thread/WARN] [net.minecraftforge.common.ForgeConfigSpec/CORE]: Incorrect key generators was corrected from null to its default, SimpleCommentedConfig:{}. 
[02May2025 22:24:37.603] [Server thread/WARN] [net.minecraftforge.common.ForgeConfigSpec/CORE]: Incorrect key generators.energyPerFusionFuel was corrected from null to its default, 10000000. 
[02May2025 22:24:37.603] [Server thread/DEBUG] [net.minecraftforge.common.ForgeConfigSpec/CORE]: The comment on key generators.energyPerFusionFuel does not match the spec. This may create a backup.
[02May2025 22:24:37.603] [Server thread/WARN] [net.minecraftforge.common.ForgeConfigSpec/CORE]: Incorrect key generators.solarGeneration was corrected from null to its default, 50. 
[02May2025 22:24:37.603] [Server thread/DEBUG] [net.minecraftforge.common.ForgeConfigSpec/CORE]: The comment on key generators.solarGeneration does not match the spec. This may create a backup.
[02May2025 22:24:37.603] [Server thread/WARN] [net.minecraftforge.common.ForgeConfigSpec/CORE]: Incorrect key generators.advancedSolarGeneration was corrected from null to its default, 300. 
[02May2025 22:24:37.604] [Server thread/DEBUG] [net.minecraftforge.common.ForgeConfigSpec/CORE]: The comment on key generators.advancedSolarGeneration does not match the spec. This may create a backup.
[02May2025 22:24:37.604] [Server thread/WARN] [net.minecraftforge.common.ForgeConfigSpec/CORE]: Incorrect key generators.bio_generator was corrected from null to its default, SimpleCommentedConfig:{}. 
[02May2025 22:24:37.604] [Server thread/WARN] [net.minecraftforge.common.ForgeConfigSpec/CORE]: Incorrect key generators.bio_generator.bioGeneration was corrected from null to its default, 350. 
[02May2025 22:24:37.604] [Server thread/DEBUG] [net.minecraftforge.common.ForgeConfigSpec/CORE]: The comment on key generators.bio_generator.bioGeneration does not match the spec. This may create a backup.
[02May2025 22:24:37.604] [Server thread/WARN] [net.minecraftforge.common.ForgeConfigSpec/CORE]: Incorrect key generators.bio_generator.tankCapacity was corrected from null to its default, 24000. 
[02May2025 22:24:37.605] [Server thread/DEBUG] [net.minecraftforge.common.ForgeConfigSpec/CORE]: The comment on key generators.bio_generator.tankCapacity does not match the spec. This may create a backup.
[02May2025 22:24:37.605] [Server thread/DEBUG] [net.minecraftforge.common.ForgeConfigSpec/CORE]: The comment on key generators.bio_generator does not match the spec. This may create a backup.
[02May2025 22:24:37.605] [Server thread/WARN] [net.minecraftforge.common.ForgeConfigSpec/CORE]: Incorrect key generators.heat_generator was corrected from null to its default, SimpleCommentedConfig:{}. 
[02May2025 22:24:37.606] [Server thread/WARN] [net.minecraftforge.common.ForgeConfigSpec/CORE]: Incorrect key generators.heat_generator.heatGeneration was corrected from null to its default, 200. 
[02May2025 22:24:37.606] [Server thread/DEBUG] [net.minecraftforge.common.ForgeConfigSpec/CORE]: The comment on key generators.heat_generator.heatGeneration does not match the spec. This may create a backup.
[02May2025 22:24:37.606] [Server thread/WARN] [net.minecraftforge.common.ForgeConfigSpec/CORE]: Incorrect key generators.heat_generator.heatGenerationLava was corrected from null to its default, 30. 
[02May2025 22:24:37.606] [Server thread/DEBUG] [net.minecraftforge.common.ForgeConfigSpec/CORE]: The comment on key generators.heat_generator.heatGenerationLava does not match the spec. This may create a backup.
[02May2025 22:24:37.606] [Server thread/WARN] [net.minecraftforge.common.ForgeConfigSpec/CORE]: Incorrect key generators.heat_generator.heatGenerationNether was corrected from null to its default, 100. 
[02May2025 22:24:37.606] [Server thread/DEBUG] [net.minecraftforge.common.ForgeConfigSpec/CORE]: The comment on key generators.heat_generator.heatGenerationNether does not match the spec. This may create a backup.
[02May2025 22:24:37.606] [Server thread/WARN] [net.minecraftforge.common.ForgeConfigSpec/CORE]: Incorrect key generators.heat_generator.tankCapacity was corrected from null to its default, 24000. 
[02May2025 22:24:37.606] [Server thread/DEBUG] [net.minecraftforge.common.ForgeConfigSpec/CORE]: The comment on key generators.heat_generator.tankCapacity does not match the spec. This may create a backup.
[02May2025 22:24:37.606] [Server thread/WARN] [net.minecraftforge.common.ForgeConfigSpec/CORE]: Incorrect key generators.heat_generator.heatGenerationFluidRate was corrected from null to its default, 10. 
[02May2025 22:24:37.606] [Server thread/DEBUG] [net.minecraftforge.common.ForgeConfigSpec/CORE]: The comment on key generators.heat_generator.heatGenerationFluidRate does not match the spec. This may create a backup.
[02May2025 22:24:37.607] [Server thread/DEBUG] [net.minecraftforge.common.ForgeConfigSpec/CORE]: The comment on key generators.heat_generator does not match the spec. This may create a backup.
[02May2025 22:24:37.607] [Server thread/WARN] [net.minecraftforge.common.ForgeConfigSpec/CORE]: Incorrect key generators.gas_generator was corrected from null to its default, SimpleCommentedConfig:{}. 
[02May2025 22:24:37.607] [Server thread/WARN] [net.minecraftforge.common.ForgeConfigSpec/CORE]: Incorrect key generators.gas_generator.tankCapacity was corrected from null to its default, 18000. 
[02May2025 22:24:37.607] [Server thread/DEBUG] [net.minecraftforge.common.ForgeConfigSpec/CORE]: The comment on key generators.gas_generator.tankCapacity does not match the spec. This may create a backup.
[02May2025 22:24:37.607] [Server thread/WARN] [net.minecraftforge.common.ForgeConfigSpec/CORE]: Incorrect key generators.gas_generator.ethyleneBurnTicks was corrected from null to its default, 40. 
[02May2025 22:24:37.607] [Server thread/DEBUG] [net.minecraftforge.common.ForgeConfigSpec/CORE]: The comment on key generators.gas_generator.ethyleneBurnTicks does not match the spec. This may create a backup.
[02May2025 22:24:37.607] [Server thread/WARN] [net.minecraftforge.common.ForgeConfigSpec/CORE]: Incorrect key generators.gas_generator.ethyleneDensityMultiplier was corrected from null to its default, 40. 
[02May2025 22:24:37.607] [Server thread/DEBUG] [net.minecraftforge.common.ForgeConfigSpec/CORE]: The comment on key generators.gas_generator.ethyleneDensityMultiplier does not match the spec. This may create a backup.
[02May2025 22:24:37.607] [Server thread/DEBUG] [net.minecraftforge.common.ForgeConfigSpec/CORE]: The comment on key generators.gas_generator does not match the spec. This may create a backup.
[02May2025 22:24:37.607] [Server thread/WARN] [net.minecraftforge.common.ForgeConfigSpec/CORE]: Incorrect key generators.turbine was corrected from null to its default, SimpleCommentedConfig:{}. 
[02May2025 22:24:37.607] [Server thread/WARN] [net.minecraftforge.common.ForgeConfigSpec/CORE]: Incorrect key generators.turbine.turbineBladesPerCoil was corrected from null to its default, 4. 
[02May2025 22:24:37.607] [Server thread/DEBUG] [net.minecraftforge.common.ForgeConfigSpec/CORE]: The comment on key generators.turbine.turbineBladesPerCoil does not match the spec. This may create a backup.
[02May2025 22:24:37.607] [Server thread/WARN] [net.minecraftforge.common.ForgeConfigSpec/CORE]: Incorrect key generators.turbine.turbineVentGasFlow was corrected from null to its default, 32000.0. 
[02May2025 22:24:37.607] [Server thread/DEBUG] [net.minecraftforge.common.ForgeConfigSpec/CORE]: The comment on key generators.turbine.turbineVentGasFlow does not match the spec. This may create a backup.
[02May2025 22:24:37.607] [Server thread/WARN] [net.minecraftforge.common.ForgeConfigSpec/CORE]: Incorrect key generators.turbine.turbineDisperserGasFlow was corrected from null to its default, 1280.0. 
[02May2025 22:24:37.607] [Server thread/DEBUG] [net.minecraftforge.common.ForgeConfigSpec/CORE]: The comment on key generators.turbine.turbineDisperserGasFlow does not match the spec. This may create a backup.
[02May2025 22:24:37.607] [Server thread/WARN] [net.minecraftforge.common.ForgeConfigSpec/CORE]: Incorrect key generators.turbine.energyCapacityPerVolume was corrected from null to its default, 16000000. 
[02May2025 22:24:37.607] [Server thread/DEBUG] [net.minecraftforge.common.ForgeConfigSpec/CORE]: The comment on key generators.turbine.energyCapacityPerVolume does not match the spec. This may create a backup.
[02May2025 22:24:37.607] [Server thread/WARN] [net.minecraftforge.common.ForgeConfigSpec/CORE]: Incorrect key generators.turbine.gasPerTank was corrected from null to its default, 64000. 
[02May2025 22:24:37.607] [Server thread/DEBUG] [net.minecraftforge.common.ForgeConfigSpec/CORE]: The comment on key generators.turbine.gasPerTank does not match the spec. This may create a backup.
[02May2025 22:24:37.610] [Server thread/WARN] [net.minecraftforge.common.ForgeConfigSpec/CORE]: Incorrect key generators.turbine.condenserRate was corrected from null to its default, 64000. 
[02May2025 22:24:37.611] [Server thread/DEBUG] [net.minecraftforge.common.ForgeConfigSpec/CORE]: The comment on key generators.turbine.condenserRate does not match the spec. This may create a backup.
[02May2025 22:24:37.611] [Server thread/DEBUG] [net.minecraftforge.common.ForgeConfigSpec/CORE]: The comment on key generators.turbine does not match the spec. This may create a backup.
[02May2025 22:24:37.611] [Server thread/WARN] [net.minecraftforge.common.ForgeConfigSpec/CORE]: Incorrect key generators.wind_generator was corrected from null to its default, SimpleCommentedConfig:{}. 
[02May2025 22:24:37.612] [Server thread/WARN] [net.minecraftforge.common.ForgeConfigSpec/CORE]: Incorrect key generators.wind_generator.windGenerationMin was corrected from null to its default, 60. 
[02May2025 22:24:37.612] [Server thread/DEBUG] [net.minecraftforge.common.ForgeConfigSpec/CORE]: The comment on key generators.wind_generator.windGenerationMin does not match the spec. This may create a backup.
[02May2025 22:24:37.612] [Server thread/WARN] [net.minecraftforge.common.ForgeConfigSpec/CORE]: Incorrect key generators.wind_generator.generationMax was corrected from null to its default, 480. 
[02May2025 22:24:37.612] [Server thread/DEBUG] [net.minecraftforge.common.ForgeConfigSpec/CORE]: The comment on key generators.wind_generator.generationMax does not match the spec. This may create a backup.
[02May2025 22:24:37.612] [Server thread/WARN] [net.minecraftforge.common.ForgeConfigSpec/CORE]: Incorrect key generators.wind_generator.minY was corrected from null to its default, 24. 
[02May2025 22:24:37.613] [Server thread/DEBUG] [net.minecraftforge.common.ForgeConfigSpec/CORE]: The comment on key generators.wind_generator.minY does not match the spec. This may create a backup.
[02May2025 22:24:37.613] [Server thread/WARN] [net.minecraftforge.common.ForgeConfigSpec/CORE]: Incorrect key generators.wind_generator.maxY was corrected from null to its default, 2031. 
[02May2025 22:24:37.613] [Server thread/DEBUG] [net.minecraftforge.common.ForgeConfigSpec/CORE]: The comment on key generators.wind_generator.maxY does not match the spec. This may create a backup.
[02May2025 22:24:37.613] [Server thread/DEBUG] [net.minecraftforge.common.ForgeConfigSpec/CORE]: List on key windGenerationDimBlacklist is deemed to need correction, as it is null or not a list.
[02May2025 22:24:37.613] [Server thread/WARN] [net.minecraftforge.common.ForgeConfigSpec/CORE]: Incorrect key generators.wind_generator.windGenerationDimBlacklist was corrected from null to its default, []. 
[02May2025 22:24:37.614] [Server thread/DEBUG] [net.minecraftforge.common.ForgeConfigSpec/CORE]: The comment on key generators.wind_generator.windGenerationDimBlacklist does not match the spec. This may create a backup.
[02May2025 22:24:37.614] [Server thread/DEBUG] [net.minecraftforge.common.ForgeConfigSpec/CORE]: The comment on key generators.wind_generator does not match the spec. This may create a backup.
[02May2025 22:24:37.614] [Server thread/WARN] [net.minecraftforge.common.ForgeConfigSpec/CORE]: Incorrect key generators.fusion_reactor was corrected from null to its default, SimpleCommentedConfig:{}. 
[02May2025 22:24:37.615] [Server thread/WARN] [net.minecraftforge.common.ForgeConfigSpec/CORE]: Incorrect key generators.fusion_reactor.thermocoupleEfficiency was corrected from null to its default, 0.05. 
[02May2025 22:24:37.615] [Server thread/DEBUG] [net.minecraftforge.common.ForgeConfigSpec/CORE]: The comment on key generators.fusion_reactor.thermocoupleEfficiency does not match the spec. This may create a backup.
[02May2025 22:24:37.615] [Server thread/WARN] [net.minecraftforge.common.ForgeConfigSpec/CORE]: Incorrect key generators.fusion_reactor.casingThermalConductivity was corrected from null to its default, 0.1. 
[02May2025 22:24:37.616] [Server thread/DEBUG] [net.minecraftforge.common.ForgeConfigSpec/CORE]: The comment on key generators.fusion_reactor.casingThermalConductivity does not match the spec. This may create a backup.
[02May2025 22:24:37.616] [Server thread/WARN] [net.minecraftforge.common.ForgeConfigSpec/CORE]: Incorrect key generators.fusion_reactor.waterHeatingRatio was corrected from null to its default, 0.3. 
[02May2025 22:24:37.616] [Server thread/DEBUG] [net.minecraftforge.common.ForgeConfigSpec/CORE]: The comment on key generators.fusion_reactor.waterHeatingRatio does not match the spec. This may create a backup.
[02May2025 22:24:37.616] [Server thread/WARN] [net.minecraftforge.common.ForgeConfigSpec/CORE]: Incorrect key generators.fusion_reactor.fuelCapacity was corrected from null to its default, 1000. 
[02May2025 22:24:37.616] [Server thread/DEBUG] [net.minecraftforge.common.ForgeConfigSpec/CORE]: The comment on key generators.fusion_reactor.fuelCapacity does not match the spec. This may create a backup.
[02May2025 22:24:37.616] [Server thread/WARN] [net.minecraftforge.common.ForgeConfigSpec/CORE]: Incorrect key generators.fusion_reactor.energyCapacity was corrected from null to its default, 1000000000. 
[02May2025 22:24:37.617] [Server thread/DEBUG] [net.minecraftforge.common.ForgeConfigSpec/CORE]: The comment on key generators.fusion_reactor.energyCapacity does not match the spec. This may create a backup.
[02May2025 22:24:37.617] [Server thread/WARN] [net.minecraftforge.common.ForgeConfigSpec/CORE]: Incorrect key generators.fusion_reactor.waterPerInjection was corrected from null to its default, 1000000. 
[02May2025 22:24:37.618] [Server thread/DEBUG] [net.minecraftforge.common.ForgeConfigSpec/CORE]: The comment on key generators.fusion_reactor.waterPerInjection does not match the spec. This may create a backup.
[02May2025 22:24:37.618] [Server thread/WARN] [net.minecraftforge.common.ForgeConfigSpec/CORE]: Incorrect key generators.fusion_reactor.steamPerInjection was corrected from null to its default, 100000000. 
[02May2025 22:24:37.618] [Server thread/DEBUG] [net.minecraftforge.common.ForgeConfigSpec/CORE]: The comment on key generators.fusion_reactor.steamPerInjection does not match the spec. This may create a backup.
[02May2025 22:24:37.618] [Server thread/DEBUG] [net.minecraftforge.common.ForgeConfigSpec/CORE]: The comment on key generators.fusion_reactor does not match the spec. This may create a backup.
[02May2025 22:24:37.618] [Server thread/WARN] [net.minecraftforge.common.ForgeConfigSpec/CORE]: Incorrect key generators.hohlraum was corrected from null to its default, SimpleCommentedConfig:{}. 
[02May2025 22:24:37.619] [Server thread/WARN] [net.minecraftforge.common.ForgeConfigSpec/CORE]: Incorrect key generators.hohlraum.maxGas was corrected from null to its default, 10. 
[02May2025 22:24:37.620] [Server thread/DEBUG] [net.minecraftforge.common.ForgeConfigSpec/CORE]: The comment on key generators.hohlraum.maxGas does not match the spec. This may create a backup.
[02May2025 22:24:37.620] [Server thread/WARN] [net.minecraftforge.common.ForgeConfigSpec/CORE]: Incorrect key generators.hohlraum.fillRate was corrected from null to its default, 1. 
[02May2025 22:24:37.621] [Server thread/DEBUG] [net.minecraftforge.common.ForgeConfigSpec/CORE]: The comment on key generators.hohlraum.fillRate does not match the spec. This may create a backup.
[02May2025 22:24:37.621] [Server thread/DEBUG] [net.minecraftforge.common.ForgeConfigSpec/CORE]: The comment on key generators.hohlraum does not match the spec. This may create a backup.
[02May2025 22:24:37.621] [Server thread/WARN] [net.minecraftforge.common.ForgeConfigSpec/CORE]: Incorrect key generators.fission_reactor was corrected from null to its default, SimpleCommentedConfig:{}. 
[02May2025 22:24:37.621] [Server thread/WARN] [net.minecraftforge.common.ForgeConfigSpec/CORE]: Incorrect key generators.fission_reactor.energyPerFissionFuel was corrected from null to its default, 1000000. 
[02May2025 22:24:37.622] [Server thread/DEBUG] [net.minecraftforge.common.ForgeConfigSpec/CORE]: The comment on key generators.fission_reactor.energyPerFissionFuel does not match the spec. This may create a backup.
[02May2025 22:24:37.622] [Server thread/WARN] [net.minecraftforge.common.ForgeConfigSpec/CORE]: Incorrect key generators.fission_reactor.casingHeatCapacity was corrected from null to its default, 1000.0. 
[02May2025 22:24:37.623] [Server thread/DEBUG] [net.minecraftforge.common.ForgeConfigSpec/CORE]: The comment on key generators.fission_reactor.casingHeatCapacity does not match the spec. This may create a backup.
[02May2025 22:24:37.623] [Server thread/WARN] [net.minecraftforge.common.ForgeConfigSpec/CORE]: Incorrect key generators.fission_reactor.surfaceAreaTarget was corrected from null to its default, 4.0. 
[02May2025 22:24:37.623] [Server thread/DEBUG] [net.minecraftforge.common.ForgeConfigSpec/CORE]: The comment on key generators.fission_reactor.surfaceAreaTarget does not match the spec. This may create a backup.
[02May2025 22:24:37.623] [Server thread/WARN] [net.minecraftforge.common.ForgeConfigSpec/CORE]: Incorrect key generators.fission_reactor.meltdownsEnabled was corrected from null to its default, true. 
[02May2025 22:24:37.624] [Server thread/DEBUG] [net.minecraftforge.common.ForgeConfigSpec/CORE]: The comment on key generators.fission_reactor.meltdownsEnabled does not match the spec. This may create a backup.
[02May2025 22:24:37.624] [Server thread/WARN] [net.minecraftforge.common.ForgeConfigSpec/CORE]: Incorrect key generators.fission_reactor.meltdownRadius was corrected from null to its default, 8.0. 
[02May2025 22:24:37.626] [Server thread/DEBUG] [net.minecraftforge.common.ForgeConfigSpec/CORE]: The comment on key generators.fission_reactor.meltdownRadius does not match the spec. This may create a backup.
[02May2025 22:24:37.626] [Server thread/WARN] [net.minecraftforge.common.ForgeConfigSpec/CORE]: Incorrect key generators.fission_reactor.meltdownChance was corrected from null to its default, 0.001. 
[02May2025 22:24:37.626] [Server thread/DEBUG] [net.minecraftforge.common.ForgeConfigSpec/CORE]: The comment on key generators.fission_reactor.meltdownChance does not match the spec. This may create a backup.
[02May2025 22:24:37.626] [Server thread/WARN] [net.minecraftforge.common.ForgeConfigSpec/CORE]: Incorrect key generators.fission_reactor.meltdownRadiationMultiplier was corrected from null to its default, 50.0. 
[02May2025 22:24:37.627] [Server thread/DEBUG] [net.minecraftforge.common.ForgeConfigSpec/CORE]: The comment on key generators.fission_reactor.meltdownRadiationMultiplier does not match the spec. This may create a backup.
[02May2025 22:24:37.627] [Server thread/WARN] [net.minecraftforge.common.ForgeConfigSpec/CORE]: Incorrect key generators.fission_reactor.postMeltdownDamage was corrected from null to its default, 75.0. 
[02May2025 22:24:37.628] [Server thread/DEBUG] [net.minecraftforge.common.ForgeConfigSpec/CORE]: The comment on key generators.fission_reactor.postMeltdownDamage does not match the spec. This may create a backup.
[02May2025 22:24:37.628] [Server thread/WARN] [net.minecraftforge.common.ForgeConfigSpec/CORE]: Incorrect key generators.fission_reactor.defaultBurnRate was corrected from null to its default, 0.1. 
[02May2025 22:24:37.629] [Server thread/DEBUG] [net.minecraftforge.common.ForgeConfigSpec/CORE]: The comment on key generators.fission_reactor.defaultBurnRate does not match the spec. This may create a backup.
[02May2025 22:24:37.629] [Server thread/WARN] [net.minecraftforge.common.ForgeConfigSpec/CORE]: Incorrect key generators.fission_reactor.burnPerAssembly was corrected from null to its default, 1. 
[02May2025 22:24:37.629] [Server thread/DEBUG] [net.minecraftforge.common.ForgeConfigSpec/CORE]: The comment on key generators.fission_reactor.burnPerAssembly does not match the spec. This may create a backup.
[02May2025 22:24:37.629] [Server thread/WARN] [net.minecraftforge.common.ForgeConfigSpec/CORE]: Incorrect key generators.fission_reactor.maxFuelPerAssembly was corrected from null to its default, 8000. 
[02May2025 22:24:37.629] [Server thread/DEBUG] [net.minecraftforge.common.ForgeConfigSpec/CORE]: The comment on key generators.fission_reactor.maxFuelPerAssembly does not match the spec. This may create a backup.
[02May2025 22:24:37.629] [Server thread/WARN] [net.minecraftforge.common.ForgeConfigSpec/CORE]: Incorrect key generators.fission_reactor.cooledCoolantPerTank was corrected from null to its default, 100000. 
[02May2025 22:24:37.630] [Server thread/DEBUG] [net.minecraftforge.common.ForgeConfigSpec/CORE]: The comment on key generators.fission_reactor.cooledCoolantPerTank does not match the spec. This may create a backup.
[02May2025 22:24:37.630] [Server thread/WARN] [net.minecraftforge.common.ForgeConfigSpec/CORE]: Incorrect key generators.fission_reactor.heatedCoolantPerTank was corrected from null to its default, 1000000. 
[02May2025 22:24:37.631] [Server thread/DEBUG] [net.minecraftforge.common.ForgeConfigSpec/CORE]: The comment on key generators.fission_reactor.heatedCoolantPerTank does not match the spec. This may create a backup.
[02May2025 22:24:37.631] [Server thread/DEBUG] [net.minecraftforge.common.ForgeConfigSpec/CORE]: The comment on key generators.fission_reactor does not match the spec. This may create a backup.
[02May2025 22:24:37.631] [Server thread/DEBUG] [net.minecraftforge.common.ForgeConfigSpec/CORE]: The comment on key generators does not match the spec. This may create a backup.
[02May2025 22:24:37.636] [Server thread/DEBUG] [net.minecraftforge.fml.config.ConfigFileTypeHandler/CONFIG]: Built TOML config for /workspaces/moddedserver/config/Mekanism/generators-gear.toml
[02May2025 22:24:37.636] [Thread-2/DEBUG] [net.minecraftforge.fml.config.ConfigFileTypeHandler/CONFIG]: Config file Mekanism/generators.toml changed, sending notifies
[02May2025 22:24:37.637] [Server thread/DEBUG] [net.minecraftforge.fml.config.ConfigFileTypeHandler/CONFIG]: Loaded TOML config file /workspaces/moddedserver/config/Mekanism/generators-gear.toml
[02May2025 22:24:37.638] [Server thread/DEBUG] [net.minecraftforge.fml.config.ConfigFileTypeHandler/CONFIG]: Watching TOML config file /workspaces/moddedserver/config/Mekanism/generators-gear.toml for changes
[02May2025 22:24:37.638] [Server thread/WARN] [net.minecraftforge.common.ForgeConfigSpec/CORE]: Configuration file /workspaces/moddedserver/config/Mekanism/generators-gear.toml is not correct. Correcting
[02May2025 22:24:37.639] [Server thread/WARN] [net.minecraftforge.common.ForgeConfigSpec/CORE]: Incorrect key generators-gear was corrected from null to its default, SimpleCommentedConfig:{}. 
[02May2025 22:24:37.640] [Server thread/WARN] [net.minecraftforge.common.ForgeConfigSpec/CORE]: Incorrect key generators-gear.mekasuit was corrected from null to its default, SimpleCommentedConfig:{}. 
[02May2025 22:24:37.640] [Server thread/WARN] [net.minecraftforge.common.ForgeConfigSpec/CORE]: Incorrect key generators-gear.mekasuit.geothermalChargingRate was corrected from null to its default, 10.5000. 
[02May2025 22:24:37.641] [Server thread/DEBUG] [net.minecraftforge.common.ForgeConfigSpec/CORE]: The comment on key generators-gear.mekasuit.geothermalChargingRate does not match the spec. This may create a backup.
[02May2025 22:24:37.641] [Server thread/WARN] [net.minecraftforge.common.ForgeConfigSpec/CORE]: Incorrect key generators-gear.mekasuit.damage_absorption was corrected from null to its default, SimpleCommentedConfig:{}. 
[02May2025 22:24:37.641] [Server thread/WARN] [net.minecraftforge.common.ForgeConfigSpec/CORE]: Incorrect key generators-gear.mekasuit.damage_absorption.heatDamageReductionRatio was corrected from null to its default, 0.8. 
[02May2025 22:24:37.642] [Server thread/DEBUG] [net.minecraftforge.common.ForgeConfigSpec/CORE]: The comment on key generators-gear.mekasuit.damage_absorption.heatDamageReductionRatio does not match the spec. This may create a backup.
[02May2025 22:24:37.642] [Server thread/DEBUG] [net.minecraftforge.common.ForgeConfigSpec/CORE]: The comment on key generators-gear.mekasuit does not match the spec. This may create a backup.
[02May2025 22:24:37.642] [Server thread/DEBUG] [net.minecraftforge.common.ForgeConfigSpec/CORE]: The comment on key generators-gear does not match the spec. This may create a backup.
[02May2025 22:24:37.645] [Thread-2/DEBUG] [net.minecraftforge.fml.config.ConfigFileTypeHandler/CONFIG]: Config file Mekanism/generators-gear.toml changed, sending notifies
[02May2025 22:24:37.645] [Server thread/DEBUG] [net.minecraftforge.fml.config.ConfigFileTypeHandler/CONFIG]: Built TOML config for /workspaces/moddedserver/config/Mekanism/generator-storage.toml
[02May2025 22:24:37.645] [Server thread/DEBUG] [net.minecraftforge.fml.config.ConfigFileTypeHandler/CONFIG]: Loaded TOML config file /workspaces/moddedserver/config/Mekanism/generator-storage.toml
[02May2025 22:24:37.645] [Server thread/DEBUG] [net.minecraftforge.fml.config.ConfigFileTypeHandler/CONFIG]: Watching TOML config file /workspaces/moddedserver/config/Mekanism/generator-storage.toml for changes
[02May2025 22:24:37.645] [Server thread/WARN] [net.minecraftforge.common.ForgeConfigSpec/CORE]: Configuration file /workspaces/moddedserver/config/Mekanism/generator-storage.toml is not correct. Correcting
[02May2025 22:24:37.648] [Server thread/WARN] [net.minecraftforge.common.ForgeConfigSpec/CORE]: Incorrect key storage was corrected from null to its default, SimpleCommentedConfig:{}. 
[02May2025 22:24:37.648] [Server thread/WARN] [net.minecraftforge.common.ForgeConfigSpec/CORE]: Incorrect key storage.heatGenerator was corrected from null to its default, 160000. 
[02May2025 22:24:37.648] [Server thread/DEBUG] [net.minecraftforge.common.ForgeConfigSpec/CORE]: The comment on key storage.heatGenerator does not match the spec. This may create a backup.
[02May2025 22:24:37.648] [Server thread/WARN] [net.minecraftforge.common.ForgeConfigSpec/CORE]: Incorrect key storage.bioGenerator was corrected from null to its default, 160000. 
[02May2025 22:24:37.649] [Server thread/DEBUG] [net.minecraftforge.common.ForgeConfigSpec/CORE]: The comment on key storage.bioGenerator does not match the spec. This may create a backup.
[02May2025 22:24:37.649] [Server thread/WARN] [net.minecraftforge.common.ForgeConfigSpec/CORE]: Incorrect key storage.solarGenerator was corrected from null to its default, 96000. 
[02May2025 22:24:37.649] [Server thread/DEBUG] [net.minecraftforge.common.ForgeConfigSpec/CORE]: The comment on key storage.solarGenerator does not match the spec. This may create a backup.
[02May2025 22:24:37.649] [Server thread/WARN] [net.minecraftforge.common.ForgeConfigSpec/CORE]: Incorrect key storage.advancedSolarGenerator was corrected from null to its default, 200000. 
[02May2025 22:24:37.649] [Server thread/DEBUG] [net.minecraftforge.common.ForgeConfigSpec/CORE]: The comment on key storage.advancedSolarGenerator does not match the spec. This may create a backup.
[02May2025 22:24:37.649] [Server thread/WARN] [net.minecraftforge.common.ForgeConfigSpec/CORE]: Incorrect key storage.windGenerator was corrected from null to its default, 200000. 
[02May2025 22:24:37.650] [Server thread/DEBUG] [net.minecraftforge.common.ForgeConfigSpec/CORE]: The comment on key storage.windGenerator does not match the spec. This may create a backup.
[02May2025 22:24:37.650] [Server thread/DEBUG] [net.minecraftforge.common.ForgeConfigSpec/CORE]: The comment on key storage does not match the spec. This may create a backup.
[02May2025 22:24:37.651] [Thread-2/DEBUG] [net.minecraftforge.fml.config.ConfigFileTypeHandler/CONFIG]: Config file Mekanism/generator-storage.toml changed, sending notifies
[02May2025 22:24:37.651] [Thread-2/DEBUG] [net.minecraftforge.fml.config.ConfigFileTypeHandler/CONFIG]: Config file Mekanism/generator-storage.toml changed, sending notifies
[02May2025 22:24:37.651] [Server thread/DEBUG] [net.minecraftforge.fml.config.ConfigFileTypeHandler/CONFIG]: Built TOML config for ./world/serverconfig/thermal-server.toml
[02May2025 22:24:37.651] [Server thread/DEBUG] [net.minecraftforge.fml.config.ConfigFileTypeHandler/CONFIG]: Loaded TOML config file ./world/serverconfig/thermal-server.toml
[02May2025 22:24:37.652] [Server thread/DEBUG] [net.minecraftforge.fml.config.ConfigFileTypeHandler/CONFIG]: Watching TOML config file ./world/serverconfig/thermal-server.toml for changes
[02May2025 22:24:37.652] [Server thread/WARN] [net.minecraftforge.common.ForgeConfigSpec/CORE]: Configuration file ./world/serverconfig/thermal-server.toml is not correct. Correcting
[02May2025 22:24:37.654] [Server thread/WARN] [net.minecraftforge.common.ForgeConfigSpec/CORE]: Incorrect key Global Options was corrected from null to its default, SimpleCommentedConfig:{}. 
[02May2025 22:24:37.654] [Server thread/WARN] [net.minecraftforge.common.ForgeConfigSpec/CORE]: Incorrect key Global Options.Standalone Redstone Flux was corrected from null to its default, false. 
[02May2025 22:24:37.654] [Server thread/DEBUG] [net.minecraftforge.common.ForgeConfigSpec/CORE]: The comment on key Global Options.Standalone Redstone Flux does not match the spec. This may create a backup.
[02May2025 22:24:37.654] [Server thread/WARN] [net.minecraftforge.common.ForgeConfigSpec/CORE]: Incorrect key Global Options.Blocks Retain Energy was corrected from null to its default, true. 
[02May2025 22:24:37.655] [Server thread/DEBUG] [net.minecraftforge.common.ForgeConfigSpec/CORE]: The comment on key Global Options.Blocks Retain Energy does not match the spec. This may create a backup.
[02May2025 22:24:37.655] [Server thread/WARN] [net.minecraftforge.common.ForgeConfigSpec/CORE]: Incorrect key Global Options.Blocks Retain Inventory was corrected from null to its default, false. 
[02May2025 22:24:37.655] [Server thread/DEBUG] [net.minecraftforge.common.ForgeConfigSpec/CORE]: The comment on key Global Options.Blocks Retain Inventory does not match the spec. This may create a backup.
[02May2025 22:24:37.655] [Server thread/WARN] [net.minecraftforge.common.ForgeConfigSpec/CORE]: Incorrect key Global Options.Blocks Retain Tank Contents was corrected from null to its default, false. 
[02May2025 22:24:37.655] [Server thread/DEBUG] [net.minecraftforge.common.ForgeConfigSpec/CORE]: The comment on key Global Options.Blocks Retain Tank Contents does not match the spec. This may create a backup.
[02May2025 22:24:37.655] [Server thread/WARN] [net.minecraftforge.common.ForgeConfigSpec/CORE]: Incorrect key Global Options.Blocks Retain Augments was corrected from null to its default, true. 
[02May2025 22:24:37.656] [Server thread/DEBUG] [net.minecraftforge.common.ForgeConfigSpec/CORE]: The comment on key Global Options.Blocks Retain Augments does not match the spec. This may create a backup.
[02May2025 22:24:37.656] [Server thread/WARN] [net.minecraftforge.common.ForgeConfigSpec/CORE]: Incorrect key Global Options.Blocks Retain Redstone Control was corrected from null to its default, true. 
[02May2025 22:24:37.656] [Server thread/DEBUG] [net.minecraftforge.common.ForgeConfigSpec/CORE]: The comment on key Global Options.Blocks Retain Redstone Control does not match the spec. This may create a backup.
[02May2025 22:24:37.656] [Server thread/WARN] [net.minecraftforge.common.ForgeConfigSpec/CORE]: Incorrect key Global Options.Blocks Retain Side Configuration was corrected from null to its default, true. 
[02May2025 22:24:37.656] [Server thread/DEBUG] [net.minecraftforge.common.ForgeConfigSpec/CORE]: The comment on key Global Options.Blocks Retain Side Configuration does not match the spec. This may create a backup.
[02May2025 22:24:37.656] [Server thread/WARN] [net.minecraftforge.common.ForgeConfigSpec/CORE]: Incorrect key Global Options.Blocks Retain Transfer Control was corrected from null to its default, true. 
[02May2025 22:24:37.657] [Server thread/DEBUG] [net.minecraftforge.common.ForgeConfigSpec/CORE]: The comment on key Global Options.Blocks Retain Transfer Control does not match the spec. This may create a backup.
[02May2025 22:24:37.657] [Server thread/WARN] [net.minecraftforge.common.ForgeConfigSpec/CORE]: Incorrect key Tools was corrected from null to its default, SimpleCommentedConfig:{}. 
[02May2025 22:24:37.658] [Server thread/WARN] [net.minecraftforge.common.ForgeConfigSpec/CORE]: Incorrect key Tools.Satchel was corrected from null to its default, SimpleCommentedConfig:{}. 
[02May2025 22:24:37.658] [Server thread/WARN] [net.minecraftforge.common.ForgeConfigSpec/CORE]: Incorrect key Tools.Satchel.Denylist was corrected from null to its default, [thermal:satchel, minecraft:shulker_box, minecraft:white_shulker_box, minecraft:orange_shulker_box, minecraft:magenta_shulker_box, minecraft:light_blue_shulker_box, minecraft:yellow_shulker_box, minecraft:lime_shulker_box, minecraft:pink_shulker_box, minecraft:gray_shulker_box, minecraft:light_gray_shulker_box, minecraft:cyan_shulker_box, minecraft:purple_shulker_box, minecraft:blue_shulker_box, minecraft:brown_shulker_box, minecraft:green_shulker_box, minecraft:red_shulker_box, minecraft:black_shulker_box]. 
[02May2025 22:24:37.659] [Server thread/DEBUG] [net.minecraftforge.common.ForgeConfigSpec/CORE]: The comment on key Tools.Satchel.Denylist does not match the spec. This may create a backup.
[02May2025 22:24:37.659] [Server thread/WARN] [net.minecraftforge.common.ForgeConfigSpec/CORE]: Incorrect key Tools.Drill was corrected from null to its default, SimpleCommentedConfig:{}. 
[02May2025 22:24:37.659] [Server thread/WARN] [net.minecraftforge.common.ForgeConfigSpec/CORE]: Incorrect key Tools.Drill.Base Capacity was corrected from null to its default, 50000. 
[02May2025 22:24:37.659] [Server thread/DEBUG] [net.minecraftforge.common.ForgeConfigSpec/CORE]: The comment on key Tools.Drill.Base Capacity does not match the spec. This may create a backup.
[02May2025 22:24:37.660] [Server thread/WARN] [net.minecraftforge.common.ForgeConfigSpec/CORE]: Incorrect key Tools.Drill.Base Transfer was corrected from null to its default, 1000. 
[02May2025 22:24:37.660] [Server thread/DEBUG] [net.minecraftforge.common.ForgeConfigSpec/CORE]: The comment on key Tools.Drill.Base Transfer does not match the spec. This may create a backup.
[02May2025 22:24:37.660] [Server thread/WARN] [net.minecraftforge.common.ForgeConfigSpec/CORE]: Incorrect key Tools.Drill.Energy Per Block was corrected from null to its default, 200. 
[02May2025 22:24:37.660] [Server thread/DEBUG] [net.minecraftforge.common.ForgeConfigSpec/CORE]: The comment on key Tools.Drill.Energy Per Block does not match the spec. This may create a backup.
[02May2025 22:24:37.660] [Server thread/WARN] [net.minecraftforge.common.ForgeConfigSpec/CORE]: Incorrect key Tools.Saw was corrected from null to its default, SimpleCommentedConfig:{}. 
[02May2025 22:24:37.661] [Server thread/WARN] [net.minecraftforge.common.ForgeConfigSpec/CORE]: Incorrect key Tools.Saw.Base Capacity was corrected from null to its default, 50000. 
[02May2025 22:24:37.661] [Server thread/DEBUG] [net.minecraftforge.common.ForgeConfigSpec/CORE]: The comment on key Tools.Saw.Base Capacity does not match the spec. This may create a backup.
[02May2025 22:24:37.661] [Server thread/WARN] [net.minecraftforge.common.ForgeConfigSpec/CORE]: Incorrect key Tools.Saw.Base Transfer was corrected from null to its default, 1000. 
[02May2025 22:24:37.661] [Server thread/DEBUG] [net.minecraftforge.common.ForgeConfigSpec/CORE]: The comment on key Tools.Saw.Base Transfer does not match the spec. This may create a backup.
[02May2025 22:24:37.661] [Server thread/WARN] [net.minecraftforge.common.ForgeConfigSpec/CORE]: Incorrect key Tools.Saw.Energy Per Block was corrected from null to its default, 200. 
[02May2025 22:24:37.661] [Server thread/DEBUG] [net.minecraftforge.common.ForgeConfigSpec/CORE]: The comment on key Tools.Saw.Energy Per Block does not match the spec. This may create a backup.
[02May2025 22:24:37.661] [Server thread/WARN] [net.minecraftforge.common.ForgeConfigSpec/CORE]: Incorrect key Tools.Capacitor was corrected from null to its default, SimpleCommentedConfig:{}. 
[02May2025 22:24:37.662] [Server thread/WARN] [net.minecraftforge.common.ForgeConfigSpec/CORE]: Incorrect key Tools.Capacitor.Base Capacity was corrected from null to its default, 500000. 
[02May2025 22:24:37.662] [Server thread/DEBUG] [net.minecraftforge.common.ForgeConfigSpec/CORE]: The comment on key Tools.Capacitor.Base Capacity does not match the spec. This may create a backup.
[02May2025 22:24:37.662] [Server thread/WARN] [net.minecraftforge.common.ForgeConfigSpec/CORE]: Incorrect key Tools.Capacitor.Base Transfer was corrected from null to its default, 1000. 
[02May2025 22:24:37.662] [Server thread/DEBUG] [net.minecraftforge.common.ForgeConfigSpec/CORE]: The comment on key Tools.Capacitor.Base Transfer does not match the spec. This may create a backup.
[02May2025 22:24:37.662] [Server thread/WARN] [net.minecraftforge.common.ForgeConfigSpec/CORE]: Incorrect key Tools.Magnet was corrected from null to its default, SimpleCommentedConfig:{}. 
[02May2025 22:24:37.663] [Server thread/WARN] [net.minecraftforge.common.ForgeConfigSpec/CORE]: Incorrect key Tools.Magnet.Base Capacity was corrected from null to its default, 50000. 
[02May2025 22:24:37.663] [Server thread/DEBUG] [net.minecraftforge.common.ForgeConfigSpec/CORE]: The comment on key Tools.Magnet.Base Capacity does not match the spec. This may create a backup.
[02May2025 22:24:37.663] [Server thread/WARN] [net.minecraftforge.common.ForgeConfigSpec/CORE]: Incorrect key Tools.Magnet.Base Transfer was corrected from null to its default, 1000. 
[02May2025 22:24:37.664] [Server thread/DEBUG] [net.minecraftforge.common.ForgeConfigSpec/CORE]: The comment on key Tools.Magnet.Base Transfer does not match the spec. This may create a backup.
[02May2025 22:24:37.664] [Server thread/WARN] [net.minecraftforge.common.ForgeConfigSpec/CORE]: Incorrect key Tools.Magnet.Energy Per Item was corrected from null to its default, 25. 
[02May2025 22:24:37.664] [Server thread/DEBUG] [net.minecraftforge.common.ForgeConfigSpec/CORE]: The comment on key Tools.Magnet.Energy Per Item does not match the spec. This may create a backup.
[02May2025 22:24:37.664] [Server thread/WARN] [net.minecraftforge.common.ForgeConfigSpec/CORE]: Incorrect key Tools.Magnet.Energy Per Use was corrected from null to its default, 200. 
[02May2025 22:24:37.664] [Server thread/DEBUG] [net.minecraftforge.common.ForgeConfigSpec/CORE]: The comment on key Tools.Magnet.Energy Per Use does not match the spec. This may create a backup.
[02May2025 22:24:37.664] [Server thread/WARN] [net.minecraftforge.common.ForgeConfigSpec/CORE]: Incorrect key Tools.Magnet.Obey Item Pickup Delay was corrected from null to its default, true. 
[02May2025 22:24:37.665] [Server thread/DEBUG] [net.minecraftforge.common.ForgeConfigSpec/CORE]: The comment on key Tools.Magnet.Obey Item Pickup Delay does not match the spec. This may create a backup.
[02May2025 22:24:37.665] [Server thread/WARN] [net.minecraftforge.common.ForgeConfigSpec/CORE]: Incorrect key Tools.Reservoir was corrected from null to its default, SimpleCommentedConfig:{}. 
[02May2025 22:24:37.665] [Server thread/WARN] [net.minecraftforge.common.ForgeConfigSpec/CORE]: Incorrect key Tools.Reservoir.Base Capacity was corrected from null to its default, 20000. 
[02May2025 22:24:37.665] [Server thread/DEBUG] [net.minecraftforge.common.ForgeConfigSpec/CORE]: The comment on key Tools.Reservoir.Base Capacity does not match the spec. This may create a backup.
[02May2025 22:24:37.665] [Server thread/WARN] [net.minecraftforge.common.ForgeConfigSpec/CORE]: Incorrect key Tools.Potion Infuser was corrected from null to its default, SimpleCommentedConfig:{}. 
[02May2025 22:24:37.666] [Server thread/WARN] [net.minecraftforge.common.ForgeConfigSpec/CORE]: Incorrect key Tools.Potion Infuser.Base Capacity was corrected from null to its default, 4000. 
[02May2025 22:24:37.666] [Server thread/DEBUG] [net.minecraftforge.common.ForgeConfigSpec/CORE]: The comment on key Tools.Potion Infuser.Base Capacity does not match the spec. This may create a backup.
[02May2025 22:24:37.666] [Server thread/WARN] [net.minecraftforge.common.ForgeConfigSpec/CORE]: Incorrect key Tools.Potion Quiver was corrected from null to its default, SimpleCommentedConfig:{}. 
[02May2025 22:24:37.666] [Server thread/WARN] [net.minecraftforge.common.ForgeConfigSpec/CORE]: Incorrect key Tools.Potion Quiver.Base Capacity was corrected from null to its default, 4000. 
[02May2025 22:24:37.667] [Server thread/DEBUG] [net.minecraftforge.common.ForgeConfigSpec/CORE]: The comment on key Tools.Potion Quiver.Base Capacity does not match the spec. This may create a backup.
[02May2025 22:24:37.667] [Server thread/WARN] [net.minecraftforge.common.ForgeConfigSpec/CORE]: Incorrect key Tools.Watering Can was corrected from null to its default, SimpleCommentedConfig:{}. 
[02May2025 22:24:37.667] [Server thread/WARN] [net.minecraftforge.common.ForgeConfigSpec/CORE]: Incorrect key Tools.Watering Can.Base Capacity was corrected from null to its default, 4000. 
[02May2025 22:24:37.667] [Server thread/DEBUG] [net.minecraftforge.common.ForgeConfigSpec/CORE]: The comment on key Tools.Watering Can.Base Capacity does not match the spec. This may create a backup.
[02May2025 22:24:37.667] [Server thread/WARN] [net.minecraftforge.common.ForgeConfigSpec/CORE]: Incorrect key Tools.Watering Can.Allow Fake Players was corrected from null to its default, false. 
[02May2025 22:24:37.668] [Server thread/DEBUG] [net.minecraftforge.common.ForgeConfigSpec/CORE]: The comment on key Tools.Watering Can.Allow Fake Players does not match the spec. This may create a backup.
[02May2025 22:24:37.668] [Server thread/WARN] [net.minecraftforge.common.ForgeConfigSpec/CORE]: Incorrect key Tools.Watering Can.Consume Source Blocks was corrected from null to its default, true. 
[02May2025 22:24:37.668] [Server thread/DEBUG] [net.minecraftforge.common.ForgeConfigSpec/CORE]: The comment on key Tools.Watering Can.Consume Source Blocks does not match the spec. This may create a backup.
[02May2025 22:24:37.669] [Server thread/WARN] [net.minecraftforge.common.ForgeConfigSpec/CORE]: Incorrect key Mobs was corrected from null to its default, SimpleCommentedConfig:{}. 
[02May2025 22:24:37.669] [Server thread/WARN] [net.minecraftforge.common.ForgeConfigSpec/CORE]: Incorrect key Mobs.Basalz was corrected from null to its default, true. 
[02May2025 22:24:37.669] [Server thread/DEBUG] [net.minecraftforge.common.ForgeConfigSpec/CORE]: The comment on key Mobs.Basalz does not match the spec. This may create a backup.
[02May2025 22:24:37.669] [Server thread/WARN] [net.minecraftforge.common.ForgeConfigSpec/CORE]: Incorrect key Mobs.Blitz was corrected from null to its default, true. 
[02May2025 22:24:37.670] [Server thread/DEBUG] [net.minecraftforge.common.ForgeConfigSpec/CORE]: The comment on key Mobs.Blitz does not match the spec. This may create a backup.
[02May2025 22:24:37.670] [Server thread/WARN] [net.minecraftforge.common.ForgeConfigSpec/CORE]: Incorrect key Mobs.Blizz was corrected from null to its default, true. 
[02May2025 22:24:37.670] [Server thread/DEBUG] [net.minecraftforge.common.ForgeConfigSpec/CORE]: The comment on key Mobs.Blizz does not match the spec. This may create a backup.
[02May2025 22:24:37.670] [Server thread/WARN] [net.minecraftforge.common.ForgeConfigSpec/CORE]: Incorrect key Mobs.Blitz Lightning was corrected from null to its default, true. 
[02May2025 22:24:37.670] [Server thread/DEBUG] [net.minecraftforge.common.ForgeConfigSpec/CORE]: The comment on key Mobs.Blitz Lightning does not match the spec. This may create a backup.
[02May2025 22:24:37.671] [Server thread/WARN] [net.minecraftforge.common.ForgeConfigSpec/CORE]: Incorrect key Augments was corrected from null to its default, SimpleCommentedConfig:{}. 
[02May2025 22:24:37.672] [Server thread/WARN] [net.minecraftforge.common.ForgeConfigSpec/CORE]: Incorrect key Augments.Default Side Reconfiguration was corrected from null to its default, true. 
[02May2025 22:24:37.672] [Server thread/DEBUG] [net.minecraftforge.common.ForgeConfigSpec/CORE]: The comment on key Augments.Default Side Reconfiguration does not match the spec. This may create a backup.
[02May2025 22:24:37.672] [Server thread/WARN] [net.minecraftforge.common.ForgeConfigSpec/CORE]: Incorrect key Augments.Default Redstone Control was corrected from null to its default, true. 
[02May2025 22:24:37.672] [Server thread/DEBUG] [net.minecraftforge.common.ForgeConfigSpec/CORE]: The comment on key Augments.Default Redstone Control does not match the spec. This may create a backup.
[02May2025 22:24:37.672] [Server thread/WARN] [net.minecraftforge.common.ForgeConfigSpec/CORE]: Incorrect key Augments.Default XP Storage was corrected from null to its default, false. 
[02May2025 22:24:37.673] [Server thread/DEBUG] [net.minecraftforge.common.ForgeConfigSpec/CORE]: The comment on key Augments.Default XP Storage does not match the spec. This may create a backup.
[02May2025 22:24:37.674] [Server thread/WARN] [net.minecraftforge.common.ForgeConfigSpec/CORE]: Incorrect key Villagers was corrected from null to its default, SimpleCommentedConfig:{}. 
[02May2025 22:24:37.674] [Server thread/WARN] [net.minecraftforge.common.ForgeConfigSpec/CORE]: Incorrect key Villagers.Enable Villager Trades was corrected from null to its default, true. 
[02May2025 22:24:37.674] [Server thread/DEBUG] [net.minecraftforge.common.ForgeConfigSpec/CORE]: The comment on key Villagers.Enable Villager Trades does not match the spec. This may create a backup.
[02May2025 22:24:37.674] [Server thread/WARN] [net.minecraftforge.common.ForgeConfigSpec/CORE]: Incorrect key Villagers.Enable Wandering Trader Trades was corrected from null to its default, true. 
[02May2025 22:24:37.675] [Server thread/DEBUG] [net.minecraftforge.common.ForgeConfigSpec/CORE]: The comment on key Villagers.Enable Wandering Trader Trades does not match the spec. This may create a backup.
[02May2025 22:24:37.676] [Server thread/WARN] [net.minecraftforge.common.ForgeConfigSpec/CORE]: Incorrect key Devices was corrected from null to its default, SimpleCommentedConfig:{}. 
[02May2025 22:24:37.676] [Server thread/WARN] [net.minecraftforge.common.ForgeConfigSpec/CORE]: Incorrect key Devices.TreeExtractor was corrected from null to its default, SimpleCommentedConfig:{}. 
[02May2025 22:24:37.676] [Server thread/WARN] [net.minecraftforge.common.ForgeConfigSpec/CORE]: Incorrect key Devices.TreeExtractor.Time Constant was corrected from null to its default, 500. 
[02May2025 22:24:37.676] [Server thread/DEBUG] [net.minecraftforge.common.ForgeConfigSpec/CORE]: The comment on key Devices.TreeExtractor.Time Constant does not match the spec. This may create a backup.
[02May2025 22:24:37.676] [Server thread/WARN] [net.minecraftforge.common.ForgeConfigSpec/CORE]: Incorrect key Devices.Composter was corrected from null to its default, SimpleCommentedConfig:{}. 
[02May2025 22:24:37.677] [Server thread/WARN] [net.minecraftforge.common.ForgeConfigSpec/CORE]: Incorrect key Devices.Composter.Time Constant was corrected from null to its default, 120. 
[02May2025 22:24:37.677] [Server thread/DEBUG] [net.minecraftforge.common.ForgeConfigSpec/CORE]: The comment on key Devices.Composter.Time Constant does not match the spec. This may create a backup.
[02May2025 22:24:37.677] [Server thread/WARN] [net.minecraftforge.common.ForgeConfigSpec/CORE]: Incorrect key Devices.Composter.Particles was corrected from null to its default, true. 
[02May2025 22:24:37.677] [Server thread/DEBUG] [net.minecraftforge.common.ForgeConfigSpec/CORE]: The comment on key Devices.Composter.Particles does not match the spec. This may create a backup.
[02May2025 22:24:37.677] [Server thread/WARN] [net.minecraftforge.common.ForgeConfigSpec/CORE]: Incorrect key Devices.Fisher was corrected from null to its default, SimpleCommentedConfig:{}. 
[02May2025 22:24:37.678] [Server thread/WARN] [net.minecraftforge.common.ForgeConfigSpec/CORE]: Incorrect key Devices.Fisher.Time Constant was corrected from null to its default, 4800. 
[02May2025 22:24:37.678] [Server thread/DEBUG] [net.minecraftforge.common.ForgeConfigSpec/CORE]: The comment on key Devices.Fisher.Time Constant does not match the spec. This may create a backup.
[02May2025 22:24:37.678] [Server thread/WARN] [net.minecraftforge.common.ForgeConfigSpec/CORE]: Incorrect key Devices.Fisher.Water Source Time Constant Reduction was corrected from null to its default, 20. 
[02May2025 22:24:37.679] [Server thread/DEBUG] [net.minecraftforge.common.ForgeConfigSpec/CORE]: The comment on key Devices.Fisher.Water Source Time Constant Reduction does not match the spec. This may create a backup.
[02May2025 22:24:37.680] [Server thread/WARN] [net.minecraftforge.common.ForgeConfigSpec/CORE]: Incorrect key Devices.Fisher.Particles was corrected from null to its default, true. 
[02May2025 22:24:37.680] [Server thread/DEBUG] [net.minecraftforge.common.ForgeConfigSpec/CORE]: The comment on key Devices.Fisher.Particles does not match the spec. This may create a backup.
[02May2025 22:24:37.681] [Server thread/WARN] [net.minecraftforge.common.ForgeConfigSpec/CORE]: Incorrect key Recipes was corrected from null to its default, SimpleCommentedConfig:{}. 
[02May2025 22:24:37.681] [Server thread/WARN] [net.minecraftforge.common.ForgeConfigSpec/CORE]: Incorrect key Recipes.Furnace was corrected from null to its default, SimpleCommentedConfig:{}. 
[02May2025 22:24:37.681] [Server thread/WARN] [net.minecraftforge.common.ForgeConfigSpec/CORE]: Incorrect key Recipes.Furnace.Energy Multiplier was corrected from null to its default, 1.0. 
[02May2025 22:24:37.682] [Server thread/DEBUG] [net.minecraftforge.common.ForgeConfigSpec/CORE]: The comment on key Recipes.Furnace.Energy Multiplier does not match the spec. This may create a backup.
[02May2025 22:24:37.682] [Server thread/WARN] [net.minecraftforge.common.ForgeConfigSpec/CORE]: Incorrect key Recipes.Sawmill was corrected from null to its default, SimpleCommentedConfig:{}. 
[02May2025 22:24:37.682] [Server thread/WARN] [net.minecraftforge.common.ForgeConfigSpec/CORE]: Incorrect key Recipes.Sawmill.Default Log Recipes was corrected from null to its default, true. 
[02May2025 22:24:37.682] [Server thread/DEBUG] [net.minecraftforge.common.ForgeConfigSpec/CORE]: The comment on key Recipes.Sawmill.Default Log Recipes does not match the spec. This may create a backup.
[02May2025 22:24:37.682] [Server thread/WARN] [net.minecraftforge.common.ForgeConfigSpec/CORE]: Incorrect key Recipes.Sawmill.Energy Multiplier was corrected from null to its default, 1.0. 
[02May2025 22:24:37.683] [Server thread/DEBUG] [net.minecraftforge.common.ForgeConfigSpec/CORE]: The comment on key Recipes.Sawmill.Energy Multiplier does not match the spec. This may create a backup.
[02May2025 22:24:37.683] [Server thread/WARN] [net.minecraftforge.common.ForgeConfigSpec/CORE]: Incorrect key Recipes.Pulverizer was corrected from null to its default, SimpleCommentedConfig:{}. 
[02May2025 22:24:37.683] [Server thread/WARN] [net.minecraftforge.common.ForgeConfigSpec/CORE]: Incorrect key Recipes.Pulverizer.Default Furnace-Based Recipes was corrected from null to its default, true. 
[02May2025 22:24:37.683] [Server thread/DEBUG] [net.minecraftforge.common.ForgeConfigSpec/CORE]: The comment on key Recipes.Pulverizer.Default Furnace-Based Recipes does not match the spec. This may create a backup.
[02May2025 22:24:37.683] [Server thread/WARN] [net.minecraftforge.common.ForgeConfigSpec/CORE]: Incorrect key Recipes.Pulverizer.Energy Multiplier was corrected from null to its default, 1.0. 
[02May2025 22:24:37.684] [Server thread/DEBUG] [net.minecraftforge.common.ForgeConfigSpec/CORE]: The comment on key Recipes.Pulverizer.Energy Multiplier does not match the spec. This may create a backup.
[02May2025 22:24:37.684] [Server thread/WARN] [net.minecraftforge.common.ForgeConfigSpec/CORE]: Incorrect key Recipes.Smelter was corrected from null to its default, SimpleCommentedConfig:{}. 
[02May2025 22:24:37.684] [Server thread/WARN] [net.minecraftforge.common.ForgeConfigSpec/CORE]: Incorrect key Recipes.Smelter.Default Furnace-Based Recipes was corrected from null to its default, true. 
[02May2025 22:24:37.684] [Server thread/DEBUG] [net.minecraftforge.common.ForgeConfigSpec/CORE]: The comment on key Recipes.Smelter.Default Furnace-Based Recipes does not match the spec. This may create a backup.
[02May2025 22:24:37.684] [Server thread/WARN] [net.minecraftforge.common.ForgeConfigSpec/CORE]: Incorrect key Recipes.Smelter.Energy Multiplier was corrected from null to its default, 1.0. 
[02May2025 22:24:37.684] [Server thread/DEBUG] [net.minecraftforge.common.ForgeConfigSpec/CORE]: The comment on key Recipes.Smelter.Energy Multiplier does not match the spec. This may create a backup.
[02May2025 22:24:37.684] [Server thread/WARN] [net.minecraftforge.common.ForgeConfigSpec/CORE]: Incorrect key Recipes.Insolator was corrected from null to its default, SimpleCommentedConfig:{}. 
[02May2025 22:24:37.684] [Server thread/WARN] [net.minecraftforge.common.ForgeConfigSpec/CORE]: Incorrect key Recipes.Insolator.Energy Multiplier was corrected from null to its default, 1.0. 
[02May2025 22:24:37.686] [Server thread/DEBUG] [net.minecraftforge.common.ForgeConfigSpec/CORE]: The comment on key Recipes.Insolator.Energy Multiplier does not match the spec. This may create a backup.
[02May2025 22:24:37.686] [Server thread/WARN] [net.minecraftforge.common.ForgeConfigSpec/CORE]: Incorrect key Recipes.Centrifuge was corrected from null to its default, SimpleCommentedConfig:{}. 
[02May2025 22:24:37.686] [Server thread/WARN] [net.minecraftforge.common.ForgeConfigSpec/CORE]: Incorrect key Recipes.Centrifuge.Energy Multiplier was corrected from null to its default, 1.0. 
[02May2025 22:24:37.686] [Server thread/DEBUG] [net.minecraftforge.common.ForgeConfigSpec/CORE]: The comment on key Recipes.Centrifuge.Energy Multiplier does not match the spec. This may create a backup.
[02May2025 22:24:37.686] [Server thread/WARN] [net.minecraftforge.common.ForgeConfigSpec/CORE]: Incorrect key Recipes.Press was corrected from null to its default, SimpleCommentedConfig:{}. 
[02May2025 22:24:37.688] [Server thread/WARN] [net.minecraftforge.common.ForgeConfigSpec/CORE]: Incorrect key Recipes.Press.Energy Multiplier was corrected from null to its default, 1.0. 
[02May2025 22:24:37.688] [Server thread/DEBUG] [net.minecraftforge.common.ForgeConfigSpec/CORE]: The comment on key Recipes.Press.Energy Multiplier does not match the spec. This may create a backup.
[02May2025 22:24:37.688] [Server thread/WARN] [net.minecraftforge.common.ForgeConfigSpec/CORE]: Incorrect key Recipes.Crucible was corrected from null to its default, SimpleCommentedConfig:{}. 
[02May2025 22:24:37.689] [Server thread/WARN] [net.minecraftforge.common.ForgeConfigSpec/CORE]: Incorrect key Recipes.Crucible.Energy Multiplier was corrected from null to its default, 1.0. 
[02May2025 22:24:37.689] [Server thread/DEBUG] [net.minecraftforge.common.ForgeConfigSpec/CORE]: The comment on key Recipes.Crucible.Energy Multiplier does not match the spec. This may create a backup.
[02May2025 22:24:37.689] [Server thread/WARN] [net.minecraftforge.common.ForgeConfigSpec/CORE]: Incorrect key Recipes.Chiller was corrected from null to its default, SimpleCommentedConfig:{}. 
[02May2025 22:24:37.690] [Server thread/WARN] [net.minecraftforge.common.ForgeConfigSpec/CORE]: Incorrect key Recipes.Chiller.Energy Multiplier was corrected from null to its default, 1.0. 
[02May2025 22:24:37.692] [Server thread/DEBUG] [net.minecraftforge.common.ForgeConfigSpec/CORE]: The comment on key Recipes.Chiller.Energy Multiplier does not match the spec. This may create a backup.
[02May2025 22:24:37.692] [Server thread/WARN] [net.minecraftforge.common.ForgeConfigSpec/CORE]: Incorrect key Recipes.Refinery was corrected from null to its default, SimpleCommentedConfig:{}. 
[02May2025 22:24:37.692] [Server thread/WARN] [net.minecraftforge.common.ForgeConfigSpec/CORE]: Incorrect key Recipes.Refinery.Energy Multiplier was corrected from null to its default, 1.0. 
[02May2025 22:24:37.692] [Server thread/DEBUG] [net.minecraftforge.common.ForgeConfigSpec/CORE]: The comment on key Recipes.Refinery.Energy Multiplier does not match the spec. This may create a backup.
[02May2025 22:24:37.692] [Server thread/WARN] [net.minecraftforge.common.ForgeConfigSpec/CORE]: Incorrect key Recipes.Pyrolyzer was corrected from null to its default, SimpleCommentedConfig:{}. 
[02May2025 22:24:37.693] [Server thread/WARN] [net.minecraftforge.common.ForgeConfigSpec/CORE]: Incorrect key Recipes.Pyrolyzer.Energy Multiplier was corrected from null to its default, 1.0. 
[02May2025 22:24:37.693] [Server thread/DEBUG] [net.minecraftforge.common.ForgeConfigSpec/CORE]: The comment on key Recipes.Pyrolyzer.Energy Multiplier does not match the spec. This may create a backup.
[02May2025 22:24:37.693] [Server thread/WARN] [net.minecraftforge.common.ForgeConfigSpec/CORE]: Incorrect key Recipes.Bottler was corrected from null to its default, SimpleCommentedConfig:{}. 
[02May2025 22:24:37.694] [Server thread/WARN] [net.minecraftforge.common.ForgeConfigSpec/CORE]: Incorrect key Recipes.Bottler.Default Bucket Recipes was corrected from null to its default, true. 
[02May2025 22:24:37.694] [Server thread/DEBUG] [net.minecraftforge.common.ForgeConfigSpec/CORE]: The comment on key Recipes.Bottler.Default Bucket Recipes does not match the spec. This may create a backup.
[02May2025 22:24:37.694] [Server thread/WARN] [net.minecraftforge.common.ForgeConfigSpec/CORE]: Incorrect key Recipes.Bottler.Default Florb Recipes was corrected from null to its default, true. 
[02May2025 22:24:37.694] [Server thread/DEBUG] [net.minecraftforge.common.ForgeConfigSpec/CORE]: The comment on key Recipes.Bottler.Default Florb Recipes does not match the spec. This may create a backup.
[02May2025 22:24:37.694] [Server thread/WARN] [net.minecraftforge.common.ForgeConfigSpec/CORE]: Incorrect key Recipes.Bottler.Default Potion Recipes was corrected from null to its default, true. 
[02May2025 22:24:37.695] [Server thread/DEBUG] [net.minecraftforge.common.ForgeConfigSpec/CORE]: The comment on key Recipes.Bottler.Default Potion Recipes does not match the spec. This may create a backup.
[02May2025 22:24:37.695] [Server thread/WARN] [net.minecraftforge.common.ForgeConfigSpec/CORE]: Incorrect key Recipes.Bottler.Energy Multiplier was corrected from null to its default, 1.0. 
[02May2025 22:24:37.695] [Server thread/DEBUG] [net.minecraftforge.common.ForgeConfigSpec/CORE]: The comment on key Recipes.Bottler.Energy Multiplier does not match the spec. This may create a backup.
[02May2025 22:24:37.695] [Server thread/WARN] [net.minecraftforge.common.ForgeConfigSpec/CORE]: Incorrect key Recipes.Brewer was corrected from null to its default, SimpleCommentedConfig:{}. 
[02May2025 22:24:37.696] [Server thread/WARN] [net.minecraftforge.common.ForgeConfigSpec/CORE]: Incorrect key Recipes.Brewer.Default Potion Recipes was corrected from null to its default, true. 
[02May2025 22:24:37.697] [Server thread/DEBUG] [net.minecraftforge.common.ForgeConfigSpec/CORE]: The comment on key Recipes.Brewer.Default Potion Recipes does not match the spec. This may create a backup.
[02May2025 22:24:37.697] [Server thread/WARN] [net.minecraftforge.common.ForgeConfigSpec/CORE]: Incorrect key Recipes.Brewer.Energy Multiplier was corrected from null to its default, 1.0. 
[02May2025 22:24:37.698] [Server thread/DEBUG] [net.minecraftforge.common.ForgeConfigSpec/CORE]: The comment on key Recipes.Brewer.Energy Multiplier does not match the spec. This may create a backup.
[02May2025 22:24:37.698] [Server thread/WARN] [net.minecraftforge.common.ForgeConfigSpec/CORE]: Incorrect key Recipes.Crafter was corrected from null to its default, SimpleCommentedConfig:{}. 
[02May2025 22:24:37.698] [Server thread/WARN] [net.minecraftforge.common.ForgeConfigSpec/CORE]: Incorrect key Recipes.Crafter.Energy Multiplier was corrected from null to its default, 1.0. 
[02May2025 22:24:37.699] [Server thread/DEBUG] [net.minecraftforge.common.ForgeConfigSpec/CORE]: The comment on key Recipes.Crafter.Energy Multiplier does not match the spec. This may create a backup.
[02May2025 22:24:37.704] [Server thread/WARN] [net.minecraftforge.common.ForgeConfigSpec/CORE]: Incorrect key Dynamos was corrected from null to its default, SimpleCommentedConfig:{}. 
[02May2025 22:24:37.705] [Server thread/WARN] [net.minecraftforge.common.ForgeConfigSpec/CORE]: Incorrect key Dynamos.Stirling was corrected from null to its default, SimpleCommentedConfig:{}. 
[02May2025 22:24:37.705] [Server thread/WARN] [net.minecraftforge.common.ForgeConfigSpec/CORE]: Incorrect key Dynamos.Stirling.Base Power was corrected from null to its default, 40. 
[02May2025 22:24:37.706] [Server thread/DEBUG] [net.minecraftforge.common.ForgeConfigSpec/CORE]: The comment on key Dynamos.Stirling.Base Power does not match the spec. This may create a backup.
[02May2025 22:24:37.706] [Server thread/WARN] [net.minecraftforge.common.ForgeConfigSpec/CORE]: Incorrect key Dynamos.Compression was corrected from null to its default, SimpleCommentedConfig:{}. 
[02May2025 22:24:37.707] [Server thread/WARN] [net.minecraftforge.common.ForgeConfigSpec/CORE]: Incorrect key Dynamos.Compression.Base Power was corrected from null to its default, 40. 
[02May2025 22:24:37.708] [Server thread/DEBUG] [net.minecraftforge.common.ForgeConfigSpec/CORE]: The comment on key Dynamos.Compression.Base Power does not match the spec. This may create a backup.
[02May2025 22:24:37.708] [Server thread/WARN] [net.minecraftforge.common.ForgeConfigSpec/CORE]: Incorrect key Dynamos.Magmatic was corrected from null to its default, SimpleCommentedConfig:{}. 
[02May2025 22:24:37.709] [Server thread/WARN] [net.minecraftforge.common.ForgeConfigSpec/CORE]: Incorrect key Dynamos.Magmatic.Base Power was corrected from null to its default, 40. 
[02May2025 22:24:37.711] [Server thread/DEBUG] [net.minecraftforge.common.ForgeConfigSpec/CORE]: The comment on key Dynamos.Magmatic.Base Power does not match the spec. This may create a backup.
[02May2025 22:24:37.712] [Server thread/WARN] [net.minecraftforge.common.ForgeConfigSpec/CORE]: Incorrect key Dynamos.Numismatic was corrected from null to its default, SimpleCommentedConfig:{}. 
[02May2025 22:24:37.714] [Server thread/WARN] [net.minecraftforge.common.ForgeConfigSpec/CORE]: Incorrect key Dynamos.Numismatic.Base Power was corrected from null to its default, 40. 
[02May2025 22:24:37.714] [Server thread/DEBUG] [net.minecraftforge.common.ForgeConfigSpec/CORE]: The comment on key Dynamos.Numismatic.Base Power does not match the spec. This may create a backup.
[02May2025 22:24:37.714] [Server thread/WARN] [net.minecraftforge.common.ForgeConfigSpec/CORE]: Incorrect key Dynamos.Lapidary was corrected from null to its default, SimpleCommentedConfig:{}. 
[02May2025 22:24:37.715] [Server thread/WARN] [net.minecraftforge.common.ForgeConfigSpec/CORE]: Incorrect key Dynamos.Lapidary.Base Power was corrected from null to its default, 40. 
[02May2025 22:24:37.718] [Server thread/DEBUG] [net.minecraftforge.common.ForgeConfigSpec/CORE]: The comment on key Dynamos.Lapidary.Base Power does not match the spec. This may create a backup.
[02May2025 22:24:37.718] [Server thread/WARN] [net.minecraftforge.common.ForgeConfigSpec/CORE]: Incorrect key Dynamos.Disenchantment was corrected from null to its default, SimpleCommentedConfig:{}. 
[02May2025 22:24:37.718] [Server thread/WARN] [net.minecraftforge.common.ForgeConfigSpec/CORE]: Incorrect key Dynamos.Disenchantment.Base Power was corrected from null to its default, 40. 
[02May2025 22:24:37.719] [Server thread/DEBUG] [net.minecraftforge.common.ForgeConfigSpec/CORE]: The comment on key Dynamos.Disenchantment.Base Power does not match the spec. This may create a backup.
[02May2025 22:24:37.719] [Server thread/WARN] [net.minecraftforge.common.ForgeConfigSpec/CORE]: Incorrect key Dynamos.Gourmand was corrected from null to its default, SimpleCommentedConfig:{}. 
[02May2025 22:24:37.719] [Server thread/WARN] [net.minecraftforge.common.ForgeConfigSpec/CORE]: Incorrect key Dynamos.Gourmand.Base Power was corrected from null to its default, 40. 
[02May2025 22:24:37.719] [Server thread/DEBUG] [net.minecraftforge.common.ForgeConfigSpec/CORE]: The comment on key Dynamos.Gourmand.Base Power does not match the spec. This may create a backup.
[02May2025 22:24:37.723] [Server thread/WARN] [net.minecraftforge.common.ForgeConfigSpec/CORE]: Incorrect key Machines was corrected from null to its default, SimpleCommentedConfig:{}. 
[02May2025 22:24:37.724] [Server thread/WARN] [net.minecraftforge.common.ForgeConfigSpec/CORE]: Incorrect key Machines.Furnace was corrected from null to its default, SimpleCommentedConfig:{}. 
[02May2025 22:24:37.726] [Server thread/WARN] [net.minecraftforge.common.ForgeConfigSpec/CORE]: Incorrect key Machines.Furnace.Base Power was corrected from null to its default, 20. 
[02May2025 22:24:37.727] [Server thread/DEBUG] [net.minecraftforge.common.ForgeConfigSpec/CORE]: The comment on key Machines.Furnace.Base Power does not match the spec. This may create a backup.
[02May2025 22:24:37.727] [Server thread/WARN] [net.minecraftforge.common.ForgeConfigSpec/CORE]: Incorrect key Machines.Sawmill was corrected from null to its default, SimpleCommentedConfig:{}. 
[02May2025 22:24:37.729] [Server thread/WARN] [net.minecraftforge.common.ForgeConfigSpec/CORE]: Incorrect key Machines.Sawmill.Base Power was corrected from null to its default, 20. 
[02May2025 22:24:37.732] [Server thread/DEBUG] [net.minecraftforge.common.ForgeConfigSpec/CORE]: The comment on key Machines.Sawmill.Base Power does not match the spec. This may create a backup.
[02May2025 22:24:37.732] [Server thread/WARN] [net.minecraftforge.common.ForgeConfigSpec/CORE]: Incorrect key Machines.Pulverizer was corrected from null to its default, SimpleCommentedConfig:{}. 
[02May2025 22:24:37.732] [Server thread/WARN] [net.minecraftforge.common.ForgeConfigSpec/CORE]: Incorrect key Machines.Pulverizer.Base Power was corrected from null to its default, 20. 
[02May2025 22:24:37.732] [Server thread/DEBUG] [net.minecraftforge.common.ForgeConfigSpec/CORE]: The comment on key Machines.Pulverizer.Base Power does not match the spec. This may create a backup.
[02May2025 22:24:37.732] [Server thread/WARN] [net.minecraftforge.common.ForgeConfigSpec/CORE]: Incorrect key Machines.Smelter was corrected from null to its default, SimpleCommentedConfig:{}. 
[02May2025 22:24:37.732] [Server thread/WARN] [net.minecraftforge.common.ForgeConfigSpec/CORE]: Incorrect key Machines.Smelter.Base Power was corrected from null to its default, 20. 
[02May2025 22:24:37.732] [Server thread/DEBUG] [net.minecraftforge.common.ForgeConfigSpec/CORE]: The comment on key Machines.Smelter.Base Power does not match the spec. This may create a backup.
[02May2025 22:24:37.732] [Server thread/WARN] [net.minecraftforge.common.ForgeConfigSpec/CORE]: Incorrect key Machines.Insolator was corrected from null to its default, SimpleCommentedConfig:{}. 
[02May2025 22:24:37.732] [Server thread/WARN] [net.minecraftforge.common.ForgeConfigSpec/CORE]: Incorrect key Machines.Insolator.Base Power was corrected from null to its default, 20. 
[02May2025 22:24:37.732] [Server thread/DEBUG] [net.minecraftforge.common.ForgeConfigSpec/CORE]: The comment on key Machines.Insolator.Base Power does not match the spec. This may create a backup.
[02May2025 22:24:37.733] [Server thread/WARN] [net.minecraftforge.common.ForgeConfigSpec/CORE]: Incorrect key Machines.Centrifuge was corrected from null to its default, SimpleCommentedConfig:{}. 
[02May2025 22:24:37.734] [Server thread/WARN] [net.minecraftforge.common.ForgeConfigSpec/CORE]: Incorrect key Machines.Centrifuge.Base Power was corrected from null to its default, 20. 
[02May2025 22:24:37.734] [Server thread/DEBUG] [net.minecraftforge.common.ForgeConfigSpec/CORE]: The comment on key Machines.Centrifuge.Base Power does not match the spec. This may create a backup.
[02May2025 22:24:37.734] [Server thread/WARN] [net.minecraftforge.common.ForgeConfigSpec/CORE]: Incorrect key Machines.Press was corrected from null to its default, SimpleCommentedConfig:{}. 
[02May2025 22:24:37.735] [Server thread/WARN] [net.minecraftforge.common.ForgeConfigSpec/CORE]: Incorrect key Machines.Press.Base Power was corrected from null to its default, 20. 
[02May2025 22:24:37.736] [Server thread/DEBUG] [net.minecraftforge.common.ForgeConfigSpec/CORE]: The comment on key Machines.Press.Base Power does not match the spec. This may create a backup.
[02May2025 22:24:37.736] [Server thread/WARN] [net.minecraftforge.common.ForgeConfigSpec/CORE]: Incorrect key Machines.Crucible was corrected from null to its default, SimpleCommentedConfig:{}. 
[02May2025 22:24:37.737] [Server thread/WARN] [net.minecraftforge.common.ForgeConfigSpec/CORE]: Incorrect key Machines.Crucible.Base Power was corrected from null to its default, 80. 
[02May2025 22:24:37.738] [Server thread/DEBUG] [net.minecraftforge.common.ForgeConfigSpec/CORE]: The comment on key Machines.Crucible.Base Power does not match the spec. This may create a backup.
[02May2025 22:24:37.738] [Server thread/WARN] [net.minecraftforge.common.ForgeConfigSpec/CORE]: Incorrect key Machines.Chiller was corrected from null to its default, SimpleCommentedConfig:{}. 
[02May2025 22:24:37.738] [Server thread/WARN] [net.minecraftforge.common.ForgeConfigSpec/CORE]: Incorrect key Machines.Chiller.Base Power was corrected from null to its default, 20. 
[02May2025 22:24:37.738] [Server thread/DEBUG] [net.minecraftforge.common.ForgeConfigSpec/CORE]: The comment on key Machines.Chiller.Base Power does not match the spec. This may create a backup.
[02May2025 22:24:37.738] [Server thread/WARN] [net.minecraftforge.common.ForgeConfigSpec/CORE]: Incorrect key Machines.Refinery was corrected from null to its default, SimpleCommentedConfig:{}. 
[02May2025 22:24:37.738] [Server thread/WARN] [net.minecraftforge.common.ForgeConfigSpec/CORE]: Incorrect key Machines.Refinery.Base Power was corrected from null to its default, 20. 
[02May2025 22:24:37.738] [Server thread/DEBUG] [net.minecraftforge.common.ForgeConfigSpec/CORE]: The comment on key Machines.Refinery.Base Power does not match the spec. This may create a backup.
[02May2025 22:24:37.738] [Server thread/WARN] [net.minecraftforge.common.ForgeConfigSpec/CORE]: Incorrect key Machines.Pyrolyzer was corrected from null to its default, SimpleCommentedConfig:{}. 
[02May2025 22:24:37.741] [Server thread/WARN] [net.minecraftforge.common.ForgeConfigSpec/CORE]: Incorrect key Machines.Pyrolyzer.Base Power was corrected from null to its default, 5. 
[02May2025 22:24:37.741] [Server thread/DEBUG] [net.minecraftforge.common.ForgeConfigSpec/CORE]: The comment on key Machines.Pyrolyzer.Base Power does not match the spec. This may create a backup.
[02May2025 22:24:37.741] [Server thread/WARN] [net.minecraftforge.common.ForgeConfigSpec/CORE]: Incorrect key Machines.Bottler was corrected from null to its default, SimpleCommentedConfig:{}. 
[02May2025 22:24:37.741] [Server thread/WARN] [net.minecraftforge.common.ForgeConfigSpec/CORE]: Incorrect key Machines.Bottler.Base Power was corrected from null to its default, 20. 
[02May2025 22:24:37.741] [Server thread/DEBUG] [net.minecraftforge.common.ForgeConfigSpec/CORE]: The comment on key Machines.Bottler.Base Power does not match the spec. This may create a backup.
[02May2025 22:24:37.741] [Server thread/WARN] [net.minecraftforge.common.ForgeConfigSpec/CORE]: Incorrect key Machines.Brewer was corrected from null to its default, SimpleCommentedConfig:{}. 
[02May2025 22:24:37.742] [Server thread/WARN] [net.minecraftforge.common.ForgeConfigSpec/CORE]: Incorrect key Machines.Brewer.Base Power was corrected from null to its default, 5. 
[02May2025 22:24:37.742] [Server thread/DEBUG] [net.minecraftforge.common.ForgeConfigSpec/CORE]: The comment on key Machines.Brewer.Base Power does not match the spec. This may create a backup.
[02May2025 22:24:37.743] [Server thread/WARN] [net.minecraftforge.common.ForgeConfigSpec/CORE]: Incorrect key Machines.Crafter was corrected from null to its default, SimpleCommentedConfig:{}. 
[02May2025 22:24:37.743] [Server thread/WARN] [net.minecraftforge.common.ForgeConfigSpec/CORE]: Incorrect key Machines.Crafter.Base Power was corrected from null to its default, 20. 
[02May2025 22:24:37.743] [Server thread/DEBUG] [net.minecraftforge.common.ForgeConfigSpec/CORE]: The comment on key Machines.Crafter.Base Power does not match the spec. This may create a backup.
[02May2025 22:24:37.746] [Server thread/WARN] [net.minecraftforge.common.ForgeConfigSpec/CORE]: Incorrect key Crops was corrected from null to its default, SimpleCommentedConfig:{}. 
[02May2025 22:24:37.747] [Server thread/WARN] [net.minecraftforge.common.ForgeConfigSpec/CORE]: Incorrect key Crops.Drop Seeds From Grass was corrected from null to its default, true. 
[02May2025 22:24:37.748] [Server thread/DEBUG] [net.minecraftforge.common.ForgeConfigSpec/CORE]: The comment on key Crops.Drop Seeds From Grass does not match the spec. This may create a backup.
[02May2025 22:24:37.748] [Server thread/WARN] [net.minecraftforge.common.ForgeConfigSpec/CORE]: Incorrect key Crops.Glowstone Mushroom Light was corrected from null to its default, true. 
[02May2025 22:24:37.748] [Server thread/DEBUG] [net.minecraftforge.common.ForgeConfigSpec/CORE]: The comment on key Crops.Glowstone Mushroom Light does not match the spec. This may create a backup.
[02May2025 22:24:37.748] [Server thread/WARN] [net.minecraftforge.common.ForgeConfigSpec/CORE]: Incorrect key Crops.Redstone Mushroom Light was corrected from null to its default, true. 
[02May2025 22:24:37.749] [Server thread/DEBUG] [net.minecraftforge.common.ForgeConfigSpec/CORE]: The comment on key Crops.Redstone Mushroom Light does not match the spec. This may create a backup.
[02May2025 22:24:37.749] [Server thread/WARN] [net.minecraftforge.common.ForgeConfigSpec/CORE]: Incorrect key Crops.Redstone Mushroom Signal was corrected from null to its default, true. 
[02May2025 22:24:37.749] [Server thread/DEBUG] [net.minecraftforge.common.ForgeConfigSpec/CORE]: The comment on key Crops.Redstone Mushroom Signal does not match the spec. This may create a backup.
[02May2025 22:24:37.750] [Thread-2/DEBUG] [net.minecraftforge.fml.config.ConfigFileTypeHandler/CONFIG]: Config file thermal-server.toml changed, sending notifies
[02May2025 22:24:37.755] [Thread-2/DEBUG] [net.minecraftforge.fml.config.ConfigFileTypeHandler/CONFIG]: Config file thermal-server.toml changed, sending notifies
[02May2025 22:24:37.755] [Thread-2/DEBUG] [net.minecraftforge.fml.config.ConfigFileTypeHandler/CONFIG]: Config file thermal-server.toml changed, sending notifies
[02May2025 22:24:38.927] [Server thread/INFO] [terrablender/]: Initialized TerraBlender biomes for level stem minecraft:overworld
[02May2025 22:24:38.928] [Server thread/INFO] [terrablender/]: Initialized TerraBlender biomes for level stem minecraft:the_nether
[02May2025 22:24:38.928] [Server thread/INFO] [net.minecraft.server.dedicated.DedicatedServer/]: Preparing level "world"
[02May2025 22:24:38.934] [Server thread/DEBUG] [net.minecraftforge.coremod.transformer.CoreModBaseTransformer/COREMOD]: Transforming net/minecraft/world/level/levelgen/PhantomSpawner
[02May2025 22:24:38.950] [Server thread/DEBUG] [net.minecraftforge.coremod.transformer.CoreModBaseTransformer/COREMOD]: Transforming net/minecraft/world/level/levelgen/PatrolSpawner
[02May2025 22:24:38.978] [Server thread/DEBUG] [net.minecraftforge.coremod.transformer.CoreModBaseTransformer/COREMOD]: Transforming net/minecraft/world/entity/npc/CatSpawner
[02May2025 22:24:38.996] [Server thread/DEBUG] [net.minecraftforge.coremod.transformer.CoreModBaseTransformer/COREMOD]: Transforming net/minecraft/world/entity/ai/village/VillageSiege
[02May2025 22:24:39.017] [Server thread/DEBUG] [mixin/]: Mixing CollectingNeighborUpdaterMixin from botania_xplat.mixins.json into net.minecraft.world.level.redstone.CollectingNeighborUpdater
[02May2025 22:24:39.064] [Server thread/DEBUG] [mixin/]: Mixing chunkloading.ChunkMapMixin from ae2.mixins.json into net.minecraft.server.level.ChunkMap
[02May2025 22:24:39.065] [Server thread/DEBUG] [mixin/]: ae2.mixins.json:chunkloading.ChunkMapMixin: Class version 61 required is higher than the class version supported by the current version of Mixin (JAVA_11 supports class version 55)
[02May2025 22:24:54.368] [Worker-Main-1/DEBUG] [net.minecraftforge.coremod.transformer.CoreModBaseTransformer/COREMOD]: Transforming net/minecraft/world/level/levelgen/structure/templatesystem/StructureTemplate
[02May2025 22:24:54.498] [Worker-Main-1/DEBUG] [mixin/]: Mixing StructureTemplateMixin from ae2.mixins.json into net.minecraft.world.level.levelgen.structure.templatesystem.StructureTemplate
[02May2025 22:24:54.498] [Worker-Main-1/DEBUG] [mixin/]: ae2.mixins.json:StructureTemplateMixin: Class version 61 required is higher than the class version supported by the current version of Mixin (JAVA_11 supports class version 55)
[02May2025 22:25:05.605] [Worker-Main-7/DEBUG] [net.minecraftforge.coremod.transformer.CoreModBaseTransformer/COREMOD]: Transforming net/minecraft/world/level/NaturalSpawner
[02May2025 22:25:05.647] [Worker-Main-7/DEBUG] [mixin/]: Mixing NaturalSpawnerMixin from botania_xplat.mixins.json into net.minecraft.world.level.NaturalSpawner
[02May2025 22:25:05.785] [Server thread/INFO] [net.minecraft.server.MinecraftServer/]: Preparing start region for dimension minecraft:overworld
[02May2025 22:25:07.563] [Worker-Main-7/INFO] [net.minecraft.server.level.progress.LoggerChunkProgressListener/]: Preparing spawn area: 0%
[02May2025 22:25:07.580] [Worker-Main-7/INFO] [net.minecraft.server.level.progress.LoggerChunkProgressListener/]: Preparing spawn area: 0%
[02May2025 22:25:07.583] [Worker-Main-7/INFO] [net.minecraft.server.level.progress.LoggerChunkProgressListener/]: Preparing spawn area: 0%
[02May2025 22:25:07.601] [Worker-Main-7/INFO] [net.minecraft.server.level.progress.LoggerChunkProgressListener/]: Preparing spawn area: 0%
[02May2025 22:25:08.236] [Worker-Main-7/INFO] [net.minecraft.server.level.progress.LoggerChunkProgressListener/]: Preparing spawn area: 0%
[02May2025 22:25:08.300] [Worker-Main-7/INFO] [net.minecraft.server.level.progress.LoggerChunkProgressListener/]: Preparing spawn area: 0%
[02May2025 22:25:08.810] [Worker-Main-7/INFO] [net.minecraft.server.level.progress.LoggerChunkProgressListener/]: Preparing spawn area: 0%
[02May2025 22:25:09.393] [Worker-Main-7/INFO] [net.minecraft.server.level.progress.LoggerChunkProgressListener/]: Preparing spawn area: 0%
[02May2025 22:25:09.798] [Worker-Main-7/INFO] [net.minecraft.server.level.progress.LoggerChunkProgressListener/]: Preparing spawn area: 0%
[02May2025 22:25:10.332] [Worker-Main-7/INFO] [net.minecraft.server.level.progress.LoggerChunkProgressListener/]: Preparing spawn area: 0%
[02May2025 22:25:10.909] [Worker-Main-7/INFO] [net.minecraft.server.level.progress.LoggerChunkProgressListener/]: Preparing spawn area: 0%
[02May2025 22:25:11.381] [Worker-Main-7/INFO] [net.minecraft.server.level.progress.LoggerChunkProgressListener/]: Preparing spawn area: 0%
[02May2025 22:25:11.807] [Worker-Main-7/INFO] [net.minecraft.server.level.progress.LoggerChunkProgressListener/]: Preparing spawn area: 0%
[02May2025 22:25:12.294] [Worker-Main-7/INFO] [net.minecraft.server.level.progress.LoggerChunkProgressListener/]: Preparing spawn area: 0%
[02May2025 22:25:12.794] [Worker-Main-7/INFO] [net.minecraft.server.level.progress.LoggerChunkProgressListener/]: Preparing spawn area: 0%
[02May2025 22:25:13.305] [Worker-Main-7/INFO] [net.minecraft.server.level.progress.LoggerChunkProgressListener/]: Preparing spawn area: 0%
[02May2025 22:25:13.800] [Worker-Main-7/INFO] [net.minecraft.server.level.progress.LoggerChunkProgressListener/]: Preparing spawn area: 0%
[02May2025 22:25:14.331] [Worker-Main-7/INFO] [net.minecraft.server.level.progress.LoggerChunkProgressListener/]: Preparing spawn area: 0%
[02May2025 22:25:14.803] [Worker-Main-7/INFO] [net.minecraft.server.level.progress.LoggerChunkProgressListener/]: Preparing spawn area: 0%
[02May2025 22:25:15.321] [Worker-Main-7/INFO] [net.minecraft.server.level.progress.LoggerChunkProgressListener/]: Preparing spawn area: 0%
[02May2025 22:25:15.849] [Worker-Main-7/INFO] [net.minecraft.server.level.progress.LoggerChunkProgressListener/]: Preparing spawn area: 0%
[02May2025 22:25:16.290] [Worker-Main-7/INFO] [net.minecraft.server.level.progress.LoggerChunkProgressListener/]: Preparing spawn area: 0%
[02May2025 22:25:16.826] [Worker-Main-7/INFO] [net.minecraft.server.level.progress.LoggerChunkProgressListener/]: Preparing spawn area: 0%
[02May2025 22:25:17.308] [Worker-Main-7/INFO] [net.minecraft.server.level.progress.LoggerChunkProgressListener/]: Preparing spawn area: 0%
[02May2025 22:25:17.813] [Worker-Main-7/INFO] [net.minecraft.server.level.progress.LoggerChunkProgressListener/]: Preparing spawn area: 0%
[02May2025 22:25:18.359] [Worker-Main-7/INFO] [net.minecraft.server.level.progress.LoggerChunkProgressListener/]: Preparing spawn area: 0%
[02May2025 22:25:18.792] [Worker-Main-7/INFO] [net.minecraft.server.level.progress.LoggerChunkProgressListener/]: Preparing spawn area: 0%
[02May2025 22:25:19.290] [Worker-Main-7/INFO] [net.minecraft.server.level.progress.LoggerChunkProgressListener/]: Preparing spawn area: 0%
[02May2025 22:25:19.793] [Worker-Main-7/INFO] [net.minecraft.server.level.progress.LoggerChunkProgressListener/]: Preparing spawn area: 0%
[02May2025 22:25:20.342] [Worker-Main-7/INFO] [net.minecraft.server.level.progress.LoggerChunkProgressListener/]: Preparing spawn area: 0%
[02May2025 22:25:20.798] [Worker-Main-7/INFO] [net.minecraft.server.level.progress.LoggerChunkProgressListener/]: Preparing spawn area: 0%
[02May2025 22:25:21.298] [Worker-Main-7/INFO] [net.minecraft.server.level.progress.LoggerChunkProgressListener/]: Preparing spawn area: 0%
[02May2025 22:25:21.791] [Worker-Main-7/INFO] [net.minecraft.server.level.progress.LoggerChunkProgressListener/]: Preparing spawn area: 0%
[02May2025 22:25:22.311] [Worker-Main-7/INFO] [net.minecraft.server.level.progress.LoggerChunkProgressListener/]: Preparing spawn area: 0%
[02May2025 22:25:22.807] [Worker-Main-7/INFO] [net.minecraft.server.level.progress.LoggerChunkProgressListener/]: Preparing spawn area: 0%
[02May2025 22:25:23.334] [Worker-Main-7/INFO] [net.minecraft.server.level.progress.LoggerChunkProgressListener/]: Preparing spawn area: 0%
[02May2025 22:25:23.792] [Worker-Main-7/INFO] [net.minecraft.server.level.progress.LoggerChunkProgressListener/]: Preparing spawn area: 0%
[02May2025 22:25:24.324] [Worker-Main-7/INFO] [net.minecraft.server.level.progress.LoggerChunkProgressListener/]: Preparing spawn area: 0%
[02May2025 22:25:24.829] [Worker-Main-7/INFO] [net.minecraft.server.level.progress.LoggerChunkProgressListener/]: Preparing spawn area: 0%
[02May2025 22:25:25.294] [Worker-Main-7/INFO] [net.minecraft.server.level.progress.LoggerChunkProgressListener/]: Preparing spawn area: 0%
[02May2025 22:25:25.826] [Worker-Main-7/INFO] [net.minecraft.server.level.progress.LoggerChunkProgressListener/]: Preparing spawn area: 0%
[02May2025 22:25:26.319] [Worker-Main-7/INFO] [net.minecraft.server.level.progress.LoggerChunkProgressListener/]: Preparing spawn area: 0%
[02May2025 22:25:26.797] [Worker-Main-7/INFO] [net.minecraft.server.level.progress.LoggerChunkProgressListener/]: Preparing spawn area: 0%
[02May2025 22:25:27.302] [Worker-Main-7/INFO] [net.minecraft.server.level.progress.LoggerChunkProgressListener/]: Preparing spawn area: 0%
[02May2025 22:25:27.814] [Worker-Main-7/INFO] [net.minecraft.server.level.progress.LoggerChunkProgressListener/]: Preparing spawn area: 0%
[02May2025 22:25:28.352] [Worker-Main-7/INFO] [net.minecraft.server.level.progress.LoggerChunkProgressListener/]: Preparing spawn area: 0%
[02May2025 22:25:28.837] [Worker-Main-7/INFO] [net.minecraft.server.level.progress.LoggerChunkProgressListener/]: Preparing spawn area: 0%
[02May2025 22:25:29.298] [Worker-Main-7/INFO] [net.minecraft.server.level.progress.LoggerChunkProgressListener/]: Preparing spawn area: 0%
[02May2025 22:25:29.791] [Worker-Main-7/INFO] [net.minecraft.server.level.progress.LoggerChunkProgressListener/]: Preparing spawn area: 0%
[02May2025 22:25:30.318] [Worker-Main-7/INFO] [net.minecraft.server.level.progress.LoggerChunkProgressListener/]: Preparing spawn area: 0%
[02May2025 22:25:30.791] [Worker-Main-7/INFO] [net.minecraft.server.level.progress.LoggerChunkProgressListener/]: Preparing spawn area: 0%
[02May2025 22:25:31.345] [Worker-Main-7/INFO] [net.minecraft.server.level.progress.LoggerChunkProgressListener/]: Preparing spawn area: 0%
[02May2025 22:25:31.800] [Worker-Main-7/INFO] [net.minecraft.server.level.progress.LoggerChunkProgressListener/]: Preparing spawn area: 0%
[02May2025 22:25:32.293] [Worker-Main-7/INFO] [net.minecraft.server.level.progress.LoggerChunkProgressListener/]: Preparing spawn area: 0%
[02May2025 22:25:32.833] [Worker-Main-7/INFO] [net.minecraft.server.level.progress.LoggerChunkProgressListener/]: Preparing spawn area: 0%
[02May2025 22:25:33.296] [Worker-Main-7/INFO] [net.minecraft.server.level.progress.LoggerChunkProgressListener/]: Preparing spawn area: 0%
[02May2025 22:25:33.854] [Worker-Main-7/INFO] [net.minecraft.server.level.progress.LoggerChunkProgressListener/]: Preparing spawn area: 0%
[02May2025 22:25:34.315] [Worker-Main-7/INFO] [net.minecraft.server.level.progress.LoggerChunkProgressListener/]: Preparing spawn area: 0%
[02May2025 22:25:34.826] [Worker-Main-7/INFO] [net.minecraft.server.level.progress.LoggerChunkProgressListener/]: Preparing spawn area: 0%
[02May2025 22:25:35.309] [Worker-Main-7/INFO] [net.minecraft.server.level.progress.LoggerChunkProgressListener/]: Preparing spawn area: 0%
[02May2025 22:25:35.800] [Worker-Main-7/INFO] [net.minecraft.server.level.progress.LoggerChunkProgressListener/]: Preparing spawn area: 0%
[02May2025 22:25:36.336] [Worker-Main-7/INFO] [net.minecraft.server.level.progress.LoggerChunkProgressListener/]: Preparing spawn area: 0%
[02May2025 22:25:36.754] [Worker-Main-7/DEBUG] [io.netty.util.internal.ThreadLocalRandom/]: -Dio.netty.initialSeedUniquifier: 0x626b51ec16ba4768
[02May2025 22:25:36.805] [Worker-Main-7/INFO] [net.minecraft.server.level.progress.LoggerChunkProgressListener/]: Preparing spawn area: 0%
[02May2025 22:25:37.315] [Worker-Main-7/INFO] [net.minecraft.server.level.progress.LoggerChunkProgressListener/]: Preparing spawn area: 0%
[02May2025 22:25:37.791] [Worker-Main-7/INFO] [net.minecraft.server.level.progress.LoggerChunkProgressListener/]: Preparing spawn area: 0%
[02May2025 22:25:38.295] [Worker-Main-7/INFO] [net.minecraft.server.level.progress.LoggerChunkProgressListener/]: Preparing spawn area: 0%
[02May2025 22:25:38.804] [Worker-Main-7/INFO] [net.minecraft.server.level.progress.LoggerChunkProgressListener/]: Preparing spawn area: 0%
[02May2025 22:25:39.302] [Worker-Main-7/INFO] [net.minecraft.server.level.progress.LoggerChunkProgressListener/]: Preparing spawn area: 0%
[02May2025 22:25:39.795] [Worker-Main-7/INFO] [net.minecraft.server.level.progress.LoggerChunkProgressListener/]: Preparing spawn area: 0%
[02May2025 22:25:40.322] [Worker-Main-7/INFO] [net.minecraft.server.level.progress.LoggerChunkProgressListener/]: Preparing spawn area: 0%
[02May2025 22:25:40.812] [Worker-Main-7/INFO] [net.minecraft.server.level.progress.LoggerChunkProgressListener/]: Preparing spawn area: 0%
[02May2025 22:25:41.327] [Worker-Main-7/INFO] [net.minecraft.server.level.progress.LoggerChunkProgressListener/]: Preparing spawn area: 0%
[02May2025 22:25:41.819] [Worker-Main-7/INFO] [net.minecraft.server.level.progress.LoggerChunkProgressListener/]: Preparing spawn area: 0%
[02May2025 22:25:42.367] [Worker-Main-7/INFO] [net.minecraft.server.level.progress.LoggerChunkProgressListener/]: Preparing spawn area: 0%
[02May2025 22:25:42.798] [Worker-Main-7/INFO] [net.minecraft.server.level.progress.LoggerChunkProgressListener/]: Preparing spawn area: 0%
[02May2025 22:25:43.294] [Worker-Main-7/INFO] [net.minecraft.server.level.progress.LoggerChunkProgressListener/]: Preparing spawn area: 0%
[02May2025 22:25:43.791] [Worker-Main-7/INFO] [net.minecraft.server.level.progress.LoggerChunkProgressListener/]: Preparing spawn area: 0%
[02May2025 22:25:44.295] [Worker-Main-7/INFO] [net.minecraft.server.level.progress.LoggerChunkProgressListener/]: Preparing spawn area: 0%
[02May2025 22:25:44.795] [Worker-Main-7/INFO] [net.minecraft.server.level.progress.LoggerChunkProgressListener/]: Preparing spawn area: 0%
[02May2025 22:25:45.302] [Worker-Main-7/INFO] [net.minecraft.server.level.progress.LoggerChunkProgressListener/]: Preparing spawn area: 0%
[02May2025 22:25:45.790] [Worker-Main-7/INFO] [net.minecraft.server.level.progress.LoggerChunkProgressListener/]: Preparing spawn area: 0%
[02May2025 22:25:46.292] [Worker-Main-7/INFO] [net.minecraft.server.level.progress.LoggerChunkProgressListener/]: Preparing spawn area: 0%
[02May2025 22:25:46.796] [Worker-Main-7/INFO] [net.minecraft.server.level.progress.LoggerChunkProgressListener/]: Preparing spawn area: 0%
[02May2025 22:25:47.292] [Worker-Main-7/INFO] [net.minecraft.server.level.progress.LoggerChunkProgressListener/]: Preparing spawn area: 0%
[02May2025 22:25:47.810] [Worker-Main-7/INFO] [net.minecraft.server.level.progress.LoggerChunkProgressListener/]: Preparing spawn area: 0%
[02May2025 22:25:48.305] [Worker-Main-7/INFO] [net.minecraft.server.level.progress.LoggerChunkProgressListener/]: Preparing spawn area: 0%
[02May2025 22:25:48.816] [Worker-Main-7/INFO] [net.minecraft.server.level.progress.LoggerChunkProgressListener/]: Preparing spawn area: 0%
[02May2025 22:25:49.332] [Worker-Main-7/INFO] [net.minecraft.server.level.progress.LoggerChunkProgressListener/]: Preparing spawn area: 0%
[02May2025 22:25:49.797] [Worker-Main-7/INFO] [net.minecraft.server.level.progress.LoggerChunkProgressListener/]: Preparing spawn area: 0%
[02May2025 22:25:50.292] [Worker-Main-7/INFO] [net.minecraft.server.level.progress.LoggerChunkProgressListener/]: Preparing spawn area: 0%
[02May2025 22:25:50.810] [Worker-Main-7/INFO] [net.minecraft.server.level.progress.LoggerChunkProgressListener/]: Preparing spawn area: 0%
[02May2025 22:25:51.320] [Worker-Main-7/INFO] [net.minecraft.server.level.progress.LoggerChunkProgressListener/]: Preparing spawn area: 0%
[02May2025 22:25:51.790] [Worker-Main-7/INFO] [net.minecraft.server.level.progress.LoggerChunkProgressListener/]: Preparing spawn area: 0%
[02May2025 22:25:52.291] [Worker-Main-7/INFO] [net.minecraft.server.level.progress.LoggerChunkProgressListener/]: Preparing spawn area: 0%
[02May2025 22:25:52.793] [Worker-Main-7/INFO] [net.minecraft.server.level.progress.LoggerChunkProgressListener/]: Preparing spawn area: 0%
[02May2025 22:25:53.315] [Worker-Main-7/INFO] [net.minecraft.server.level.progress.LoggerChunkProgressListener/]: Preparing spawn area: 0%
[02May2025 22:25:53.810] [Worker-Main-7/INFO] [net.minecraft.server.level.progress.LoggerChunkProgressListener/]: Preparing spawn area: 0%
[02May2025 22:25:54.294] [Worker-Main-7/INFO] [net.minecraft.server.level.progress.LoggerChunkProgressListener/]: Preparing spawn area: 0%
[02May2025 22:25:54.809] [Worker-Main-7/INFO] [net.minecraft.server.level.progress.LoggerChunkProgressListener/]: Preparing spawn area: 0%
[02May2025 22:25:55.318] [Worker-Main-7/INFO] [net.minecraft.server.level.progress.LoggerChunkProgressListener/]: Preparing spawn area: 0%
[02May2025 22:25:55.827] [Worker-Main-7/INFO] [net.minecraft.server.level.progress.LoggerChunkProgressListener/]: Preparing spawn area: 0%
[02May2025 22:25:56.313] [Worker-Main-7/INFO] [net.minecraft.server.level.progress.LoggerChunkProgressListener/]: Preparing spawn area: 0%
[02May2025 22:25:56.812] [Worker-Main-7/INFO] [net.minecraft.server.level.progress.LoggerChunkProgressListener/]: Preparing spawn area: 0%
[02May2025 22:25:57.342] [Worker-Main-7/INFO] [net.minecraft.server.level.progress.LoggerChunkProgressListener/]: Preparing spawn area: 0%
[02May2025 22:25:57.800] [Worker-Main-7/INFO] [net.minecraft.server.level.progress.LoggerChunkProgressListener/]: Preparing spawn area: 0%
[02May2025 22:25:58.298] [Worker-Main-7/INFO] [net.minecraft.server.level.progress.LoggerChunkProgressListener/]: Preparing spawn area: 0%
[02May2025 22:25:58.824] [Worker-Main-7/INFO] [net.minecraft.server.level.progress.LoggerChunkProgressListener/]: Preparing spawn area: 0%
[02May2025 22:25:59.316] [Worker-Main-7/INFO] [net.minecraft.server.level.progress.LoggerChunkProgressListener/]: Preparing spawn area: 0%
[02May2025 22:25:59.831] [Worker-Main-7/INFO] [net.minecraft.server.level.progress.LoggerChunkProgressListener/]: Preparing spawn area: 0%
[02May2025 22:26:00.326] [Worker-Main-7/INFO] [net.minecraft.server.level.progress.LoggerChunkProgressListener/]: Preparing spawn area: 0%
[02May2025 22:26:00.794] [Worker-Main-7/INFO] [net.minecraft.server.level.progress.LoggerChunkProgressListener/]: Preparing spawn area: 0%
[02May2025 22:26:00.858] [Netty Epoll Server IO #1/DEBUG] [mixin/]: Mixing ClientboundSetEntityMotionPacketMixin from mixins.cofhcore.json into net.minecraft.network.protocol.game.ClientboundSetEntityMotionPacket
[02May2025 22:26:00.999] [Netty Epoll Server IO #1/DEBUG] [io.netty.util.Recycler/]: -Dio.netty.recycler.maxCapacityPerThread: 4096
[02May2025 22:26:00.999] [Netty Epoll Server IO #1/DEBUG] [io.netty.util.Recycler/]: -Dio.netty.recycler.ratio: 8
[02May2025 22:26:00.999] [Netty Epoll Server IO #1/DEBUG] [io.netty.util.Recycler/]: -Dio.netty.recycler.chunkSize: 32
[02May2025 22:26:00.999] [Netty Epoll Server IO #1/DEBUG] [io.netty.util.Recycler/]: -Dio.netty.recycler.blocking: false
[02May2025 22:26:01.013] [Netty Epoll Server IO #1/DEBUG] [io.netty.buffer.AbstractByteBuf/]: -Dio.netty.buffer.checkAccessible: true
[02May2025 22:26:01.013] [Netty Epoll Server IO #1/DEBUG] [io.netty.buffer.AbstractByteBuf/]: -Dio.netty.buffer.checkBounds: true
[02May2025 22:26:01.015] [Netty Epoll Server IO #1/DEBUG] [io.netty.util.ResourceLeakDetectorFactory/]: Loaded default ResourceLeakDetector: io.netty.util.ResourceLeakDetector@2ee58881
[02May2025 22:26:01.292] [Worker-Main-7/INFO] [net.minecraft.server.level.progress.LoggerChunkProgressListener/]: Preparing spawn area: 0%
[02May2025 22:26:01.840] [Worker-Main-7/INFO] [net.minecraft.server.level.progress.LoggerChunkProgressListener/]: Preparing spawn area: 0%
[02May2025 22:26:02.308] [Worker-Main-7/INFO] [net.minecraft.server.level.progress.LoggerChunkProgressListener/]: Preparing spawn area: 0%
[02May2025 22:26:02.890] [Worker-Main-7/INFO] [net.minecraft.server.level.progress.LoggerChunkProgressListener/]: Preparing spawn area: 0%
[02May2025 22:26:03.329] [Worker-Main-7/INFO] [net.minecraft.server.level.progress.LoggerChunkProgressListener/]: Preparing spawn area: 0%
[02May2025 22:26:03.811] [Worker-Main-7/INFO] [net.minecraft.server.level.progress.LoggerChunkProgressListener/]: Preparing spawn area: 0%
[02May2025 22:26:04.330] [Worker-Main-7/INFO] [net.minecraft.server.level.progress.LoggerChunkProgressListener/]: Preparing spawn area: 0%
[02May2025 22:26:04.805] [Worker-Main-7/INFO] [net.minecraft.server.level.progress.LoggerChunkProgressListener/]: Preparing spawn area: 0%
[02May2025 22:26:05.331] [Worker-Main-7/INFO] [net.minecraft.server.level.progress.LoggerChunkProgressListener/]: Preparing spawn area: 0%
[02May2025 22:26:05.798] [Worker-Main-7/INFO] [net.minecraft.server.level.progress.LoggerChunkProgressListener/]: Preparing spawn area: 0%
[02May2025 22:26:06.317] [Worker-Main-7/INFO] [net.minecraft.server.level.progress.LoggerChunkProgressListener/]: Preparing spawn area: 0%
[02May2025 22:26:06.831] [Worker-Main-7/INFO] [net.minecraft.server.level.progress.LoggerChunkProgressListener/]: Preparing spawn area: 0%
[02May2025 22:26:07.290] [Worker-Main-7/INFO] [net.minecraft.server.level.progress.LoggerChunkProgressListener/]: Preparing spawn area: 0%
[02May2025 22:26:07.793] [Worker-Main-7/INFO] [net.minecraft.server.level.progress.LoggerChunkProgressListener/]: Preparing spawn area: 0%
[02May2025 22:26:08.296] [Worker-Main-7/INFO] [net.minecraft.server.level.progress.LoggerChunkProgressListener/]: Preparing spawn area: 0%
[02May2025 22:26:08.799] [Worker-Main-7/INFO] [net.minecraft.server.level.progress.LoggerChunkProgressListener/]: Preparing spawn area: 0%
[02May2025 22:26:09.304] [Worker-Main-7/INFO] [net.minecraft.server.level.progress.LoggerChunkProgressListener/]: Preparing spawn area: 0%
[02May2025 22:26:09.790] [Worker-Main-7/INFO] [net.minecraft.server.level.progress.LoggerChunkProgressListener/]: Preparing spawn area: 0%
[02May2025 22:26:10.295] [Worker-Main-7/INFO] [net.minecraft.server.level.progress.LoggerChunkProgressListener/]: Preparing spawn area: 0%
[02May2025 22:26:10.811] [Worker-Main-7/INFO] [net.minecraft.server.level.progress.LoggerChunkProgressListener/]: Preparing spawn area: 0%
[02May2025 22:26:11.312] [Worker-Main-7/INFO] [net.minecraft.server.level.progress.LoggerChunkProgressListener/]: Preparing spawn area: 0%
[02May2025 22:26:11.954] [Worker-Main-7/INFO] [net.minecraft.server.level.progress.LoggerChunkProgressListener/]: Preparing spawn area: 0%
[02May2025 22:26:13.017] [Worker-Main-7/INFO] [net.minecraft.server.level.progress.LoggerChunkProgressListener/]: Preparing spawn area: 2%
[02May2025 22:26:13.018] [Worker-Main-7/INFO] [net.minecraft.server.level.progress.LoggerChunkProgressListener/]: Preparing spawn area: 2%
[02May2025 22:26:13.580] [Worker-Main-7/INFO] [net.minecraft.server.level.progress.LoggerChunkProgressListener/]: Preparing spawn area: 15%
[02May2025 22:26:13.894] [Worker-Main-7/INFO] [net.minecraft.server.level.progress.LoggerChunkProgressListener/]: Preparing spawn area: 20%
[02May2025 22:26:14.292] [Worker-Main-7/INFO] [net.minecraft.server.level.progress.LoggerChunkProgressListener/]: Preparing spawn area: 31%
[02May2025 22:26:14.862] [Worker-Main-7/INFO] [net.minecraft.server.level.progress.LoggerChunkProgressListener/]: Preparing spawn area: 54%
[02May2025 22:26:15.500] [Worker-Main-7/INFO] [net.minecraft.server.level.progress.LoggerChunkProgressListener/]: Preparing spawn area: 83%
[02May2025 22:26:17.672] [Server thread/INFO] [net.minecraft.server.level.progress.LoggerChunkProgressListener/]: Time elapsed: 71883 ms
[02May2025 22:26:17.673] [Server thread/INFO] [net.minecraft.server.dedicated.DedicatedServer/]: Done (100.849s)! For help, type "help"
[02May2025 22:26:17.683] [Server thread/DEBUG] [net.minecraftforge.network.DualStackUtils/]: Detected IPv6 address: "0:0:0:0:0:0:0:0"
[02May2025 22:26:17.747] [Server thread/DEBUG] [net.minecraftforge.common.ForgeI18n/CORE]: Loading I18N data entries: 8781
[02May2025 22:26:17.759] [Server thread/INFO] [net.minecraftforge.server.permission.PermissionAPI/]: Successfully initialized permission handler forge:default_handler
[02May2025 22:26:17.760] [Server thread/INFO] [patchouli/]: Sending reload packet to clients
[02May2025 22:26:20.270] [Server thread/WARN] [net.minecraft.server.MinecraftServer/]: Can't keep up! Is the server overloaded? Running 2252ms or 45 ticks behind
[02May2025 22:26:51.674] [Server thread/INFO] [net.minecraft.server.MinecraftServer/]: Saving the game (this may take a moment!)
[02May2025 22:26:51.756] [Server thread/DEBUG] [net.minecraftforge.common.ForgeHooks/WP]: Gathering id map for writing to world save world
[02May2025 22:26:51.830] [Server thread/DEBUG] [net.minecraftforge.common.ForgeHooks/WP]: ID Map collection complete world
[02May2025 22:26:51.871] [Server thread/INFO] [net.minecraft.server.MinecraftServer/]: Saved the game
[02May2025 22:26:56.483] [Server thread/INFO] [net.minecraft.server.MinecraftServer/]: Stopping the server
[02May2025 22:26:56.522] [Server thread/INFO] [net.minecraft.server.MinecraftServer/]: Stopping server
[02May2025 22:26:56.523] [Server thread/INFO] [net.minecraft.server.MinecraftServer/]: Saving players
[02May2025 22:26:56.523] [Server thread/INFO] [net.minecraft.server.MinecraftServer/]: Saving worlds
[02May2025 22:26:58.270] [Server thread/INFO] [net.minecraft.server.MinecraftServer/]: Saving chunks for level 'ServerLevel[world]'/minecraft:overworld
[02May2025 22:27:00.586] [Server thread/INFO] [net.minecraft.server.MinecraftServer/]: Saving chunks for level 'ServerLevel[world]'/minecraft:the_nether
[02May2025 22:27:00.587] [Server thread/INFO] [net.minecraft.server.MinecraftServer/]: Saving chunks for level 'ServerLevel[world]'/minecraft:the_end
[02May2025 22:27:00.588] [Server thread/INFO] [net.minecraft.server.MinecraftServer/]: Saving chunks for level 'ServerLevel[world]'/ae2:spatial_storage
[02May2025 22:27:00.590] [Server thread/DEBUG] [net.minecraftforge.common.ForgeHooks/WP]: Gathering id map for writing to world save world
[02May2025 22:27:00.641] [Server thread/DEBUG] [net.minecraftforge.common.ForgeHooks/WP]: ID Map collection complete world
[02May2025 22:27:00.667] [Server thread/INFO] [net.minecraft.server.MinecraftServer/]: ThreadedAnvilChunkStorage (world): All chunks are saved
[02May2025 22:27:00.667] [Server thread/INFO] [net.minecraft.server.MinecraftServer/]: ThreadedAnvilChunkStorage (DIM-1): All chunks are saved
[02May2025 22:27:00.667] [Server thread/INFO] [net.minecraft.server.MinecraftServer/]: ThreadedAnvilChunkStorage (DIM1): All chunks are saved
[02May2025 22:27:00.667] [Server thread/INFO] [net.minecraft.server.MinecraftServer/]: ThreadedAnvilChunkStorage (spatial_storage): All chunks are saved
[02May2025 22:27:00.667] [Server thread/INFO] [net.minecraft.server.MinecraftServer/]: ThreadedAnvilChunkStorage: All dimensions are saved
[02May2025 22:27:00.668] [Server thread/DEBUG] [mixin/]: Mixing common.access.entity.AccessFakePlayerFactory from crafttweaker.forge.mixins.json into net.minecraftforge.common.util.FakePlayerFactory
[02May2025 22:27:00.668] [Server thread/DEBUG] [mixin/]: Renaming @Accessor method crafttweaker$getFakePlayers()Ljava/util/Map; to crafttweaker$getFakePlayers_$md$4b0f64$0 in crafttweaker.forge.mixins.json:common.access.entity.AccessFakePlayerFactory
[02May2025 22:27:00.669] [Server thread/DEBUG] [mixin/]: Renaming @Accessor method crafttweaker$getMINECRAFT()Lcom/mojang/authlib/GameProfile; to crafttweaker$getMINECRAFT_$md$4b0f64$1 in crafttweaker.forge.mixins.json:common.access.entity.AccessFakePlayerFactory
[02May2025 22:27:00.706] [Server thread/DEBUG] [net.minecraftforge.fml.config.ConfigTracker/CONFIG]: Unloading configs type SERVER
