[02May2025 22:23:51.796] [main/INFO] [cpw.mods.modlauncher.Launcher/MODLAUNCHER]: ModLauncher running: args [--launchTarget, forgeserver, --fml.forgeVersion, 47.4.0, --fml.mcVersion, 1.20.1, --fml.forgeGroup, net.minecraftforge, --fml.mcpVersion, 20230612.114412]
[02May2025 22:23:51.803] [main/INFO] [cpw.mods.modlauncher.Launcher/MODLAUNCHER]: ModLauncher 10.0.9+10.0.9+main.dcd20f30 starting: java version 17.0.14 by Ubuntu; OS Linux arch amd64 version 6.8.0-1026-azure
[02May2025 22:23:52.721] [main/INFO] [net.minecraftforge.fml.loading.ImmediateWindowHandler/]: ImmediateWindowProvider not loading because launch target is forgeserver
[02May2025 22:23:52.821] [main/INFO] [mixin/]: SpongePowered MIXIN Subsystem Version=0.8.5 Source=union:/workspaces/moddedserver/libraries/org/spongepowered/mixin/0.8.5/mixin-0.8.5.jar%2365!/ Service=ModLauncher Env=SERVER
[02May2025 22:23:53.299] [main/WARN] [net.minecraftforge.fml.loading.moddiscovery.ModFileParser/LOADING]: Mod file /workspaces/moddedserver/libraries/net/minecraftforge/fmlcore/1.20.1-47.4.0/fmlcore-1.20.1-47.4.0.jar is missing mods.toml file
[02May2025 22:23:53.301] [main/WARN] [net.minecraftforge.fml.loading.moddiscovery.ModFileParser/LOADING]: Mod file /workspaces/moddedserver/libraries/net/minecraftforge/javafmllanguage/1.20.1-47.4.0/javafmllanguage-1.20.1-47.4.0.jar is missing mods.toml file
[02May2025 22:23:53.302] [main/WARN] [net.minecraftforge.fml.loading.moddiscovery.ModFileParser/LOADING]: Mod file /workspaces/moddedserver/libraries/net/minecraftforge/lowcodelanguage/1.20.1-47.4.0/lowcodelanguage-1.20.1-47.4.0.jar is missing mods.toml file
[02May2025 22:23:53.304] [main/WARN] [net.minecraftforge.fml.loading.moddiscovery.ModFileParser/LOADING]: Mod file /workspaces/moddedserver/libraries/net/minecraftforge/mclanguage/1.20.1-47.4.0/mclanguage-1.20.1-47.4.0.jar is missing mods.toml file
[02May2025 22:23:53.653] [main/INFO] [net.minecraftforge.fml.loading.moddiscovery.JarInJarDependencyLocator/]: Found 1 dependencies adding them to mods collection
[02May2025 22:23:57.764] [main/INFO] [mixin/]: Compatibility level set to JAVA_17
[02May2025 22:23:57.872] [main/INFO] [cpw.mods.modlauncher.LaunchServiceHandler/MODLAUNCHER]: Launching target 'forgeserver' with arguments []
[02May2025 22:24:01.002] [main/ERROR] [net.minecraftforge.fml.loading.RuntimeDistCleaner/DISTXFORM]: Attempted to load class net/minecraft/client/multiplayer/MultiPlayerGameMode for invalid dist DEDICATED_SERVER
[02May2025 22:24:01.007] [main/WARN] [mixin/]: Error loading class: net/minecraft/client/multiplayer/MultiPlayerGameMode (java.lang.RuntimeException: Attempted to load class net/minecraft/client/multiplayer/MultiPlayerGameMode for invalid dist DEDICATED_SERVER)
[02May2025 22:24:01.008] [main/WARN] [mixin/]: @Mixin target net.minecraft.client.multiplayer.MultiPlayerGameMode was not found mixins.cofhcore.json:MultiPlayerGameModeMixin
[02May2025 22:24:14.394] [modloading-worker-0/INFO] [net.minecraftforge.common.ForgeMod/FORGEMOD]: Forge mod loading, version 47.4.0, for MC 1.20.1 with MCP 20230612.114412
[02May2025 22:24:14.395] [modloading-worker-0/INFO] [net.minecraftforge.common.MinecraftForge/FORGE]: MinecraftForge v47.4.0 Initialized
[02May2025 22:24:19.153] [main/WARN] [net.minecraftforge.common.ForgeConfigSpec/CORE]: Configuration file /workspaces/moddedserver/config/cofh_core-common.toml is not correct. Correcting
[02May2025 22:24:19.159] [main/WARN] [net.minecraftforge.common.ForgeConfigSpec/CORE]: Incorrect key Gameplay was corrected from null to its default, SimpleCommentedConfig:{}. 
[02May2025 22:24:19.159] [main/WARN] [net.minecraftforge.common.ForgeConfigSpec/CORE]: Incorrect key Gameplay.Return Dismantle Drops was corrected from null to its default, false. 
[02May2025 22:24:19.161] [main/WARN] [net.minecraftforge.common.ForgeConfigSpec/CORE]: Incorrect key Gameplay.Fishing was corrected from null to its default, SimpleCommentedConfig:{}. 
[02May2025 22:24:19.161] [main/WARN] [net.minecraftforge.common.ForgeConfigSpec/CORE]: Incorrect key Gameplay.Fishing.Fishing Exhaustion was corrected from null to its default, false. 
[02May2025 22:24:19.162] [main/WARN] [net.minecraftforge.common.ForgeConfigSpec/CORE]: Incorrect key Gameplay.Fishing.Fishing Exhaustion Amount was corrected from null to its default, 0.125. 
[02May2025 22:24:19.162] [main/WARN] [net.minecraftforge.common.ForgeConfigSpec/CORE]: Incorrect key Gameplay.World was corrected from null to its default, SimpleCommentedConfig:{}. 
[02May2025 22:24:19.163] [main/WARN] [net.minecraftforge.common.ForgeConfigSpec/CORE]: Incorrect key Gameplay.World.Sapling Growth Reduction was corrected from null to its default, false. 
[02May2025 22:24:19.164] [main/WARN] [net.minecraftforge.common.ForgeConfigSpec/CORE]: Incorrect key Gameplay.World.Sapling Growth Reduction Factor was corrected from null to its default, 4. 
[02May2025 22:24:19.192] [main/WARN] [net.minecraftforge.common.ForgeConfigSpec/CORE]: Configuration file /workspaces/moddedserver/config/thermal-common.toml is not correct. Correcting
[02May2025 22:24:19.192] [main/WARN] [net.minecraftforge.common.ForgeConfigSpec/CORE]: Incorrect key World was corrected from null to its default, SimpleCommentedConfig:{}. 
[02May2025 22:24:19.192] [main/WARN] [net.minecraftforge.common.ForgeConfigSpec/CORE]: Incorrect key World.Features was corrected from null to its default, SimpleCommentedConfig:{}. 
[02May2025 22:24:19.192] [main/WARN] [net.minecraftforge.common.ForgeConfigSpec/CORE]: Incorrect key World.Features.Oil Sand was corrected from null to its default, SimpleCommentedConfig:{}. 
[02May2025 22:24:19.192] [main/WARN] [net.minecraftforge.common.ForgeConfigSpec/CORE]: Incorrect key World.Features.Oil Sand.Enable was corrected from null to its default, true. 
[02May2025 22:24:19.192] [main/WARN] [net.minecraftforge.common.ForgeConfigSpec/CORE]: Incorrect key World.Features.Apatite was corrected from null to its default, SimpleCommentedConfig:{}. 
[02May2025 22:24:19.192] [main/WARN] [net.minecraftforge.common.ForgeConfigSpec/CORE]: Incorrect key World.Features.Apatite.Enable was corrected from null to its default, true. 
[02May2025 22:24:19.193] [main/WARN] [net.minecraftforge.common.ForgeConfigSpec/CORE]: Incorrect key World.Features.Silver was corrected from null to its default, SimpleCommentedConfig:{}. 
[02May2025 22:24:19.193] [main/WARN] [net.minecraftforge.common.ForgeConfigSpec/CORE]: Incorrect key World.Features.Silver.Enable was corrected from null to its default, true. 
[02May2025 22:24:19.193] [main/WARN] [net.minecraftforge.common.ForgeConfigSpec/CORE]: Incorrect key World.Features.Lead was corrected from null to its default, SimpleCommentedConfig:{}. 
[02May2025 22:24:19.193] [main/WARN] [net.minecraftforge.common.ForgeConfigSpec/CORE]: Incorrect key World.Features.Lead.Enable was corrected from null to its default, true. 
[02May2025 22:24:19.193] [main/WARN] [net.minecraftforge.common.ForgeConfigSpec/CORE]: Incorrect key World.Features.Nickel was corrected from null to its default, SimpleCommentedConfig:{}. 
[02May2025 22:24:19.193] [main/WARN] [net.minecraftforge.common.ForgeConfigSpec/CORE]: Incorrect key World.Features.Nickel.Enable was corrected from null to its default, true. 
[02May2025 22:24:19.194] [main/WARN] [net.minecraftforge.common.ForgeConfigSpec/CORE]: Incorrect key World.Features.Rubberwood Trees was corrected from null to its default, SimpleCommentedConfig:{}. 
[02May2025 22:24:19.194] [main/WARN] [net.minecraftforge.common.ForgeConfigSpec/CORE]: Incorrect key World.Features.Rubberwood Trees.Enable was corrected from null to its default, true. 
[02May2025 22:24:19.194] [main/WARN] [net.minecraftforge.common.ForgeConfigSpec/CORE]: Incorrect key World.Features.Cinnabar was corrected from null to its default, SimpleCommentedConfig:{}. 
[02May2025 22:24:19.194] [main/WARN] [net.minecraftforge.common.ForgeConfigSpec/CORE]: Incorrect key World.Features.Cinnabar.Enable was corrected from null to its default, true. 
[02May2025 22:24:19.194] [main/WARN] [net.minecraftforge.common.ForgeConfigSpec/CORE]: Incorrect key World.Features.Sulfur was corrected from null to its default, SimpleCommentedConfig:{}. 
[02May2025 22:24:19.194] [main/WARN] [net.minecraftforge.common.ForgeConfigSpec/CORE]: Incorrect key World.Features.Sulfur.Enable was corrected from null to its default, true. 
[02May2025 22:24:19.194] [main/WARN] [net.minecraftforge.common.ForgeConfigSpec/CORE]: Incorrect key World.Features.Tin was corrected from null to its default, SimpleCommentedConfig:{}. 
[02May2025 22:24:19.194] [main/WARN] [net.minecraftforge.common.ForgeConfigSpec/CORE]: Incorrect key World.Features.Tin.Enable was corrected from null to its default, true. 
[02May2025 22:24:19.194] [main/WARN] [net.minecraftforge.common.ForgeConfigSpec/CORE]: Incorrect key World.Features.Niter was corrected from null to its default, SimpleCommentedConfig:{}. 
[02May2025 22:24:19.196] [main/WARN] [net.minecraftforge.common.ForgeConfigSpec/CORE]: Incorrect key World.Features.Niter.Enable was corrected from null to its default, true. 
[02May2025 22:24:19.201] [main/WARN] [net.minecraftforge.common.ForgeConfigSpec/CORE]: Configuration file /workspaces/moddedserver/config/thermal_integration-common.toml is not correct. Correcting
[02May2025 22:24:19.201] [main/WARN] [net.minecraftforge.common.ForgeConfigSpec/CORE]: Incorrect key Materials was corrected from null to its default, SimpleCommentedConfig:{}. 
[02May2025 22:24:19.201] [main/WARN] [net.minecraftforge.common.ForgeConfigSpec/CORE]: Incorrect key Materials.Rose Gold was corrected from null to its default, true. 
[02May2025 22:24:19.202] [main/WARN] [net.minecraftforge.common.ForgeConfigSpec/CORE]: Incorrect key Materials.Steel was corrected from null to its default, true. 
[02May2025 22:24:19.202] [main/WARN] [net.minecraftforge.common.ForgeConfigSpec/CORE]: Incorrect key Mod Compatibility was corrected from null to its default, SimpleCommentedConfig:{}. 
[02May2025 22:24:19.202] [main/WARN] [net.minecraftforge.common.ForgeConfigSpec/CORE]: Incorrect key Mod Compatibility.Biomes O' Plenty was corrected from null to its default, true. 
[02May2025 22:24:19.202] [main/WARN] [net.minecraftforge.common.ForgeConfigSpec/CORE]: Incorrect key Mod Compatibility.Create was corrected from null to its default, true. 
[02May2025 22:24:19.202] [main/WARN] [net.minecraftforge.common.ForgeConfigSpec/CORE]: Incorrect key Mod Compatibility.Dyenamics was corrected from null to its default, true. 
[02May2025 22:24:19.202] [main/WARN] [net.minecraftforge.common.ForgeConfigSpec/CORE]: Incorrect key Mod Compatibility.Farmer's Delight was corrected from null to its default, true. 
[02May2025 22:24:19.202] [main/WARN] [net.minecraftforge.common.ForgeConfigSpec/CORE]: Incorrect key Mod Compatibility.Immersive Engineering was corrected from null to its default, true. 
[02May2025 22:24:19.203] [main/WARN] [net.minecraftforge.common.ForgeConfigSpec/CORE]: Incorrect key Mod Compatibility.Mekanism was corrected from null to its default, true. 
[02May2025 22:24:19.204] [main/WARN] [net.minecraftforge.common.ForgeConfigSpec/CORE]: Incorrect key Mod Compatibility.Mystical Agriculture was corrected from null to its default, true. 
[02May2025 22:24:19.204] [main/WARN] [net.minecraftforge.common.ForgeConfigSpec/CORE]: Incorrect key Mod Compatibility.Quark was corrected from null to its default, true. 
[02May2025 22:24:19.204] [main/WARN] [net.minecraftforge.common.ForgeConfigSpec/CORE]: Incorrect key Mod Compatibility.Redstone Arsenal was corrected from null to its default, true. 
[02May2025 22:24:19.205] [main/WARN] [net.minecraftforge.common.ForgeConfigSpec/CORE]: Incorrect key Mod Compatibility.Refined Storage was corrected from null to its default, true. 
[02May2025 22:24:19.205] [main/WARN] [net.minecraftforge.common.ForgeConfigSpec/CORE]: Incorrect key Mod Compatibility.Tinker's Construct was corrected from null to its default, true. 
[02May2025 22:24:23.511] [main/WARN] [net.minecraftforge.common.ForgeConfigSpec/CORE]: Configuration file /workspaces/moddedserver/config/biomesoplenty/generation.toml is not correct. Correcting
[02May2025 22:24:23.511] [main/WARN] [net.minecraftforge.common.ForgeConfigSpec/CORE]: Incorrect key overworld was corrected from null to its default, SimpleCommentedConfig:{}. 
[02May2025 22:24:23.512] [main/WARN] [net.minecraftforge.common.ForgeConfigSpec/CORE]: Incorrect key overworld.bop_primary_overworld_region_weight was corrected from null to its default, 10. 
[02May2025 22:24:23.512] [main/WARN] [net.minecraftforge.common.ForgeConfigSpec/CORE]: Incorrect key overworld.bop_secondary_overworld_region_weight was corrected from null to its default, 8. 
[02May2025 22:24:23.514] [main/WARN] [net.minecraftforge.common.ForgeConfigSpec/CORE]: Incorrect key overworld.bop_nether_region_weight was corrected from null to its default, 13. 
[02May2025 22:24:23.514] [main/WARN] [net.minecraftforge.common.ForgeConfigSpec/CORE]: Incorrect key overworld.bop_overworld_rare_region_weight was corrected from null to its default, 2. 
[02May2025 22:24:23.514] [main/WARN] [net.minecraftforge.common.ForgeConfigSpec/CORE]: Incorrect key overworld.bop_nether_rare_region_weight was corrected from null to its default, 2. 
[02May2025 22:24:23.521] [main/WARN] [net.minecraftforge.common.ForgeConfigSpec/CORE]: Configuration file /workspaces/moddedserver/config/botania-common.toml is not correct. Correcting
[02May2025 22:24:23.521] [main/WARN] [net.minecraftforge.common.ForgeConfigSpec/CORE]: Incorrect key blockBreakingParticles was corrected from null to its default, SimpleCommentedConfig:{}. 
[02May2025 22:24:23.521] [main/WARN] [net.minecraftforge.common.ForgeConfigSpec/CORE]: Incorrect key blockBreakingParticles.enabled was corrected from null to its default, true. 
[02May2025 22:24:23.521] [main/WARN] [net.minecraftforge.common.ForgeConfigSpec/CORE]: Incorrect key blockBreakingParticles.toolEnabled was corrected from null to its default, true. 
[02May2025 22:24:23.522] [main/WARN] [net.minecraftforge.common.ForgeConfigSpec/CORE]: Incorrect key manaSpreaders was corrected from null to its default, SimpleCommentedConfig:{}. 
[02May2025 22:24:23.523] [main/WARN] [net.minecraftforge.common.ForgeConfigSpec/CORE]: Incorrect key manaSpreaders.silent was corrected from null to its default, false. 
[02May2025 22:24:23.523] [main/WARN] [net.minecraftforge.common.ForgeConfigSpec/CORE]: Incorrect key manaSpreaders.traceTime was corrected from null to its default, 400. 
[02May2025 22:24:23.527] [main/WARN] [net.minecraftforge.common.ForgeConfigSpec/CORE]: Incorrect key harvestLevels was corrected from null to its default, SimpleCommentedConfig:{}. 
[02May2025 22:24:23.527] [main/WARN] [net.minecraftforge.common.ForgeConfigSpec/CORE]: Incorrect key harvestLevels.weightLens was corrected from null to its default, 2. 
[02May2025 22:24:23.527] [main/WARN] [net.minecraftforge.common.ForgeConfigSpec/CORE]: Incorrect key harvestLevels.boreLens was corrected from null to its default, 3. 
[02May2025 22:24:23.528] [main/WARN] [net.minecraftforge.common.ForgeConfigSpec/CORE]: Incorrect key chargeAnimation was corrected from null to its default, true. 
[02May2025 22:24:23.531] [main/WARN] [net.minecraftforge.common.ForgeConfigSpec/CORE]: Incorrect key flowerBindingForceCheck was corrected from null to its default, true. 
[02May2025 22:24:23.534] [main/WARN] [net.minecraftforge.common.ForgeConfigSpec/CORE]: Incorrect key enderPickpocket was corrected from null to its default, true. 
[02May2025 22:24:23.535] [main/WARN] [net.minecraftforge.common.ForgeConfigSpec/CORE]: Incorrect key manaEnchanter was corrected from null to its default, true. 
[02May2025 22:24:23.539] [main/WARN] [net.minecraftforge.common.ForgeConfigSpec/CORE]: Incorrect key relics was corrected from null to its default, true. 
[02May2025 22:24:23.541] [main/WARN] [net.minecraftforge.common.ForgeConfigSpec/CORE]: Incorrect key invertMagnetRing was corrected from null to its default, false. 
[02May2025 22:24:23.542] [main/WARN] [net.minecraftforge.common.ForgeConfigSpec/CORE]: Incorrect key gardenOfGlass was corrected from null to its default, SimpleCommentedConfig:{}. 
[02May2025 22:24:23.543] [main/WARN] [net.minecraftforge.common.ForgeConfigSpec/CORE]: Incorrect key gardenOfGlass.spawnWithLexicon was corrected from null to its default, true. 
[02May2025 22:24:23.543] [main/WARN] [net.minecraftforge.common.ForgeConfigSpec/CORE]: Incorrect key gardenOfGlass.islandScaleMultiplier was corrected from null to its default, 8. 
[02May2025 22:24:23.546] [main/WARN] [net.minecraftforge.common.ForgeConfigSpec/CORE]: Incorrect key rannuncarpus was corrected from null to its default, SimpleCommentedConfig:{}. 
[02May2025 22:24:23.546] [main/WARN] [net.minecraftforge.common.ForgeConfigSpec/CORE]: Incorrect key rannuncarpus.itemBlacklist was corrected from null to its default, []. 
[02May2025 22:24:23.546] [main/WARN] [net.minecraftforge.common.ForgeConfigSpec/CORE]: Incorrect key rannuncarpus.modBlacklist was corrected from null to its default, [storagedrawers]. 
[02May2025 22:24:23.559] [main/WARN] [net.minecraftforge.common.ForgeConfigSpec/CORE]: Configuration file /workspaces/moddedserver/config/curios-common.toml is not correct. Correcting
[02May2025 22:24:23.560] [main/WARN] [net.minecraftforge.common.ForgeConfigSpec/CORE]: Incorrect key slots was corrected from null to its default, []. 
[02May2025 22:24:23.567] [main/WARN] [net.minecraftforge.common.ForgeConfigSpec/CORE]: Configuration file /workspaces/moddedserver/config/Mekanism/common.toml is not correct. Correcting
[02May2025 22:24:23.567] [main/WARN] [net.minecraftforge.common.ForgeConfigSpec/CORE]: Incorrect key common was corrected from null to its default, SimpleCommentedConfig:{}. 
[02May2025 22:24:23.567] [main/WARN] [net.minecraftforge.common.ForgeConfigSpec/CORE]: Incorrect key common.energyType was corrected from null to its default, FORGE_ENERGY. 
[02May2025 22:24:23.567] [main/WARN] [net.minecraftforge.common.ForgeConfigSpec/CORE]: Incorrect key common.temperatureUnit was corrected from null to its default, KELVIN. 
[02May2025 22:24:23.568] [main/WARN] [net.minecraftforge.common.ForgeConfigSpec/CORE]: Incorrect key common.enableDecayTimers was corrected from null to its default, true. 
[02May2025 22:24:23.572] [main/WARN] [net.minecraftforge.common.ForgeConfigSpec/CORE]: Configuration file /workspaces/moddedserver/config/naturescompass-common.toml is not correct. Correcting
[02May2025 22:24:23.573] [main/WARN] [net.minecraftforge.common.ForgeConfigSpec/CORE]: Incorrect key General was corrected from null to its default, SimpleCommentedConfig:{}. 
[02May2025 22:24:23.573] [main/WARN] [net.minecraftforge.common.ForgeConfigSpec/CORE]: Incorrect key General.allowTeleport was corrected from null to its default, true. 
[02May2025 22:24:23.573] [main/WARN] [net.minecraftforge.common.ForgeConfigSpec/CORE]: Incorrect key General.displayCoordinates was corrected from null to its default, true. 
[02May2025 22:24:23.573] [main/WARN] [net.minecraftforge.common.ForgeConfigSpec/CORE]: Incorrect key General.radiusModifier was corrected from null to its default, 2500. 
[02May2025 22:24:23.573] [main/WARN] [net.minecraftforge.common.ForgeConfigSpec/CORE]: Incorrect key General.sampleSpaceModifier was corrected from null to its default, 16. 
[02May2025 22:24:23.574] [main/WARN] [net.minecraftforge.common.ForgeConfigSpec/CORE]: Incorrect key General.biomeBlacklist was corrected from null to its default, []. 
[02May2025 22:24:23.575] [main/WARN] [net.minecraftforge.common.ForgeConfigSpec/CORE]: Incorrect key General.maxSamples was corrected from null to its default, 50000. 
[02May2025 22:24:23.854] [modloading-worker-0/INFO] [mekanism.common.Mekanism/]: Version 10.4.15 initializing...
[02May2025 22:24:23.902] [Forge Version Check/INFO] [net.minecraftforge.fml.VersionChecker/]: [crafttweaker] Starting version check at https://updates.blamejared.com/get?n=crafttweaker&gv=1.20.1
[02May2025 22:24:24.086] [modloading-worker-0/INFO] [mekanism.common.Mekanism/]: Loaded 'Mekanism: Tools' module.
[02May2025 22:24:24.100] [modloading-worker-0/INFO] [mekanism.common.Mekanism/]: Loaded 'Mekanism: Generators' module.
[02May2025 22:24:24.164] [modloading-worker-0/INFO] [mekanism.common.Mekanism/]: Fake player readout: UUID = 46e82cd0-d480-3d48-800a-77431ede078e, name = [Mekanism]
[02May2025 22:24:24.165] [modloading-worker-0/INFO] [mekanism.common.Mekanism/]: Mod loaded.
[02May2025 22:24:24.187] [main/INFO] [terrablender/]: Registered region minecraft:overworld to index 0 for type OVERWORLD
[02May2025 22:24:24.187] [main/INFO] [terrablender/]: Registered region minecraft:nether to index 0 for type NETHER
[02May2025 22:24:24.187] [main/INFO] [terrablender/]: Registered region biomesoplenty:overworld_primary to index 1 for type OVERWORLD
[02May2025 22:24:24.187] [main/INFO] [terrablender/]: Registered region biomesoplenty:overworld_secondary to index 2 for type OVERWORLD
[02May2025 22:24:24.187] [main/INFO] [terrablender/]: Registered region biomesoplenty:overworld_rare to index 3 for type OVERWORLD
[02May2025 22:24:24.190] [main/INFO] [terrablender/]: Registered region biomesoplenty:nether_common to index 1 for type NETHER
[02May2025 22:24:24.190] [main/INFO] [terrablender/]: Registered region biomesoplenty:nether_rare to index 2 for type NETHER
[02May2025 22:24:24.687] [Forge Version Check/INFO] [net.minecraftforge.fml.VersionChecker/]: [crafttweaker] Found status: BETA Current: 14.0.57 Target: 14.0.57
[02May2025 22:24:24.687] [Forge Version Check/INFO] [net.minecraftforge.fml.VersionChecker/]: [forge] Starting version check at https://files.minecraftforge.net/net/minecraftforge/forge/promotions_slim.json
[02May2025 22:24:24.939] [Forge Version Check/INFO] [net.minecraftforge.fml.VersionChecker/]: [forge] Found status: UP_TO_DATE Current: 47.4.0 Target: null
[02May2025 22:24:24.943] [Forge Version Check/INFO] [net.minecraftforge.fml.VersionChecker/]: [cofh_core] Starting version check at https://raw.github.com/cofh/version/main/cofh_core/update.json
[02May2025 22:24:25.343] [Forge Version Check/INFO] [net.minecraftforge.fml.VersionChecker/]: [cofh_core] Found status: AHEAD Current: 11.0.2 Target: null
[02May2025 22:24:25.346] [Forge Version Check/INFO] [net.minecraftforge.fml.VersionChecker/]: [redstone_arsenal] Starting version check at https://raw.github.com/cofh/version/main/redstone_arsenal/update.json
[02May2025 22:24:25.712] [Forge Version Check/INFO] [net.minecraftforge.fml.VersionChecker/]: [redstone_arsenal] Found status: UP_TO_DATE Current: 8.0.1 Target: null
[02May2025 22:24:25.712] [Forge Version Check/INFO] [net.minecraftforge.fml.VersionChecker/]: [appmek] Starting version check at https://api.modrinth.com/updates/applied-mekanistics/forge_updates.json
[02May2025 22:24:25.873] [Forge Version Check/INFO] [net.minecraftforge.fml.VersionChecker/]: [appmek] Found status: BETA Current: 1.4.2 Target: null
[02May2025 22:24:25.874] [Forge Version Check/INFO] [net.minecraftforge.fml.VersionChecker/]: [thermal] Starting version check at https://raw.github.com/cofh/version/main/thermal/update.json
[02May2025 22:24:25.961] [Forge Version Check/INFO] [net.minecraftforge.fml.VersionChecker/]: [thermal] Found status: AHEAD Current: 11.0.6 Target: null
[02May2025 22:24:25.961] [Forge Version Check/INFO] [net.minecraftforge.fml.VersionChecker/]: [thermal_foundation] Starting version check at https://raw.github.com/cofh/version/main/thermal/update_foundation.json
[02May2025 22:24:26.309] [Forge Version Check/INFO] [net.minecraftforge.fml.VersionChecker/]: [thermal_foundation] Found status: AHEAD Current: 11.0.6 Target: null
[02May2025 22:24:26.310] [Forge Version Check/INFO] [net.minecraftforge.fml.VersionChecker/]: [thermal_expansion] Starting version check at https://raw.github.com/cofh/version/main/thermal/update_expansion.json
[02May2025 22:24:26.402] [Forge Version Check/INFO] [net.minecraftforge.fml.VersionChecker/]: [thermal_expansion] Found status: UP_TO_DATE Current: 11.0.1 Target: null
[02May2025 22:24:26.403] [Forge Version Check/INFO] [net.minecraftforge.fml.VersionChecker/]: [thermal_innovation] Starting version check at https://raw.github.com/cofh/version/main/thermal/update_innovation.json
[02May2025 22:24:26.665] [Forge Version Check/INFO] [net.minecraftforge.fml.VersionChecker/]: [thermal_innovation] Found status: AHEAD Current: 11.0.1 Target: null
[02May2025 22:24:26.669] [Forge Version Check/INFO] [net.minecraftforge.fml.VersionChecker/]: [thermal_integration] Starting version check at https://raw.github.com/cofh/version/main/thermal/update_integration.json
[02May2025 22:24:26.756] [Forge Version Check/INFO] [net.minecraftforge.fml.VersionChecker/]: [thermal_integration] Found status: AHEAD Current: 11.0.1 Target: null
[02May2025 22:24:26.756] [Forge Version Check/INFO] [net.minecraftforge.fml.VersionChecker/]: [thermal_dynamics] Starting version check at https://raw.github.com/cofh/version/main/thermal/update_dynamics.json
[02May2025 22:24:26.961] [Forge Version Check/INFO] [net.minecraftforge.fml.VersionChecker/]: [thermal_dynamics] Found status: UP_TO_DATE Current: 11.0.1 Target: null
[02May2025 22:24:26.963] [Forge Version Check/INFO] [net.minecraftforge.fml.VersionChecker/]: [thermal_cultivation] Starting version check at https://raw.github.com/cofh/version/main/thermal/update_cultivation.json
[02May2025 22:24:27.414] [Forge Version Check/INFO] [net.minecraftforge.fml.VersionChecker/]: [thermal_cultivation] Found status: UP_TO_DATE Current: 11.0.1 Target: null
[02May2025 22:24:27.966] [main/ERROR] [net.minecraft.server.dedicated.Settings/]: Failed to load properties from file: server.properties
java.nio.file.NoSuchFileException: server.properties
	at sun.nio.fs.UnixException.translateToIOException(UnixException.java:92) ~[?:?]
	at sun.nio.fs.UnixException.rethrowAsIOException(UnixException.java:106) ~[?:?]
	at sun.nio.fs.UnixException.rethrowAsIOException(UnixException.java:111) ~[?:?]
	at sun.nio.fs.UnixFileSystemProvider.newByteChannel(UnixFileSystemProvider.java:218) ~[?:?]
	at java.nio.file.Files.newByteChannel(Files.java:380) ~[?:?]
	at java.nio.file.Files.newByteChannel(Files.java:432) ~[?:?]
	at java.nio.file.spi.FileSystemProvider.newInputStream(FileSystemProvider.java:422) ~[?:?]
	at java.nio.file.Files.newInputStream(Files.java:160) ~[?:?]
	at net.minecraft.server.dedicated.Settings.m_139839_(Settings.java:36) ~[server-1.20.1-20230612.114412-srg.jar%23143!/:?]
	at net.minecraft.server.dedicated.DedicatedServerProperties.m_180929_(DedicatedServerProperties.java:137) ~[server-1.20.1-20230612.114412-srg.jar%23143!/:?]
	at net.minecraft.server.dedicated.DedicatedServerSettings.<init>(DedicatedServerSettings.java:12) ~[server-1.20.1-20230612.114412-srg.jar%23143!/:?]
	at net.minecraft.server.Main.main(Main.java:126) ~[server-1.20.1-20230612.114412-srg.jar%23143!/:?]
	at jdk.internal.reflect.NativeMethodAccessorImpl.invoke0(Native Method) ~[?:?]
	at jdk.internal.reflect.NativeMethodAccessorImpl.invoke(NativeMethodAccessorImpl.java:77) ~[?:?]
	at jdk.internal.reflect.DelegatingMethodAccessorImpl.invoke(DelegatingMethodAccessorImpl.java:43) ~[?:?]
	at java.lang.reflect.Method.invoke(Method.java:569) ~[?:?]
	at net.minecraftforge.fml.loading.targets.CommonLaunchHandler.runTarget(CommonLaunchHandler.java:111) ~[fmlloader-1.20.1-47.4.0.jar%2369!/:?]
	at net.minecraftforge.fml.loading.targets.CommonLaunchHandler.serverService(CommonLaunchHandler.java:103) ~[fmlloader-1.20.1-47.4.0.jar%2369!/:?]
	at net.minecraftforge.fml.loading.targets.CommonServerLaunchHandler.lambda$makeService$0(CommonServerLaunchHandler.java:27) ~[fmlloader-1.20.1-47.4.0.jar%2369!/:?]
	at cpw.mods.modlauncher.LaunchServiceHandlerDecorator.launch(LaunchServiceHandlerDecorator.java:30) ~[modlauncher-10.0.9.jar%2355!/:?]
	at cpw.mods.modlauncher.LaunchServiceHandler.launch(LaunchServiceHandler.java:53) ~[modlauncher-10.0.9.jar%2355!/:?]
	at cpw.mods.modlauncher.LaunchServiceHandler.launch(LaunchServiceHandler.java:71) ~[modlauncher-10.0.9.jar%2355!/:?]
	at cpw.mods.modlauncher.Launcher.run(Launcher.java:108) ~[modlauncher-10.0.9.jar%2355!/:?]
	at cpw.mods.modlauncher.Launcher.main(Launcher.java:78) ~[modlauncher-10.0.9.jar%2355!/:?]
	at cpw.mods.modlauncher.BootstrapLaunchConsumer.accept(BootstrapLaunchConsumer.java:26) ~[modlauncher-10.0.9.jar%2355!/:?]
	at cpw.mods.modlauncher.BootstrapLaunchConsumer.accept(BootstrapLaunchConsumer.java:23) ~[modlauncher-10.0.9.jar%2355!/:?]
	at cpw.mods.bootstraplauncher.BootstrapLauncher.main(BootstrapLauncher.java:141) ~[bootstraplauncher-1.1.2.jar:?]
[02May2025 22:24:28.005] [main/INFO] [com.mojang.authlib.yggdrasil.YggdrasilAuthenticationService/]: Environment: authHost='https://authserver.mojang.com', accountsHost='https://api.mojang.com', sessionHost='https://sessionserver.mojang.com', servicesHost='https://api.minecraftservices.com', name='PROD'
[02May2025 22:24:28.051] [main/WARN] [net.minecraft.server.packs.VanillaPackResourcesBuilder/]: Assets URL 'union:/workspaces/moddedserver/libraries/net/minecraft/server/1.20.1-20230612.114412/server-1.20.1-20230612.114412-srg.jar%23143!/assets/.mcassetsroot' uses unexpected schema
[02May2025 22:24:28.052] [main/WARN] [net.minecraft.server.packs.VanillaPackResourcesBuilder/]: Assets URL 'union:/workspaces/moddedserver/libraries/net/minecraft/server/1.20.1-20230612.114412/server-1.20.1-20230612.114412-srg.jar%23143!/data/.mcassetsroot' uses unexpected schema
[02May2025 22:24:30.623] [main/INFO] [AE2:C/]: Scanning class appeng.server.testplots.TestPlots for plots
[02May2025 22:24:30.628] [main/INFO] [AE2:C/]: Scanning class appeng.server.testplots.AutoCraftingTestPlots for plots
[02May2025 22:24:30.629] [main/INFO] [AE2:C/]: Scanning class appeng.server.testplots.InscriberTestPlots for plots
[02May2025 22:24:30.643] [main/INFO] [AE2:C/]: Scanning class appeng.server.testplots.P2PTestPlots for plots
[02May2025 22:24:30.644] [main/INFO] [AE2:C/]: Scanning class appeng.server.testplots.ItemP2PTestPlots for plots
[02May2025 22:24:30.644] [main/INFO] [AE2:C/]: Scanning class appeng.server.testplots.MemoryCardTestPlots for plots
[02May2025 22:24:30.645] [main/INFO] [AE2:C/]: Scanning class appeng.server.testplots.PatternProviderLockModePlots for plots
[02May2025 22:24:30.646] [main/INFO] [AE2:C/]: Scanning class appeng.server.testplots.PatternProviderPlots for plots
[02May2025 22:24:30.647] [main/INFO] [AE2:C/]: Scanning class appeng.server.testplots.SpatialTestPlots for plots
[02May2025 22:24:30.647] [main/INFO] [AE2:C/]: Scanning class appeng.server.testplots.QnbTestPlots for plots
[02May2025 22:24:30.648] [main/INFO] [AE2:C/]: Scanning class appeng.server.testplots.GuidebookPlot for plots
[02May2025 22:24:30.649] [main/INFO] [AE2:C/]: Scanning class appeng.server.testplots.SubnetPlots for plots
[02May2025 22:24:30.650] [main/INFO] [AE2:C/]: Scanning class appeng.server.testplots.ChannelTests for plots
[02May2025 22:24:30.651] [main/INFO] [AE2:C/]: Scanning class appeng.server.testplots.AnnihilationPlaneTests for plots
[02May2025 22:24:33.410] [main/INFO] [net.minecraft.world.item.crafting.RecipeManager/]: Loaded 78 recipes
[02May2025 22:24:33.700] [main/INFO] [net.minecraft.advancements.AdvancementList/]: Loaded 2893 advancements
[02May2025 22:24:33.727] [main/INFO] [top.theillusivec4.curios.Curios/]: Loaded 10 curio slots
[02May2025 22:24:33.735] [main/INFO] [top.theillusivec4.curios.Curios/]: Loaded 1 curio entities
[02May2025 22:24:33.736] [main/INFO] [botania/]: Loaded 30 Loonium configurations
[02May2025 22:24:36.343] [Server thread/INFO] [net.minecraft.server.dedicated.DedicatedServer/]: Starting minecraft server version 1.20.1
[02May2025 22:24:36.343] [Server thread/INFO] [net.minecraft.server.dedicated.DedicatedServer/]: Loading properties
[02May2025 22:24:36.343] [Server thread/INFO] [net.minecraft.server.dedicated.DedicatedServer/]: Default game type: SURVIVAL
[02May2025 22:24:36.343] [Server thread/INFO] [net.minecraft.server.MinecraftServer/]: Generating keypair
[02May2025 22:24:36.630] [Server thread/INFO] [net.minecraft.server.dedicated.DedicatedServer/]: Starting Minecraft server on *:25565
[02May2025 22:24:36.663] [Server thread/INFO] [net.minecraft.server.network.ServerConnectionListener/]: Using epoll channel type
[02May2025 22:24:36.825] [Server thread/WARN] [net.minecraftforge.common.ForgeConfigSpec/CORE]: Configuration file ./world/serverconfig/jei-server.toml is not correct. Correcting
[02May2025 22:24:36.826] [Server thread/WARN] [net.minecraftforge.common.ForgeConfigSpec/CORE]: Incorrect key cheat mode was corrected from null to its default, SimpleCommentedConfig:{}. 
[02May2025 22:24:36.827] [Server thread/WARN] [net.minecraftforge.common.ForgeConfigSpec/CORE]: Incorrect key cheat mode.enableCheatModeForOp was corrected from null to its default, true. 
[02May2025 22:24:36.828] [Server thread/WARN] [net.minecraftforge.common.ForgeConfigSpec/CORE]: Incorrect key cheat mode.enableCheatModeForCreative was corrected from null to its default, true. 
[02May2025 22:24:36.828] [Server thread/WARN] [net.minecraftforge.common.ForgeConfigSpec/CORE]: Incorrect key cheat mode.enableCheatModeForGive was corrected from null to its default, false. 
[02May2025 22:24:36.831] [Server thread/WARN] [net.minecraftforge.common.ForgeConfigSpec/CORE]: Configuration file ./world/serverconfig/forge-server.toml is not correct. Correcting
[02May2025 22:24:36.835] [Server thread/WARN] [net.minecraftforge.common.ForgeConfigSpec/CORE]: Incorrect key server was corrected from null to its default, SimpleCommentedConfig:{}. 
[02May2025 22:24:36.835] [Server thread/WARN] [net.minecraftforge.common.ForgeConfigSpec/CORE]: Incorrect key server.removeErroringBlockEntities was corrected from null to its default, false. 
[02May2025 22:24:36.835] [Server thread/WARN] [net.minecraftforge.common.ForgeConfigSpec/CORE]: Incorrect key server.removeErroringEntities was corrected from null to its default, false. 
[02May2025 22:24:36.835] [Server thread/WARN] [net.minecraftforge.common.ForgeConfigSpec/CORE]: Incorrect key server.fullBoundingBoxLadders was corrected from null to its default, false. 
[02May2025 22:24:36.842] [Server thread/WARN] [net.minecraftforge.common.ForgeConfigSpec/CORE]: Incorrect key server.zombieBaseSummonChance was corrected from null to its default, 0.1. 
[02May2025 22:24:36.844] [Server thread/WARN] [net.minecraftforge.common.ForgeConfigSpec/CORE]: Incorrect key server.zombieBabyChance was corrected from null to its default, 0.05. 
[02May2025 22:24:36.845] [Server thread/WARN] [net.minecraftforge.common.ForgeConfigSpec/CORE]: Incorrect key server.permissionHandler was corrected from null to its default, forge:default_handler. 
[02May2025 22:24:36.847] [Server thread/WARN] [net.minecraftforge.common.ForgeConfigSpec/CORE]: Incorrect key server.advertiseDedicatedServerToLan was corrected from null to its default, true. 
[02May2025 22:24:36.847] [Server thread/WARN] [net.minecraftforge.common.ForgeConfigSpec/CORE]: Incorrect key server.useItemWithDurationZero was corrected from null to its default, false. 
[02May2025 22:24:36.861] [Server thread/WARN] [net.minecraftforge.common.ForgeConfigSpec/CORE]: Configuration file ./world/serverconfig/cofh_core-server.toml is not correct. Correcting
[02May2025 22:24:36.861] [Server thread/WARN] [net.minecraftforge.common.ForgeConfigSpec/CORE]: Incorrect key Commands was corrected from null to its default, SimpleCommentedConfig:{}. 
[02May2025 22:24:36.862] [Server thread/WARN] [net.minecraftforge.common.ForgeConfigSpec/CORE]: Incorrect key Commands.Crafting Permission Level was corrected from null to its default, 2. 
[02May2025 22:24:36.862] [Server thread/WARN] [net.minecraftforge.common.ForgeConfigSpec/CORE]: Incorrect key Commands.EnderChest Permission Level was corrected from null to its default, 2. 
[02May2025 22:24:36.865] [Server thread/WARN] [net.minecraftforge.common.ForgeConfigSpec/CORE]: Incorrect key Commands.Heal Permission Level was corrected from null to its default, 2. 
[02May2025 22:24:36.865] [Server thread/WARN] [net.minecraftforge.common.ForgeConfigSpec/CORE]: Incorrect key Commands.Ignite Permission Level was corrected from null to its default, 2. 
[02May2025 22:24:36.865] [Server thread/WARN] [net.minecraftforge.common.ForgeConfigSpec/CORE]: Incorrect key Commands.Repair Permission Level was corrected from null to its default, 2. 
[02May2025 22:24:36.866] [Server thread/WARN] [net.minecraftforge.common.ForgeConfigSpec/CORE]: Incorrect key Enchantments was corrected from null to its default, SimpleCommentedConfig:{}. 
[02May2025 22:24:36.866] [Server thread/WARN] [net.minecraftforge.common.ForgeConfigSpec/CORE]: Incorrect key Enchantments.Improved Feather Falling was corrected from null to its default, true. 
[02May2025 22:24:36.866] [Server thread/WARN] [net.minecraftforge.common.ForgeConfigSpec/CORE]: Incorrect key Enchantments.Improved Mending was corrected from null to its default, true. 
[02May2025 22:24:36.866] [Server thread/WARN] [net.minecraftforge.common.ForgeConfigSpec/CORE]: Incorrect key Enchantments.Holding was corrected from null to its default, SimpleCommentedConfig:{}. 
[02May2025 22:24:36.866] [Server thread/WARN] [net.minecraftforge.common.ForgeConfigSpec/CORE]: Incorrect key Enchantments.Holding.Enable was corrected from null to its default, true. 
[02May2025 22:24:36.868] [Server thread/WARN] [net.minecraftforge.common.ForgeConfigSpec/CORE]: Incorrect key Enchantments.Holding.Treasure was corrected from null to its default, false. 
[02May2025 22:24:36.873] [Server thread/WARN] [net.minecraftforge.common.ForgeConfigSpec/CORE]: Incorrect key Enchantments.Holding.Max Level was corrected from null to its default, 4. 
[02May2025 22:24:36.877] [Server thread/WARN] [net.minecraftforge.common.ForgeConfigSpec/CORE]: Configuration file ./world/serverconfig/redstone_arsenal-server.toml is not correct. Correcting
[02May2025 22:24:36.878] [Server thread/WARN] [net.minecraftforge.common.ForgeConfigSpec/CORE]: Incorrect key Global Options was corrected from null to its default, SimpleCommentedConfig:{}. 
[02May2025 22:24:36.881] [Server thread/WARN] [net.minecraftforge.common.ForgeConfigSpec/CORE]: Incorrect key Global Options.Standalone Redstone Flux was corrected from null to its default, false. 
[02May2025 22:24:36.882] [Server thread/WARN] [net.minecraftforge.common.ForgeConfigSpec/CORE]: Configuration file ./world/serverconfig/curios-server.toml is not correct. Correcting
[02May2025 22:24:36.883] [Server thread/WARN] [net.minecraftforge.common.ForgeConfigSpec/CORE]: Incorrect key keepCurios was corrected from null to its default, DEFAULT. 
[02May2025 22:24:36.886] [Server thread/WARN] [net.minecraftforge.common.ForgeConfigSpec/CORE]: Incorrect key menu was corrected from null to its default, SimpleCommentedConfig:{}. 
[02May2025 22:24:36.886] [Server thread/WARN] [net.minecraftforge.common.ForgeConfigSpec/CORE]: Incorrect key menu.enableLegacyMenu was corrected from null to its default, false. 
[02May2025 22:24:36.887] [Server thread/WARN] [net.minecraftforge.common.ForgeConfigSpec/CORE]: Incorrect key menu.experimental was corrected from null to its default, SimpleCommentedConfig:{}. 
[02May2025 22:24:36.887] [Server thread/WARN] [net.minecraftforge.common.ForgeConfigSpec/CORE]: Incorrect key menu.experimental.minimumColumns was corrected from null to its default, 1. 
[02May2025 22:24:36.888] [Server thread/WARN] [net.minecraftforge.common.ForgeConfigSpec/CORE]: Incorrect key menu.experimental.maxSlotsPerPage was corrected from null to its default, 48. 
[02May2025 22:24:36.892] [Server thread/WARN] [net.minecraftforge.common.ForgeConfigSpec/CORE]: Configuration file /workspaces/moddedserver/config/Mekanism/general.toml is not correct. Correcting
[02May2025 22:24:36.892] [Server thread/WARN] [net.minecraftforge.common.ForgeConfigSpec/CORE]: Incorrect key general was corrected from null to its default, SimpleCommentedConfig:{}. 
[02May2025 22:24:36.893] [Server thread/WARN] [net.minecraftforge.common.ForgeConfigSpec/CORE]: Incorrect key general.logPackets was corrected from null to its default, false. 
[02May2025 22:24:36.893] [Server thread/WARN] [net.minecraftforge.common.ForgeConfigSpec/CORE]: Incorrect key general.allowChunkloading was corrected from null to its default, true. 
[02May2025 22:24:36.894] [Server thread/WARN] [net.minecraftforge.common.ForgeConfigSpec/CORE]: Incorrect key general.easyMinerFilters was corrected from null to its default, false. 
[02May2025 22:24:36.896] [Server thread/WARN] [net.minecraftforge.common.ForgeConfigSpec/CORE]: Incorrect key general.blockDeactivationDelay was corrected from null to its default, 60. 
[02May2025 22:24:36.896] [Server thread/WARN] [net.minecraftforge.common.ForgeConfigSpec/CORE]: Incorrect key general.cardboardModBlacklist was corrected from null to its default, []. 
[02May2025 22:24:36.897] [Server thread/WARN] [net.minecraftforge.common.ForgeConfigSpec/CORE]: Incorrect key general.transmitterAlloyUpgrade was corrected from null to its default, true. 
[02May2025 22:24:36.897] [Server thread/WARN] [net.minecraftforge.common.ForgeConfigSpec/CORE]: Incorrect key general.maxUpgradeMultiplier was corrected from null to its default, 10. 
[02May2025 22:24:36.898] [Server thread/WARN] [net.minecraftforge.common.ForgeConfigSpec/CORE]: Incorrect key general.boilerWaterConductivity was corrected from null to its default, 0.7. 
[02May2025 22:24:36.898] [Server thread/WARN] [net.minecraftforge.common.ForgeConfigSpec/CORE]: Incorrect key general.heatPerFuelTick was corrected from null to its default, 400.0. 
[02May2025 22:24:36.898] [Server thread/WARN] [net.minecraftforge.common.ForgeConfigSpec/CORE]: Incorrect key general.fuelwoodTickMultiplier was corrected from null to its default, 1. 
[02May2025 22:24:36.899] [Server thread/WARN] [net.minecraftforge.common.ForgeConfigSpec/CORE]: Incorrect key general.resistiveHeaterEfficiency was corrected from null to its default, 0.6. 
[02May2025 22:24:36.899] [Server thread/WARN] [net.minecraftforge.common.ForgeConfigSpec/CORE]: Incorrect key general.superheatingHeatTransfer was corrected from null to its default, 1.6E7. 
[02May2025 22:24:36.899] [Server thread/WARN] [net.minecraftforge.common.ForgeConfigSpec/CORE]: Incorrect key general.maxSolarNeutronActivatorRate was corrected from null to its default, 64. 
[02May2025 22:24:36.899] [Server thread/WARN] [net.minecraftforge.common.ForgeConfigSpec/CORE]: Incorrect key general.dynamic_tank was corrected from null to its default, SimpleCommentedConfig:{}. 
[02May2025 22:24:36.899] [Server thread/WARN] [net.minecraftforge.common.ForgeConfigSpec/CORE]: Incorrect key general.dynamic_tank.fluidPerTank was corrected from null to its default, 350000. 
[02May2025 22:24:36.907] [Server thread/WARN] [net.minecraftforge.common.ForgeConfigSpec/CORE]: Incorrect key general.dynamic_tank.chemicalPerTank was corrected from null to its default, 16000000. 
[02May2025 22:24:36.909] [Server thread/WARN] [net.minecraftforge.common.ForgeConfigSpec/CORE]: Incorrect key general.auto_eject was corrected from null to its default, SimpleCommentedConfig:{}. 
[02May2025 22:24:36.910] [Server thread/WARN] [net.minecraftforge.common.ForgeConfigSpec/CORE]: Incorrect key general.auto_eject.fluid was corrected from null to its default, 1024. 
[02May2025 22:24:36.913] [Server thread/WARN] [net.minecraftforge.common.ForgeConfigSpec/CORE]: Incorrect key general.auto_eject.chemical was corrected from null to its default, 1024. 
[02May2025 22:24:36.915] [Server thread/WARN] [net.minecraftforge.common.ForgeConfigSpec/CORE]: Incorrect key general.auto_eject.dumpExcessKeepRatio was corrected from null to its default, 0.9. 
[02May2025 22:24:36.916] [Server thread/WARN] [net.minecraftforge.common.ForgeConfigSpec/CORE]: Incorrect key general.prefilled was corrected from null to its default, SimpleCommentedConfig:{}. 
[02May2025 22:24:36.919] [Server thread/WARN] [net.minecraftforge.common.ForgeConfigSpec/CORE]: Incorrect key general.prefilled.fluidTanks was corrected from null to its default, true. 
[02May2025 22:24:36.921] [Server thread/WARN] [net.minecraftforge.common.ForgeConfigSpec/CORE]: Incorrect key general.prefilled.gasTanks was corrected from null to its default, true. 
[02May2025 22:24:36.926] [Server thread/WARN] [net.minecraftforge.common.ForgeConfigSpec/CORE]: Incorrect key general.prefilled.infusionTanks was corrected from null to its default, true. 
[02May2025 22:24:36.926] [Server thread/WARN] [net.minecraftforge.common.ForgeConfigSpec/CORE]: Incorrect key general.prefilled.pigmentTanks was corrected from null to its default, true. 
[02May2025 22:24:36.927] [Server thread/WARN] [net.minecraftforge.common.ForgeConfigSpec/CORE]: Incorrect key general.prefilled.slurryTanks was corrected from null to its default, true. 
[02May2025 22:24:36.927] [Server thread/WARN] [net.minecraftforge.common.ForgeConfigSpec/CORE]: Incorrect key general.energy_conversion was corrected from null to its default, SimpleCommentedConfig:{}. 
[02May2025 22:24:36.929] [Server thread/WARN] [net.minecraftforge.common.ForgeConfigSpec/CORE]: Incorrect key general.energy_conversion.blacklistIC2 was corrected from null to its default, false. 
[02May2025 22:24:36.929] [Server thread/WARN] [net.minecraftforge.common.ForgeConfigSpec/CORE]: Incorrect key general.energy_conversion.euConversionRate was corrected from null to its default, 10. 
[02May2025 22:24:36.929] [Server thread/WARN] [net.minecraftforge.common.ForgeConfigSpec/CORE]: Incorrect key general.energy_conversion.blacklistForge was corrected from null to its default, false. 
[02May2025 22:24:36.929] [Server thread/WARN] [net.minecraftforge.common.ForgeConfigSpec/CORE]: Incorrect key general.energy_conversion.feConversionRate was corrected from null to its default, 2.5000. 
[02May2025 22:24:36.931] [Server thread/WARN] [net.minecraftforge.common.ForgeConfigSpec/CORE]: Incorrect key general.energy_conversion.blacklistFluxNetworks was corrected from null to its default, false. 
[02May2025 22:24:36.932] [Server thread/WARN] [net.minecraftforge.common.ForgeConfigSpec/CORE]: Incorrect key general.energy_conversion.HydrogenEnergyDensity was corrected from null to its default, 200. 
[02May2025 22:24:36.932] [Server thread/WARN] [net.minecraftforge.common.ForgeConfigSpec/CORE]: Incorrect key general.energy_conversion.maxEnergyPerSteam was corrected from null to its default, 10. 
[02May2025 22:24:36.936] [Server thread/WARN] [net.minecraftforge.common.ForgeConfigSpec/CORE]: Incorrect key general.radiation was corrected from null to its default, SimpleCommentedConfig:{}. 
[02May2025 22:24:36.936] [Server thread/WARN] [net.minecraftforge.common.ForgeConfigSpec/CORE]: Incorrect key general.radiation.radiationEnabled was corrected from null to its default, true. 
[02May2025 22:24:36.937] [Server thread/WARN] [net.minecraftforge.common.ForgeConfigSpec/CORE]: Incorrect key general.radiation.chunkCheckRadius was corrected from null to its default, 5. 
[02May2025 22:24:36.939] [Server thread/WARN] [net.minecraftforge.common.ForgeConfigSpec/CORE]: Incorrect key general.radiation.sourceDecayRate was corrected from null to its default, 0.9995. 
[02May2025 22:24:36.942] [Server thread/WARN] [net.minecraftforge.common.ForgeConfigSpec/CORE]: Incorrect key general.radiation.targetDecayRate was corrected from null to its default, 0.9995. 
[02May2025 22:24:36.944] [Server thread/WARN] [net.minecraftforge.common.ForgeConfigSpec/CORE]: Incorrect key general.radiation.negativeEffectsMinSeverity was corrected from null to its default, 0.1. 
[02May2025 22:24:36.947] [Server thread/WARN] [net.minecraftforge.common.ForgeConfigSpec/CORE]: Incorrect key general.radiation.radioactiveWasteBarrelMaxGas was corrected from null to its default, 512000. 
[02May2025 22:24:36.948] [Server thread/WARN] [net.minecraftforge.common.ForgeConfigSpec/CORE]: Incorrect key general.radiation.radioactiveWasteBarrelProcessTicks was corrected from null to its default, 20. 
[02May2025 22:24:36.948] [Server thread/WARN] [net.minecraftforge.common.ForgeConfigSpec/CORE]: Incorrect key general.radiation.radioactiveWasteBarrelDecayAmount was corrected from null to its default, 1. 
[02May2025 22:24:36.948] [Server thread/WARN] [net.minecraftforge.common.ForgeConfigSpec/CORE]: Incorrect key general.digital_miner was corrected from null to its default, SimpleCommentedConfig:{}. 
[02May2025 22:24:36.948] [Server thread/WARN] [net.minecraftforge.common.ForgeConfigSpec/CORE]: Incorrect key general.digital_miner.silkMultiplier was corrected from null to its default, 12. 
[02May2025 22:24:36.953] [Server thread/WARN] [net.minecraftforge.common.ForgeConfigSpec/CORE]: Incorrect key general.digital_miner.maxRadius was corrected from null to its default, 32. 
[02May2025 22:24:36.960] [Server thread/WARN] [net.minecraftforge.common.ForgeConfigSpec/CORE]: Incorrect key general.digital_miner.ticksPerMine was corrected from null to its default, 80. 
[02May2025 22:24:36.960] [Server thread/WARN] [net.minecraftforge.common.ForgeConfigSpec/CORE]: Incorrect key general.laser was corrected from null to its default, SimpleCommentedConfig:{}. 
[02May2025 22:24:36.960] [Server thread/WARN] [net.minecraftforge.common.ForgeConfigSpec/CORE]: Incorrect key general.laser.aestheticWorldDamage was corrected from null to its default, true. 
[02May2025 22:24:36.961] [Server thread/WARN] [net.minecraftforge.common.ForgeConfigSpec/CORE]: Incorrect key general.laser.range was corrected from null to its default, 64. 
[02May2025 22:24:36.963] [Server thread/WARN] [net.minecraftforge.common.ForgeConfigSpec/CORE]: Incorrect key general.laser.energyNeededPerHardness was corrected from null to its default, 100000. 
[02May2025 22:24:36.963] [Server thread/WARN] [net.minecraftforge.common.ForgeConfigSpec/CORE]: Incorrect key general.laser.energyPerDamage was corrected from null to its default, 2500. 
[02May2025 22:24:36.964] [Server thread/WARN] [net.minecraftforge.common.ForgeConfigSpec/CORE]: Incorrect key general.oredictionificator was corrected from null to its default, SimpleCommentedConfig:{}. 
[02May2025 22:24:36.974] [Server thread/WARN] [net.minecraftforge.common.ForgeConfigSpec/CORE]: Incorrect key general.oredictionificator.validItemFilters was corrected from null to its default, [forge:dusts/, forge:ingots/, forge:nuggets/, forge:ores/, forge:raw_materials/, forge:storage_blocks/]. 
[02May2025 22:24:36.976] [Server thread/WARN] [net.minecraftforge.common.ForgeConfigSpec/CORE]: Incorrect key general.pump was corrected from null to its default, SimpleCommentedConfig:{}. 
[02May2025 22:24:36.977] [Server thread/WARN] [net.minecraftforge.common.ForgeConfigSpec/CORE]: Incorrect key general.pump.maxPumpRange was corrected from null to its default, 80. 
[02May2025 22:24:36.977] [Server thread/WARN] [net.minecraftforge.common.ForgeConfigSpec/CORE]: Incorrect key general.pump.pumpWaterSources was corrected from null to its default, false. 
[02May2025 22:24:36.979] [Server thread/WARN] [net.minecraftforge.common.ForgeConfigSpec/CORE]: Incorrect key general.pump.pumpHeavyWaterAmount was corrected from null to its default, 10. 
[02May2025 22:24:36.981] [Server thread/WARN] [net.minecraftforge.common.ForgeConfigSpec/CORE]: Incorrect key general.pump.maxPlenisherNodes was corrected from null to its default, 4000. 
[02May2025 22:24:36.983] [Server thread/WARN] [net.minecraftforge.common.ForgeConfigSpec/CORE]: Incorrect key general.quantum_entangloporter was corrected from null to its default, SimpleCommentedConfig:{}. 
[02May2025 22:24:36.983] [Server thread/WARN] [net.minecraftforge.common.ForgeConfigSpec/CORE]: Incorrect key general.quantum_entangloporter.energyBuffer was corrected from null to its default, 256000000. 
[02May2025 22:24:36.986] [Server thread/WARN] [net.minecraftforge.common.ForgeConfigSpec/CORE]: Incorrect key general.quantum_entangloporter.fluidBuffer was corrected from null to its default, 256000. 
[02May2025 22:24:36.986] [Server thread/WARN] [net.minecraftforge.common.ForgeConfigSpec/CORE]: Incorrect key general.quantum_entangloporter.chemicalBuffer was corrected from null to its default, 8192000. 
[02May2025 22:24:36.988] [Server thread/WARN] [net.minecraftforge.common.ForgeConfigSpec/CORE]: Incorrect key general.security was corrected from null to its default, SimpleCommentedConfig:{}. 
[02May2025 22:24:36.988] [Server thread/WARN] [net.minecraftforge.common.ForgeConfigSpec/CORE]: Incorrect key general.security.allowProtection was corrected from null to its default, true. 
[02May2025 22:24:36.988] [Server thread/WARN] [net.minecraftforge.common.ForgeConfigSpec/CORE]: Incorrect key general.security.opsBypassRestrictions was corrected from null to its default, false. 
[02May2025 22:24:36.990] [Server thread/WARN] [net.minecraftforge.common.ForgeConfigSpec/CORE]: Incorrect key general.nutritional_paste was corrected from null to its default, SimpleCommentedConfig:{}. 
[02May2025 22:24:36.993] [Server thread/WARN] [net.minecraftforge.common.ForgeConfigSpec/CORE]: Incorrect key general.nutritional_paste.saturation was corrected from null to its default, 0.8. 
[02May2025 22:24:36.993] [Server thread/WARN] [net.minecraftforge.common.ForgeConfigSpec/CORE]: Incorrect key general.nutritional_paste.mbPerFood was corrected from null to its default, 50. 
[02May2025 22:24:36.993] [Server thread/WARN] [net.minecraftforge.common.ForgeConfigSpec/CORE]: Incorrect key general.boiler was corrected from null to its default, SimpleCommentedConfig:{}. 
[02May2025 22:24:36.994] [Server thread/WARN] [net.minecraftforge.common.ForgeConfigSpec/CORE]: Incorrect key general.boiler.waterPerTank was corrected from null to its default, 16000. 
[02May2025 22:24:36.994] [Server thread/WARN] [net.minecraftforge.common.ForgeConfigSpec/CORE]: Incorrect key general.boiler.steamPerTank was corrected from null to its default, 160000. 
[02May2025 22:24:36.994] [Server thread/WARN] [net.minecraftforge.common.ForgeConfigSpec/CORE]: Incorrect key general.boiler.heatedCoolantPerTank was corrected from null to its default, 256000. 
[02May2025 22:24:36.994] [Server thread/WARN] [net.minecraftforge.common.ForgeConfigSpec/CORE]: Incorrect key general.boiler.cooledCoolantPerTank was corrected from null to its default, 256000. 
[02May2025 22:24:36.995] [Server thread/WARN] [net.minecraftforge.common.ForgeConfigSpec/CORE]: Incorrect key general.thermal_evaporation was corrected from null to its default, SimpleCommentedConfig:{}. 
[02May2025 22:24:36.995] [Server thread/WARN] [net.minecraftforge.common.ForgeConfigSpec/CORE]: Incorrect key general.thermal_evaporation.heatDissipation was corrected from null to its default, 0.02. 
[02May2025 22:24:36.995] [Server thread/WARN] [net.minecraftforge.common.ForgeConfigSpec/CORE]: Incorrect key general.thermal_evaporation.tempMultiplier was corrected from null to its default, 0.4. 
[02May2025 22:24:36.995] [Server thread/WARN] [net.minecraftforge.common.ForgeConfigSpec/CORE]: Incorrect key general.thermal_evaporation.solarMultiplier was corrected from null to its default, 0.2. 
[02May2025 22:24:36.995] [Server thread/WARN] [net.minecraftforge.common.ForgeConfigSpec/CORE]: Incorrect key general.thermal_evaporation.heatCapacity was corrected from null to its default, 100.0. 
[02May2025 22:24:37.004] [Server thread/WARN] [net.minecraftforge.common.ForgeConfigSpec/CORE]: Incorrect key general.thermal_evaporation.fluidPerTank was corrected from null to its default, 64000. 
[02May2025 22:24:37.005] [Server thread/WARN] [net.minecraftforge.common.ForgeConfigSpec/CORE]: Incorrect key general.thermal_evaporation.outputTankCapacity was corrected from null to its default, 10000. 
[02May2025 22:24:37.006] [Server thread/WARN] [net.minecraftforge.common.ForgeConfigSpec/CORE]: Incorrect key general.sps was corrected from null to its default, SimpleCommentedConfig:{}. 
[02May2025 22:24:37.007] [Server thread/WARN] [net.minecraftforge.common.ForgeConfigSpec/CORE]: Incorrect key general.sps.inputPerAntimatter was corrected from null to its default, 1000. 
[02May2025 22:24:37.008] [Server thread/WARN] [net.minecraftforge.common.ForgeConfigSpec/CORE]: Incorrect key general.sps.outputTankCapacity was corrected from null to its default, 1000. 
[02May2025 22:24:37.008] [Server thread/WARN] [net.minecraftforge.common.ForgeConfigSpec/CORE]: Incorrect key general.sps.energyPerInput was corrected from null to its default, 1000000. 
[02May2025 22:24:37.024] [Server thread/WARN] [net.minecraftforge.common.ForgeConfigSpec/CORE]: Configuration file /workspaces/moddedserver/config/Mekanism/gear.toml is not correct. Correcting
[02May2025 22:24:37.026] [Server thread/WARN] [net.minecraftforge.common.ForgeConfigSpec/CORE]: Incorrect key gear was corrected from null to its default, SimpleCommentedConfig:{}. 
[02May2025 22:24:37.026] [Server thread/WARN] [net.minecraftforge.common.ForgeConfigSpec/CORE]: Incorrect key gear.atomic_disassembler was corrected from null to its default, SimpleCommentedConfig:{}. 
[02May2025 22:24:37.026] [Server thread/WARN] [net.minecraftforge.common.ForgeConfigSpec/CORE]: Incorrect key gear.atomic_disassembler.energyUsage was corrected from null to its default, 10. 
[02May2025 22:24:37.026] [Server thread/WARN] [net.minecraftforge.common.ForgeConfigSpec/CORE]: Incorrect key gear.atomic_disassembler.energyUsageWeapon was corrected from null to its default, 2000. 
[02May2025 22:24:37.027] [Server thread/WARN] [net.minecraftforge.common.ForgeConfigSpec/CORE]: Incorrect key gear.atomic_disassembler.miningCount was corrected from null to its default, 128. 
[02May2025 22:24:37.027] [Server thread/WARN] [net.minecraftforge.common.ForgeConfigSpec/CORE]: Incorrect key gear.atomic_disassembler.slowMode was corrected from null to its default, true. 
[02May2025 22:24:37.027] [Server thread/WARN] [net.minecraftforge.common.ForgeConfigSpec/CORE]: Incorrect key gear.atomic_disassembler.fastMode was corrected from null to its default, true. 
[02May2025 22:24:37.027] [Server thread/WARN] [net.minecraftforge.common.ForgeConfigSpec/CORE]: Incorrect key gear.atomic_disassembler.veinMining was corrected from null to its default, false. 
[02May2025 22:24:37.027] [Server thread/WARN] [net.minecraftforge.common.ForgeConfigSpec/CORE]: Incorrect key gear.atomic_disassembler.minDamage was corrected from null to its default, 4. 
[02May2025 22:24:37.027] [Server thread/WARN] [net.minecraftforge.common.ForgeConfigSpec/CORE]: Incorrect key gear.atomic_disassembler.maxDamage was corrected from null to its default, 20. 
[02May2025 22:24:37.031] [Server thread/WARN] [net.minecraftforge.common.ForgeConfigSpec/CORE]: Incorrect key gear.atomic_disassembler.attackSpeed was corrected from null to its default, -2.4. 
[02May2025 22:24:37.033] [Server thread/WARN] [net.minecraftforge.common.ForgeConfigSpec/CORE]: Incorrect key gear.atomic_disassembler.maxEnergy was corrected from null to its default, 1000000. 
[02May2025 22:24:37.034] [Server thread/WARN] [net.minecraftforge.common.ForgeConfigSpec/CORE]: Incorrect key gear.atomic_disassembler.chargeRate was corrected from null to its default, 5000. 
[02May2025 22:24:37.034] [Server thread/WARN] [net.minecraftforge.common.ForgeConfigSpec/CORE]: Incorrect key gear.configurator was corrected from null to its default, SimpleCommentedConfig:{}. 
[02May2025 22:24:37.035] [Server thread/WARN] [net.minecraftforge.common.ForgeConfigSpec/CORE]: Incorrect key gear.configurator.maxEnergy was corrected from null to its default, 60000. 
[02May2025 22:24:37.035] [Server thread/WARN] [net.minecraftforge.common.ForgeConfigSpec/CORE]: Incorrect key gear.configurator.chargeRate was corrected from null to its default, 300. 
[02May2025 22:24:37.035] [Server thread/WARN] [net.minecraftforge.common.ForgeConfigSpec/CORE]: Incorrect key gear.configurator.energyPerConfigure was corrected from null to its default, 400. 
[02May2025 22:24:37.035] [Server thread/WARN] [net.minecraftforge.common.ForgeConfigSpec/CORE]: Incorrect key gear.configurator.energyPerItem was corrected from null to its default, 8. 
[02May2025 22:24:37.035] [Server thread/WARN] [net.minecraftforge.common.ForgeConfigSpec/CORE]: Incorrect key gear.electric_bow was corrected from null to its default, SimpleCommentedConfig:{}. 
[02May2025 22:24:37.035] [Server thread/WARN] [net.minecraftforge.common.ForgeConfigSpec/CORE]: Incorrect key gear.electric_bow.maxEnergy was corrected from null to its default, 120000. 
[02May2025 22:24:37.041] [Server thread/WARN] [net.minecraftforge.common.ForgeConfigSpec/CORE]: Incorrect key gear.electric_bow.chargeRate was corrected from null to its default, 600. 
[02May2025 22:24:37.042] [Server thread/WARN] [net.minecraftforge.common.ForgeConfigSpec/CORE]: Incorrect key gear.electric_bow.energyUsage was corrected from null to its default, 120. 
[02May2025 22:24:37.043] [Server thread/WARN] [net.minecraftforge.common.ForgeConfigSpec/CORE]: Incorrect key gear.electric_bow.energyUsageFire was corrected from null to its default, 1200. 
[02May2025 22:24:37.044] [Server thread/WARN] [net.minecraftforge.common.ForgeConfigSpec/CORE]: Incorrect key gear.energy_tablet was corrected from null to its default, SimpleCommentedConfig:{}. 
[02May2025 22:24:37.045] [Server thread/WARN] [net.minecraftforge.common.ForgeConfigSpec/CORE]: Incorrect key gear.energy_tablet.maxEnergy was corrected from null to its default, 1000000. 
[02May2025 22:24:37.047] [Server thread/WARN] [net.minecraftforge.common.ForgeConfigSpec/CORE]: Incorrect key gear.energy_tablet.chargeRate was corrected from null to its default, 5000. 
[02May2025 22:24:37.050] [Server thread/WARN] [net.minecraftforge.common.ForgeConfigSpec/CORE]: Incorrect key gear.flamethrower was corrected from null to its default, SimpleCommentedConfig:{}. 
[02May2025 22:24:37.051] [Server thread/WARN] [net.minecraftforge.common.ForgeConfigSpec/CORE]: Incorrect key gear.flamethrower.maxGas was corrected from null to its default, 24000. 
[02May2025 22:24:37.051] [Server thread/WARN] [net.minecraftforge.common.ForgeConfigSpec/CORE]: Incorrect key gear.flamethrower.fillRate was corrected from null to its default, 16. 
[02May2025 22:24:37.051] [Server thread/WARN] [net.minecraftforge.common.ForgeConfigSpec/CORE]: Incorrect key gear.flamethrower.destroyItems was corrected from null to its default, true. 
[02May2025 22:24:37.051] [Server thread/WARN] [net.minecraftforge.common.ForgeConfigSpec/CORE]: Incorrect key gear.free_runner was corrected from null to its default, SimpleCommentedConfig:{}. 
[02May2025 22:24:37.051] [Server thread/WARN] [net.minecraftforge.common.ForgeConfigSpec/CORE]: Incorrect key gear.free_runner.fallEnergyCost was corrected from null to its default, 50. 
[02May2025 22:24:37.057] [Server thread/WARN] [net.minecraftforge.common.ForgeConfigSpec/CORE]: Incorrect key gear.free_runner.fallDamageReductionRatio was corrected from null to its default, 1.0. 
[02May2025 22:24:37.059] [Server thread/WARN] [net.minecraftforge.common.ForgeConfigSpec/CORE]: Incorrect key gear.free_runner.maxEnergy was corrected from null to its default, 64000. 
[02May2025 22:24:37.059] [Server thread/WARN] [net.minecraftforge.common.ForgeConfigSpec/CORE]: Incorrect key gear.free_runner.chargeRate was corrected from null to its default, 320. 
[02May2025 22:24:37.060] [Server thread/WARN] [net.minecraftforge.common.ForgeConfigSpec/CORE]: Incorrect key gear.free_runner.armored was corrected from null to its default, SimpleCommentedConfig:{}. 
[02May2025 22:24:37.060] [Server thread/WARN] [net.minecraftforge.common.ForgeConfigSpec/CORE]: Incorrect key gear.free_runner.armored.armor was corrected from null to its default, 3. 
[02May2025 22:24:37.060] [Server thread/WARN] [net.minecraftforge.common.ForgeConfigSpec/CORE]: Incorrect key gear.free_runner.armored.toughness was corrected from null to its default, 2.0. 
[02May2025 22:24:37.060] [Server thread/WARN] [net.minecraftforge.common.ForgeConfigSpec/CORE]: Incorrect key gear.free_runner.armored.knockbackResistance was corrected from null to its default, 0.0. 
[02May2025 22:24:37.060] [Server thread/WARN] [net.minecraftforge.common.ForgeConfigSpec/CORE]: Incorrect key gear.jetpack was corrected from null to its default, SimpleCommentedConfig:{}. 
[02May2025 22:24:37.065] [Server thread/WARN] [net.minecraftforge.common.ForgeConfigSpec/CORE]: Incorrect key gear.jetpack.maxGas was corrected from null to its default, 24000. 
[02May2025 22:24:37.068] [Server thread/WARN] [net.minecraftforge.common.ForgeConfigSpec/CORE]: Incorrect key gear.jetpack.fillRate was corrected from null to its default, 16. 
[02May2025 22:24:37.068] [Server thread/WARN] [net.minecraftforge.common.ForgeConfigSpec/CORE]: Incorrect key gear.jetpack.armored was corrected from null to its default, SimpleCommentedConfig:{}. 
[02May2025 22:24:37.068] [Server thread/WARN] [net.minecraftforge.common.ForgeConfigSpec/CORE]: Incorrect key gear.jetpack.armored.armor was corrected from null to its default, 8. 
[02May2025 22:24:37.070] [Server thread/WARN] [net.minecraftforge.common.ForgeConfigSpec/CORE]: Incorrect key gear.jetpack.armored.toughness was corrected from null to its default, 2.0. 
[02May2025 22:24:37.073] [Server thread/WARN] [net.minecraftforge.common.ForgeConfigSpec/CORE]: Incorrect key gear.jetpack.armored.knockbackResistance was corrected from null to its default, 0.0. 
[02May2025 22:24:37.078] [Server thread/WARN] [net.minecraftforge.common.ForgeConfigSpec/CORE]: Incorrect key gear.network_reader was corrected from null to its default, SimpleCommentedConfig:{}. 
[02May2025 22:24:37.079] [Server thread/WARN] [net.minecraftforge.common.ForgeConfigSpec/CORE]: Incorrect key gear.network_reader.maxEnergy was corrected from null to its default, 60000. 
[02May2025 22:24:37.084] [Server thread/WARN] [net.minecraftforge.common.ForgeConfigSpec/CORE]: Incorrect key gear.network_reader.chargeRate was corrected from null to its default, 300. 
[02May2025 22:24:37.088] [Server thread/WARN] [net.minecraftforge.common.ForgeConfigSpec/CORE]: Incorrect key gear.network_reader.energyUsage was corrected from null to its default, 400. 
[02May2025 22:24:37.089] [Server thread/WARN] [net.minecraftforge.common.ForgeConfigSpec/CORE]: Incorrect key gear.portable_teleporter was corrected from null to its default, SimpleCommentedConfig:{}. 
[02May2025 22:24:37.089] [Server thread/WARN] [net.minecraftforge.common.ForgeConfigSpec/CORE]: Incorrect key gear.portable_teleporter.maxEnergy was corrected from null to its default, 1000000. 
[02May2025 22:24:37.089] [Server thread/WARN] [net.minecraftforge.common.ForgeConfigSpec/CORE]: Incorrect key gear.portable_teleporter.chargeRate was corrected from null to its default, 5000. 
[02May2025 22:24:37.089] [Server thread/WARN] [net.minecraftforge.common.ForgeConfigSpec/CORE]: Incorrect key gear.portable_teleporter.delay was corrected from null to its default, 0. 
[02May2025 22:24:37.093] [Server thread/WARN] [net.minecraftforge.common.ForgeConfigSpec/CORE]: Incorrect key gear.scuba_tank was corrected from null to its default, SimpleCommentedConfig:{}. 
[02May2025 22:24:37.096] [Server thread/WARN] [net.minecraftforge.common.ForgeConfigSpec/CORE]: Incorrect key gear.scuba_tank.maxGas was corrected from null to its default, 24000. 
[02May2025 22:24:37.096] [Server thread/WARN] [net.minecraftforge.common.ForgeConfigSpec/CORE]: Incorrect key gear.scuba_tank.fillRate was corrected from null to its default, 16. 
[02May2025 22:24:37.099] [Server thread/WARN] [net.minecraftforge.common.ForgeConfigSpec/CORE]: Incorrect key gear.seismic_reader was corrected from null to its default, SimpleCommentedConfig:{}. 
[02May2025 22:24:37.102] [Server thread/WARN] [net.minecraftforge.common.ForgeConfigSpec/CORE]: Incorrect key gear.seismic_reader.maxEnergy was corrected from null to its default, 12000. 
[02May2025 22:24:37.106] [Server thread/WARN] [net.minecraftforge.common.ForgeConfigSpec/CORE]: Incorrect key gear.seismic_reader.chargeRate was corrected from null to its default, 60. 
[02May2025 22:24:37.106] [Server thread/WARN] [net.minecraftforge.common.ForgeConfigSpec/CORE]: Incorrect key gear.seismic_reader.energyUsage was corrected from null to its default, 250. 
[02May2025 22:24:37.106] [Server thread/WARN] [net.minecraftforge.common.ForgeConfigSpec/CORE]: Incorrect key gear.canteen was corrected from null to its default, SimpleCommentedConfig:{}. 
[02May2025 22:24:37.106] [Server thread/WARN] [net.minecraftforge.common.ForgeConfigSpec/CORE]: Incorrect key gear.canteen.maxStorage was corrected from null to its default, 64000. 
[02May2025 22:24:37.107] [Server thread/WARN] [net.minecraftforge.common.ForgeConfigSpec/CORE]: Incorrect key gear.canteen.transferRate was corrected from null to its default, 128. 
[02May2025 22:24:37.107] [Server thread/WARN] [net.minecraftforge.common.ForgeConfigSpec/CORE]: Incorrect key gear.mekatool was corrected from null to its default, SimpleCommentedConfig:{}. 
[02May2025 22:24:37.107] [Server thread/WARN] [net.minecraftforge.common.ForgeConfigSpec/CORE]: Incorrect key gear.mekatool.energyUsage was corrected from null to its default, 10. 
[02May2025 22:24:37.107] [Server thread/WARN] [net.minecraftforge.common.ForgeConfigSpec/CORE]: Incorrect key gear.mekatool.energyUsageSilk was corrected from null to its default, 100. 
[02May2025 22:24:37.107] [Server thread/WARN] [net.minecraftforge.common.ForgeConfigSpec/CORE]: Incorrect key gear.mekatool.energyUsageWeapon was corrected from null to its default, 2000. 
[02May2025 22:24:37.111] [Server thread/WARN] [net.minecraftforge.common.ForgeConfigSpec/CORE]: Incorrect key gear.mekatool.energyUsageTeleport was corrected from null to its default, 1000. 
[02May2025 22:24:37.113] [Server thread/WARN] [net.minecraftforge.common.ForgeConfigSpec/CORE]: Incorrect key gear.mekatool.maxTeleportReach was corrected from null to its default, 100. 
[02May2025 22:24:37.114] [Server thread/WARN] [net.minecraftforge.common.ForgeConfigSpec/CORE]: Incorrect key gear.mekatool.baseDamage was corrected from null to its default, 4. 
[02May2025 22:24:37.115] [Server thread/WARN] [net.minecraftforge.common.ForgeConfigSpec/CORE]: Incorrect key gear.mekatool.attackSpeed was corrected from null to its default, -2.4. 
[02May2025 22:24:37.117] [Server thread/WARN] [net.minecraftforge.common.ForgeConfigSpec/CORE]: Incorrect key gear.mekatool.baseEfficiency was corrected from null to its default, 4.0. 
[02May2025 22:24:37.118] [Server thread/WARN] [net.minecraftforge.common.ForgeConfigSpec/CORE]: Incorrect key gear.mekatool.baseEnergyCapacity was corrected from null to its default, 16000000. 
[02May2025 22:24:37.119] [Server thread/WARN] [net.minecraftforge.common.ForgeConfigSpec/CORE]: Incorrect key gear.mekatool.chargeRate was corrected from null to its default, 100000. 
[02May2025 22:24:37.120] [Server thread/WARN] [net.minecraftforge.common.ForgeConfigSpec/CORE]: Incorrect key gear.mekatool.energyUsageHoe was corrected from null to its default, 10. 
[02May2025 22:24:37.121] [Server thread/WARN] [net.minecraftforge.common.ForgeConfigSpec/CORE]: Incorrect key gear.mekatool.energyUsageShovel was corrected from null to its default, 10. 
[02May2025 22:24:37.122] [Server thread/WARN] [net.minecraftforge.common.ForgeConfigSpec/CORE]: Incorrect key gear.mekatool.energyUsageAxe was corrected from null to its default, 10. 
[02May2025 22:24:37.122] [Server thread/WARN] [net.minecraftforge.common.ForgeConfigSpec/CORE]: Incorrect key gear.mekatool.energyUsageShearEntity was corrected from null to its default, 10. 
[02May2025 22:24:37.122] [Server thread/WARN] [net.minecraftforge.common.ForgeConfigSpec/CORE]: Incorrect key gear.mekatool.extendedMining was corrected from null to its default, true. 
[02May2025 22:24:37.122] [Server thread/WARN] [net.minecraftforge.common.ForgeConfigSpec/CORE]: Incorrect key gear.mekasuit was corrected from null to its default, SimpleCommentedConfig:{}. 
[02May2025 22:24:37.123] [Server thread/WARN] [net.minecraftforge.common.ForgeConfigSpec/CORE]: Incorrect key gear.mekasuit.baseEnergyCapacity was corrected from null to its default, 16000000. 
[02May2025 22:24:37.124] [Server thread/WARN] [net.minecraftforge.common.ForgeConfigSpec/CORE]: Incorrect key gear.mekasuit.chargeRate was corrected from null to its default, 100000. 
[02May2025 22:24:37.125] [Server thread/WARN] [net.minecraftforge.common.ForgeConfigSpec/CORE]: Incorrect key gear.mekasuit.baseJumpEnergyUsage was corrected from null to its default, 1000. 
[02May2025 22:24:37.127] [Server thread/WARN] [net.minecraftforge.common.ForgeConfigSpec/CORE]: Incorrect key gear.mekasuit.elytraEnergyUsage was corrected from null to its default, 32000. 
[02May2025 22:24:37.128] [Server thread/WARN] [net.minecraftforge.common.ForgeConfigSpec/CORE]: Incorrect key gear.mekasuit.energyUsagePotionTick was corrected from null to its default, 40000. 
[02May2025 22:24:37.128] [Server thread/WARN] [net.minecraftforge.common.ForgeConfigSpec/CORE]: Incorrect key gear.mekasuit.energyUsageMagicReduce was corrected from null to its default, 1000. 
[02May2025 22:24:37.129] [Server thread/WARN] [net.minecraftforge.common.ForgeConfigSpec/CORE]: Incorrect key gear.mekasuit.energyUsageFall was corrected from null to its default, 50. 
[02May2025 22:24:37.131] [Server thread/WARN] [net.minecraftforge.common.ForgeConfigSpec/CORE]: Incorrect key gear.mekasuit.energyUsageSprintBoost was corrected from null to its default, 100. 
[02May2025 22:24:37.131] [Server thread/WARN] [net.minecraftforge.common.ForgeConfigSpec/CORE]: Incorrect key gear.mekasuit.energyUsageGravitationalModulation was corrected from null to its default, 1000. 
[02May2025 22:24:37.132] [Server thread/WARN] [net.minecraftforge.common.ForgeConfigSpec/CORE]: Incorrect key gear.mekasuit.inventoryChargeRate was corrected from null to its default, 10000. 
[02May2025 22:24:37.132] [Server thread/WARN] [net.minecraftforge.common.ForgeConfigSpec/CORE]: Incorrect key gear.mekasuit.solarRechargingRate was corrected from null to its default, 500. 
[02May2025 22:24:37.133] [Server thread/WARN] [net.minecraftforge.common.ForgeConfigSpec/CORE]: Incorrect key gear.mekasuit.energyUsageVisionEnhancement was corrected from null to its default, 500. 
[02May2025 22:24:37.133] [Server thread/WARN] [net.minecraftforge.common.ForgeConfigSpec/CORE]: Incorrect key gear.mekasuit.energyUsageHydrostaticRepulsion was corrected from null to its default, 500. 
[02May2025 22:24:37.133] [Server thread/WARN] [net.minecraftforge.common.ForgeConfigSpec/CORE]: Incorrect key gear.mekasuit.energyUsageNutritionalInjection was corrected from null to its default, 20000. 
[02May2025 22:24:37.134] [Server thread/WARN] [net.minecraftforge.common.ForgeConfigSpec/CORE]: Incorrect key gear.mekasuit.energyUsageDamage was corrected from null to its default, 100000. 
[02May2025 22:24:37.134] [Server thread/WARN] [net.minecraftforge.common.ForgeConfigSpec/CORE]: Incorrect key gear.mekasuit.energyUsageItemAttraction was corrected from null to its default, 250. 
[02May2025 22:24:37.135] [Server thread/WARN] [net.minecraftforge.common.ForgeConfigSpec/CORE]: Incorrect key gear.mekasuit.gravitationalVibrations was corrected from null to its default, true. 
[02May2025 22:24:37.135] [Server thread/WARN] [net.minecraftforge.common.ForgeConfigSpec/CORE]: Incorrect key gear.mekasuit.nutritionalMaxStorage was corrected from null to its default, 128000. 
[02May2025 22:24:37.136] [Server thread/WARN] [net.minecraftforge.common.ForgeConfigSpec/CORE]: Incorrect key gear.mekasuit.nutritionalTransferRate was corrected from null to its default, 256. 
[02May2025 22:24:37.136] [Server thread/WARN] [net.minecraftforge.common.ForgeConfigSpec/CORE]: Incorrect key gear.mekasuit.jetpackMaxStorage was corrected from null to its default, 48000. 
[02May2025 22:24:37.136] [Server thread/WARN] [net.minecraftforge.common.ForgeConfigSpec/CORE]: Incorrect key gear.mekasuit.jetpackTransferRate was corrected from null to its default, 256. 
[02May2025 22:24:37.137] [Server thread/WARN] [net.minecraftforge.common.ForgeConfigSpec/CORE]: Incorrect key gear.mekasuit.helmetArmor was corrected from null to its default, 3. 
[02May2025 22:24:37.137] [Server thread/WARN] [net.minecraftforge.common.ForgeConfigSpec/CORE]: Incorrect key gear.mekasuit.bodyArmorArmor was corrected from null to its default, 8. 
[02May2025 22:24:37.137] [Server thread/WARN] [net.minecraftforge.common.ForgeConfigSpec/CORE]: Incorrect key gear.mekasuit.pantsArmor was corrected from null to its default, 6. 
[02May2025 22:24:37.137] [Server thread/WARN] [net.minecraftforge.common.ForgeConfigSpec/CORE]: Incorrect key gear.mekasuit.bootsArmor was corrected from null to its default, 3. 
[02May2025 22:24:37.138] [Server thread/WARN] [net.minecraftforge.common.ForgeConfigSpec/CORE]: Incorrect key gear.mekasuit.toughness was corrected from null to its default, 3.0. 
[02May2025 22:24:37.139] [Server thread/WARN] [net.minecraftforge.common.ForgeConfigSpec/CORE]: Incorrect key gear.mekasuit.knockbackResistance was corrected from null to its default, 0.10000000149011612. 
[02May2025 22:24:37.139] [Server thread/WARN] [net.minecraftforge.common.ForgeConfigSpec/CORE]: Incorrect key gear.mekasuit.damage_absorption was corrected from null to its default, SimpleCommentedConfig:{}. 
[02May2025 22:24:37.140] [Server thread/WARN] [net.minecraftforge.common.ForgeConfigSpec/CORE]: Incorrect key gear.mekasuit.damage_absorption.fallDamageReductionRatio was corrected from null to its default, 1.0. 
[02May2025 22:24:37.140] [Server thread/WARN] [net.minecraftforge.common.ForgeConfigSpec/CORE]: Incorrect key gear.mekasuit.damage_absorption.magicDamageReductionRatio was corrected from null to its default, 1.0. 
[02May2025 22:24:37.140] [Server thread/WARN] [net.minecraftforge.common.ForgeConfigSpec/CORE]: Incorrect key gear.mekasuit.damage_absorption.unspecifiedDamageReductionRatio was corrected from null to its default, 1.0. 
[02May2025 22:24:37.146] [Server thread/WARN] [net.minecraftforge.common.ForgeConfigSpec/CORE]: Incorrect key gear.mekasuit.damage_absorption.damageReductionRatio was corrected from null to its default, [minecraft:cactus,1.0, minecraft:cramming,1.0, minecraft:dragon_breath,1.0, minecraft:dry_out,1.0, minecraft:fall,1.0, minecraft:falling_anvil,1.0, minecraft:falling_block,1.0, minecraft:falling_stalactite,1.0, minecraft:fly_into_wall,1.0, minecraft:freeze,1.0, minecraft:generic,1.0, minecraft:hot_floor,1.0, minecraft:in_fire,1.0, minecraft:in_wall,1.0, minecraft:lava,1.0, minecraft:lightning_bolt,1.0, minecraft:on_fire,1.0, minecraft:sonic_boom,0.75, minecraft:stalagmite,1.0, minecraft:sweet_berry_bush,1.0, minecraft:wither,1.0]. 
[02May2025 22:24:37.157] [Server thread/WARN] [net.minecraftforge.common.ForgeConfigSpec/CORE]: Configuration file /workspaces/moddedserver/config/Mekanism/machine-storage.toml is not correct. Correcting
[02May2025 22:24:37.157] [Server thread/WARN] [net.minecraftforge.common.ForgeConfigSpec/CORE]: Incorrect key storage was corrected from null to its default, SimpleCommentedConfig:{}. 
[02May2025 22:24:37.158] [Server thread/WARN] [net.minecraftforge.common.ForgeConfigSpec/CORE]: Incorrect key storage.enrichmentChamber was corrected from null to its default, 20000. 
[02May2025 22:24:37.159] [Server thread/WARN] [net.minecraftforge.common.ForgeConfigSpec/CORE]: Incorrect key storage.osmiumCompressor was corrected from null to its default, 80000. 
[02May2025 22:24:37.159] [Server thread/WARN] [net.minecraftforge.common.ForgeConfigSpec/CORE]: Incorrect key storage.combiner was corrected from null to its default, 40000. 
[02May2025 22:24:37.160] [Server thread/WARN] [net.minecraftforge.common.ForgeConfigSpec/CORE]: Incorrect key storage.crusher was corrected from null to its default, 20000. 
[02May2025 22:24:37.160] [Server thread/WARN] [net.minecraftforge.common.ForgeConfigSpec/CORE]: Incorrect key storage.metallurgicInfuser was corrected from null to its default, 20000. 
[02May2025 22:24:37.160] [Server thread/WARN] [net.minecraftforge.common.ForgeConfigSpec/CORE]: Incorrect key storage.purificationChamber was corrected from null to its default, 80000. 
[02May2025 22:24:37.160] [Server thread/WARN] [net.minecraftforge.common.ForgeConfigSpec/CORE]: Incorrect key storage.energizedSmelter was corrected from null to its default, 20000. 
[02May2025 22:24:37.160] [Server thread/WARN] [net.minecraftforge.common.ForgeConfigSpec/CORE]: Incorrect key storage.digitalMiner was corrected from null to its default, 50000. 
[02May2025 22:24:37.161] [Server thread/WARN] [net.minecraftforge.common.ForgeConfigSpec/CORE]: Incorrect key storage.electricPump was corrected from null to its default, 40000. 
[02May2025 22:24:37.161] [Server thread/WARN] [net.minecraftforge.common.ForgeConfigSpec/CORE]: Incorrect key storage.chargePad was corrected from null to its default, 2048000. 
[02May2025 22:24:37.161] [Server thread/WARN] [net.minecraftforge.common.ForgeConfigSpec/CORE]: Incorrect key storage.rotaryCondensentrator was corrected from null to its default, 20000. 
[02May2025 22:24:37.161] [Server thread/WARN] [net.minecraftforge.common.ForgeConfigSpec/CORE]: Incorrect key storage.oxidationChamber was corrected from null to its default, 80000. 
[02May2025 22:24:37.162] [Server thread/WARN] [net.minecraftforge.common.ForgeConfigSpec/CORE]: Incorrect key storage.chemicalInfuser was corrected from null to its default, 80000. 
[02May2025 22:24:37.163] [Server thread/WARN] [net.minecraftforge.common.ForgeConfigSpec/CORE]: Incorrect key storage.chemicalInjectionChamber was corrected from null to its default, 160000. 
[02May2025 22:24:37.163] [Server thread/WARN] [net.minecraftforge.common.ForgeConfigSpec/CORE]: Incorrect key storage.electrolyticSeparator was corrected from null to its default, 160000. 
[02May2025 22:24:37.164] [Server thread/WARN] [net.minecraftforge.common.ForgeConfigSpec/CORE]: Incorrect key storage.precisionSawmill was corrected from null to its default, 20000. 
[02May2025 22:24:37.164] [Server thread/WARN] [net.minecraftforge.common.ForgeConfigSpec/CORE]: Incorrect key storage.chemicalDissolutionChamber was corrected from null to its default, 160000. 
[02May2025 22:24:37.165] [Server thread/WARN] [net.minecraftforge.common.ForgeConfigSpec/CORE]: Incorrect key storage.chemicalWasher was corrected from null to its default, 80000. 
[02May2025 22:24:37.165] [Server thread/WARN] [net.minecraftforge.common.ForgeConfigSpec/CORE]: Incorrect key storage.chemicalCrystallizer was corrected from null to its default, 160000. 
[02May2025 22:24:37.166] [Server thread/WARN] [net.minecraftforge.common.ForgeConfigSpec/CORE]: Incorrect key storage.seismicVibrator was corrected from null to its default, 20000. 
[02May2025 22:24:37.166] [Server thread/WARN] [net.minecraftforge.common.ForgeConfigSpec/CORE]: Incorrect key storage.pressurizedReactionBase was corrected from null to its default, 2000. 
[02May2025 22:24:37.166] [Server thread/WARN] [net.minecraftforge.common.ForgeConfigSpec/CORE]: Incorrect key storage.fluidicPlenisher was corrected from null to its default, 40000. 
[02May2025 22:24:37.166] [Server thread/WARN] [net.minecraftforge.common.ForgeConfigSpec/CORE]: Incorrect key storage.laser was corrected from null to its default, 2000000. 
[02May2025 22:24:37.166] [Server thread/WARN] [net.minecraftforge.common.ForgeConfigSpec/CORE]: Incorrect key storage.laserAmplifier was corrected from null to its default, 5000000000. 
[02May2025 22:24:37.167] [Server thread/WARN] [net.minecraftforge.common.ForgeConfigSpec/CORE]: Incorrect key storage.laserTractorBeam was corrected from null to its default, 5000000000. 
[02May2025 22:24:37.167] [Server thread/WARN] [net.minecraftforge.common.ForgeConfigSpec/CORE]: Incorrect key storage.formulaicAssemblicator was corrected from null to its default, 40000. 
[02May2025 22:24:37.169] [Server thread/WARN] [net.minecraftforge.common.ForgeConfigSpec/CORE]: Incorrect key storage.teleporter was corrected from null to its default, 5000000. 
[02May2025 22:24:37.169] [Server thread/WARN] [net.minecraftforge.common.ForgeConfigSpec/CORE]: Incorrect key storage.modificationStation was corrected from null to its default, 40000. 
[02May2025 22:24:37.170] [Server thread/WARN] [net.minecraftforge.common.ForgeConfigSpec/CORE]: Incorrect key storage.isotopicCentrifuge was corrected from null to its default, 80000. 
[02May2025 22:24:37.170] [Server thread/WARN] [net.minecraftforge.common.ForgeConfigSpec/CORE]: Incorrect key storage.nutritionalLiquifier was corrected from null to its default, 40000. 
[02May2025 22:24:37.172] [Server thread/WARN] [net.minecraftforge.common.ForgeConfigSpec/CORE]: Incorrect key storage.antiprotonicNucleosynthesizer was corrected from null to its default, 1000000000. 
[02May2025 22:24:37.172] [Server thread/WARN] [net.minecraftforge.common.ForgeConfigSpec/CORE]: Incorrect key storage.pigmentExtractor was corrected from null to its default, 40000. 
[02May2025 22:24:37.173] [Server thread/WARN] [net.minecraftforge.common.ForgeConfigSpec/CORE]: Incorrect key storage.pigmentMixer was corrected from null to its default, 80000. 
[02May2025 22:24:37.174] [Server thread/WARN] [net.minecraftforge.common.ForgeConfigSpec/CORE]: Incorrect key storage.paintingMachine was corrected from null to its default, 40000. 
[02May2025 22:24:37.174] [Server thread/WARN] [net.minecraftforge.common.ForgeConfigSpec/CORE]: Incorrect key storage.spsPort was corrected from null to its default, 1000000000. 
[02May2025 22:24:37.175] [Server thread/WARN] [net.minecraftforge.common.ForgeConfigSpec/CORE]: Incorrect key storage.dimensionalStabilizer was corrected from null to its default, 40000. 
[02May2025 22:24:37.181] [Server thread/WARN] [net.minecraftforge.common.ForgeConfigSpec/CORE]: Configuration file /workspaces/moddedserver/config/Mekanism/tiers.toml is not correct. Correcting
[02May2025 22:24:37.183] [Server thread/WARN] [net.minecraftforge.common.ForgeConfigSpec/CORE]: Incorrect key tier was corrected from null to its default, SimpleCommentedConfig:{}. 
[02May2025 22:24:37.186] [Server thread/WARN] [net.minecraftforge.common.ForgeConfigSpec/CORE]: Incorrect key tier.energy_cubes was corrected from null to its default, SimpleCommentedConfig:{}. 
[02May2025 22:24:37.186] [Server thread/WARN] [net.minecraftforge.common.ForgeConfigSpec/CORE]: Incorrect key tier.energy_cubes.basicStorage was corrected from null to its default, 4000000. 
[02May2025 22:24:37.186] [Server thread/WARN] [net.minecraftforge.common.ForgeConfigSpec/CORE]: Incorrect key tier.energy_cubes.basicOutput was corrected from null to its default, 4000. 
[02May2025 22:24:37.186] [Server thread/WARN] [net.minecraftforge.common.ForgeConfigSpec/CORE]: Incorrect key tier.energy_cubes.advancedStorage was corrected from null to its default, 16000000. 
[02May2025 22:24:37.187] [Server thread/WARN] [net.minecraftforge.common.ForgeConfigSpec/CORE]: Incorrect key tier.energy_cubes.advancedOutput was corrected from null to its default, 16000. 
[02May2025 22:24:37.187] [Server thread/WARN] [net.minecraftforge.common.ForgeConfigSpec/CORE]: Incorrect key tier.energy_cubes.eliteStorage was corrected from null to its default, 64000000. 
[02May2025 22:24:37.187] [Server thread/WARN] [net.minecraftforge.common.ForgeConfigSpec/CORE]: Incorrect key tier.energy_cubes.eliteOutput was corrected from null to its default, 64000. 
[02May2025 22:24:37.187] [Server thread/WARN] [net.minecraftforge.common.ForgeConfigSpec/CORE]: Incorrect key tier.energy_cubes.ultimateStorage was corrected from null to its default, 256000000. 
[02May2025 22:24:37.187] [Server thread/WARN] [net.minecraftforge.common.ForgeConfigSpec/CORE]: Incorrect key tier.energy_cubes.ultimateOutput was corrected from null to its default, 256000. 
[02May2025 22:24:37.191] [Server thread/WARN] [net.minecraftforge.common.ForgeConfigSpec/CORE]: Incorrect key tier.energy_cubes.creativeStorage was corrected from null to its default, 18446744073709551615.9999. 
[02May2025 22:24:37.192] [Server thread/WARN] [net.minecraftforge.common.ForgeConfigSpec/CORE]: Incorrect key tier.energy_cubes.creativeOutput was corrected from null to its default, 18446744073709551615.9999. 
[02May2025 22:24:37.194] [Server thread/WARN] [net.minecraftforge.common.ForgeConfigSpec/CORE]: Incorrect key tier.fluid_tanks was corrected from null to its default, SimpleCommentedConfig:{}. 
[02May2025 22:24:37.195] [Server thread/WARN] [net.minecraftforge.common.ForgeConfigSpec/CORE]: Incorrect key tier.fluid_tanks.basicStorage was corrected from null to its default, 32000. 
[02May2025 22:24:37.197] [Server thread/WARN] [net.minecraftforge.common.ForgeConfigSpec/CORE]: Incorrect key tier.fluid_tanks.basicOutput was corrected from null to its default, 1000. 
[02May2025 22:24:37.198] [Server thread/WARN] [net.minecraftforge.common.ForgeConfigSpec/CORE]: Incorrect key tier.fluid_tanks.advancedStorage was corrected from null to its default, 64000. 
[02May2025 22:24:37.202] [Server thread/WARN] [net.minecraftforge.common.ForgeConfigSpec/CORE]: Incorrect key tier.fluid_tanks.advancedOutput was corrected from null to its default, 4000. 
[02May2025 22:24:37.202] [Server thread/WARN] [net.minecraftforge.common.ForgeConfigSpec/CORE]: Incorrect key tier.fluid_tanks.eliteStorage was corrected from null to its default, 128000. 
[02May2025 22:24:37.202] [Server thread/WARN] [net.minecraftforge.common.ForgeConfigSpec/CORE]: Incorrect key tier.fluid_tanks.eliteOutput was corrected from null to its default, 16000. 
[02May2025 22:24:37.203] [Server thread/WARN] [net.minecraftforge.common.ForgeConfigSpec/CORE]: Incorrect key tier.fluid_tanks.ultimateStorage was corrected from null to its default, 256000. 
[02May2025 22:24:37.203] [Server thread/WARN] [net.minecraftforge.common.ForgeConfigSpec/CORE]: Incorrect key tier.fluid_tanks.ultimateOutput was corrected from null to its default, 64000. 
[02May2025 22:24:37.203] [Server thread/WARN] [net.minecraftforge.common.ForgeConfigSpec/CORE]: Incorrect key tier.fluid_tanks.creativeStorage was corrected from null to its default, 2147483647. 
[02May2025 22:24:37.203] [Server thread/WARN] [net.minecraftforge.common.ForgeConfigSpec/CORE]: Incorrect key tier.fluid_tanks.creativeOutput was corrected from null to its default, 1073741823. 
[02May2025 22:24:37.203] [Server thread/WARN] [net.minecraftforge.common.ForgeConfigSpec/CORE]: Incorrect key tier.chemical_tanks was corrected from null to its default, SimpleCommentedConfig:{}. 
[02May2025 22:24:37.209] [Server thread/WARN] [net.minecraftforge.common.ForgeConfigSpec/CORE]: Incorrect key tier.chemical_tanks.basicStorage was corrected from null to its default, 64000. 
[02May2025 22:24:37.209] [Server thread/WARN] [net.minecraftforge.common.ForgeConfigSpec/CORE]: Incorrect key tier.chemical_tanks.basicOutput was corrected from null to its default, 1000. 
[02May2025 22:24:37.211] [Server thread/WARN] [net.minecraftforge.common.ForgeConfigSpec/CORE]: Incorrect key tier.chemical_tanks.advancedStorage was corrected from null to its default, 256000. 
[02May2025 22:24:37.212] [Server thread/WARN] [net.minecraftforge.common.ForgeConfigSpec/CORE]: Incorrect key tier.chemical_tanks.advancedOutput was corrected from null to its default, 16000. 
[02May2025 22:24:37.212] [Server thread/WARN] [net.minecraftforge.common.ForgeConfigSpec/CORE]: Incorrect key tier.chemical_tanks.eliteStorage was corrected from null to its default, 1024000. 
[02May2025 22:24:37.212] [Server thread/WARN] [net.minecraftforge.common.ForgeConfigSpec/CORE]: Incorrect key tier.chemical_tanks.eliteOutput was corrected from null to its default, 128000. 
[02May2025 22:24:37.212] [Server thread/WARN] [net.minecraftforge.common.ForgeConfigSpec/CORE]: Incorrect key tier.chemical_tanks.ultimateStorage was corrected from null to its default, 8192000. 
[02May2025 22:24:37.212] [Server thread/WARN] [net.minecraftforge.common.ForgeConfigSpec/CORE]: Incorrect key tier.chemical_tanks.ultimateOutput was corrected from null to its default, 512000. 
[02May2025 22:24:37.213] [Server thread/WARN] [net.minecraftforge.common.ForgeConfigSpec/CORE]: Incorrect key tier.chemical_tanks.creativeStorage was corrected from null to its default, 9223372036854775807. 
[02May2025 22:24:37.213] [Server thread/WARN] [net.minecraftforge.common.ForgeConfigSpec/CORE]: Incorrect key tier.chemical_tanks.creativeOutput was corrected from null to its default, 4611686018427387903. 
[02May2025 22:24:37.213] [Server thread/WARN] [net.minecraftforge.common.ForgeConfigSpec/CORE]: Incorrect key tier.bins was corrected from null to its default, SimpleCommentedConfig:{}. 
[02May2025 22:24:37.213] [Server thread/WARN] [net.minecraftforge.common.ForgeConfigSpec/CORE]: Incorrect key tier.bins.basicStorage was corrected from null to its default, 4096. 
[02May2025 22:24:37.213] [Server thread/WARN] [net.minecraftforge.common.ForgeConfigSpec/CORE]: Incorrect key tier.bins.advancedStorage was corrected from null to its default, 8192. 
[02May2025 22:24:37.214] [Server thread/WARN] [net.minecraftforge.common.ForgeConfigSpec/CORE]: Incorrect key tier.bins.eliteStorage was corrected from null to its default, 32768. 
[02May2025 22:24:37.215] [Server thread/WARN] [net.minecraftforge.common.ForgeConfigSpec/CORE]: Incorrect key tier.bins.ultimateStorage was corrected from null to its default, 262144. 
[02May2025 22:24:37.215] [Server thread/WARN] [net.minecraftforge.common.ForgeConfigSpec/CORE]: Incorrect key tier.bins.creativeStorage was corrected from null to its default, 2147483647. 
[02May2025 22:24:37.218] [Server thread/WARN] [net.minecraftforge.common.ForgeConfigSpec/CORE]: Incorrect key tier.induction was corrected from null to its default, SimpleCommentedConfig:{}. 
[02May2025 22:24:37.220] [Server thread/WARN] [net.minecraftforge.common.ForgeConfigSpec/CORE]: Incorrect key tier.induction.basicStorage was corrected from null to its default, 8000000000. 
[02May2025 22:24:37.221] [Server thread/WARN] [net.minecraftforge.common.ForgeConfigSpec/CORE]: Incorrect key tier.induction.advancedStorage was corrected from null to its default, 64000000000. 
[02May2025 22:24:37.222] [Server thread/WARN] [net.minecraftforge.common.ForgeConfigSpec/CORE]: Incorrect key tier.induction.eliteStorage was corrected from null to its default, 512000000000. 
[02May2025 22:24:37.222] [Server thread/WARN] [net.minecraftforge.common.ForgeConfigSpec/CORE]: Incorrect key tier.induction.ultimateStorage was corrected from null to its default, 4000000000000. 
[02May2025 22:24:37.223] [Server thread/WARN] [net.minecraftforge.common.ForgeConfigSpec/CORE]: Incorrect key tier.induction.basicOutput was corrected from null to its default, 256000. 
[02May2025 22:24:37.223] [Server thread/WARN] [net.minecraftforge.common.ForgeConfigSpec/CORE]: Incorrect key tier.induction.advancedOutput was corrected from null to its default, 2048000. 
[02May2025 22:24:37.224] [Server thread/WARN] [net.minecraftforge.common.ForgeConfigSpec/CORE]: Incorrect key tier.induction.eliteOutput was corrected from null to its default, 16384000. 
[02May2025 22:24:37.224] [Server thread/WARN] [net.minecraftforge.common.ForgeConfigSpec/CORE]: Incorrect key tier.induction.ultimateOutput was corrected from null to its default, 131072000. 
[02May2025 22:24:37.224] [Server thread/WARN] [net.minecraftforge.common.ForgeConfigSpec/CORE]: Incorrect key tier.transmitters was corrected from null to its default, SimpleCommentedConfig:{}. 
[02May2025 22:24:37.224] [Server thread/WARN] [net.minecraftforge.common.ForgeConfigSpec/CORE]: Incorrect key tier.transmitters.energy was corrected from null to its default, SimpleCommentedConfig:{}. 
[02May2025 22:24:37.227] [Server thread/WARN] [net.minecraftforge.common.ForgeConfigSpec/CORE]: Incorrect key tier.transmitters.energy.basicCapacity was corrected from null to its default, 8000. 
[02May2025 22:24:37.227] [Server thread/WARN] [net.minecraftforge.common.ForgeConfigSpec/CORE]: Incorrect key tier.transmitters.energy.advancedCapacity was corrected from null to its default, 128000. 
[02May2025 22:24:37.229] [Server thread/WARN] [net.minecraftforge.common.ForgeConfigSpec/CORE]: Incorrect key tier.transmitters.energy.eliteCapacity was corrected from null to its default, 1024000. 
[02May2025 22:24:37.231] [Server thread/WARN] [net.minecraftforge.common.ForgeConfigSpec/CORE]: Incorrect key tier.transmitters.energy.ultimateCapacity was corrected from null to its default, 8192000. 
[02May2025 22:24:37.233] [Server thread/WARN] [net.minecraftforge.common.ForgeConfigSpec/CORE]: Incorrect key tier.transmitters.fluid was corrected from null to its default, SimpleCommentedConfig:{}. 
[02May2025 22:24:37.233] [Server thread/WARN] [net.minecraftforge.common.ForgeConfigSpec/CORE]: Incorrect key tier.transmitters.fluid.basicCapacity was corrected from null to its default, 2000. 
[02May2025 22:24:37.233] [Server thread/WARN] [net.minecraftforge.common.ForgeConfigSpec/CORE]: Incorrect key tier.transmitters.fluid.basicPullAmount was corrected from null to its default, 250. 
[02May2025 22:24:37.234] [Server thread/WARN] [net.minecraftforge.common.ForgeConfigSpec/CORE]: Incorrect key tier.transmitters.fluid.advancedCapacity was corrected from null to its default, 8000. 
[02May2025 22:24:37.234] [Server thread/WARN] [net.minecraftforge.common.ForgeConfigSpec/CORE]: Incorrect key tier.transmitters.fluid.advancedPullAmount was corrected from null to its default, 1000. 
[02May2025 22:24:37.234] [Server thread/WARN] [net.minecraftforge.common.ForgeConfigSpec/CORE]: Incorrect key tier.transmitters.fluid.eliteCapacity was corrected from null to its default, 32000. 
[02May2025 22:24:37.234] [Server thread/WARN] [net.minecraftforge.common.ForgeConfigSpec/CORE]: Incorrect key tier.transmitters.fluid.elitePullAmount was corrected from null to its default, 8000. 
[02May2025 22:24:37.234] [Server thread/WARN] [net.minecraftforge.common.ForgeConfigSpec/CORE]: Incorrect key tier.transmitters.fluid.ultimateCapacity was corrected from null to its default, 128000. 
[02May2025 22:24:37.234] [Server thread/WARN] [net.minecraftforge.common.ForgeConfigSpec/CORE]: Incorrect key tier.transmitters.fluid.ultimatePullAmount was corrected from null to its default, 32000. 
[02May2025 22:24:37.235] [Server thread/WARN] [net.minecraftforge.common.ForgeConfigSpec/CORE]: Incorrect key tier.transmitters.chemical was corrected from null to its default, SimpleCommentedConfig:{}. 
[02May2025 22:24:37.235] [Server thread/WARN] [net.minecraftforge.common.ForgeConfigSpec/CORE]: Incorrect key tier.transmitters.chemical.basicCapacity was corrected from null to its default, 4000. 
[02May2025 22:24:37.235] [Server thread/WARN] [net.minecraftforge.common.ForgeConfigSpec/CORE]: Incorrect key tier.transmitters.chemical.basicPullAmount was corrected from null to its default, 750. 
[02May2025 22:24:37.235] [Server thread/WARN] [net.minecraftforge.common.ForgeConfigSpec/CORE]: Incorrect key tier.transmitters.chemical.advancedCapacity was corrected from null to its default, 16000. 
[02May2025 22:24:37.235] [Server thread/WARN] [net.minecraftforge.common.ForgeConfigSpec/CORE]: Incorrect key tier.transmitters.chemical.advancedPullAmount was corrected from null to its default, 2000. 
[02May2025 22:24:37.235] [Server thread/WARN] [net.minecraftforge.common.ForgeConfigSpec/CORE]: Incorrect key tier.transmitters.chemical.eliteCapacity was corrected from null to its default, 256000. 
[02May2025 22:24:37.243] [Server thread/WARN] [net.minecraftforge.common.ForgeConfigSpec/CORE]: Incorrect key tier.transmitters.chemical.elitePullAmount was corrected from null to its default, 64000. 
[02May2025 22:24:37.244] [Server thread/WARN] [net.minecraftforge.common.ForgeConfigSpec/CORE]: Incorrect key tier.transmitters.chemical.ultimateCapacity was corrected from null to its default, 1024000. 
[02May2025 22:24:37.246] [Server thread/WARN] [net.minecraftforge.common.ForgeConfigSpec/CORE]: Incorrect key tier.transmitters.chemical.ultimatePullAmount was corrected from null to its default, 256000. 
[02May2025 22:24:37.249] [Server thread/WARN] [net.minecraftforge.common.ForgeConfigSpec/CORE]: Incorrect key tier.transmitters.items was corrected from null to its default, SimpleCommentedConfig:{}. 
[02May2025 22:24:37.249] [Server thread/WARN] [net.minecraftforge.common.ForgeConfigSpec/CORE]: Incorrect key tier.transmitters.items.basicPullAmount was corrected from null to its default, 1. 
[02May2025 22:24:37.249] [Server thread/WARN] [net.minecraftforge.common.ForgeConfigSpec/CORE]: Incorrect key tier.transmitters.items.basicSpeed was corrected from null to its default, 5. 
[02May2025 22:24:37.249] [Server thread/WARN] [net.minecraftforge.common.ForgeConfigSpec/CORE]: Incorrect key tier.transmitters.items.advancedPullAmount was corrected from null to its default, 16. 
[02May2025 22:24:37.249] [Server thread/WARN] [net.minecraftforge.common.ForgeConfigSpec/CORE]: Incorrect key tier.transmitters.items.advancedSpeed was corrected from null to its default, 10. 
[02May2025 22:24:37.249] [Server thread/WARN] [net.minecraftforge.common.ForgeConfigSpec/CORE]: Incorrect key tier.transmitters.items.elitePullAmount was corrected from null to its default, 32. 
[02May2025 22:24:37.250] [Server thread/WARN] [net.minecraftforge.common.ForgeConfigSpec/CORE]: Incorrect key tier.transmitters.items.eliteSpeed was corrected from null to its default, 20. 
[02May2025 22:24:37.250] [Server thread/WARN] [net.minecraftforge.common.ForgeConfigSpec/CORE]: Incorrect key tier.transmitters.items.ultimatePullAmount was corrected from null to its default, 64. 
[02May2025 22:24:37.250] [Server thread/WARN] [net.minecraftforge.common.ForgeConfigSpec/CORE]: Incorrect key tier.transmitters.items.ultimateSpeed was corrected from null to its default, 50. 
[02May2025 22:24:37.250] [Server thread/WARN] [net.minecraftforge.common.ForgeConfigSpec/CORE]: Incorrect key tier.transmitters.heat was corrected from null to its default, SimpleCommentedConfig:{}. 
[02May2025 22:24:37.250] [Server thread/WARN] [net.minecraftforge.common.ForgeConfigSpec/CORE]: Incorrect key tier.transmitters.heat.basicInverseConduction was corrected from null to its default, 5.0. 
[02May2025 22:24:37.250] [Server thread/WARN] [net.minecraftforge.common.ForgeConfigSpec/CORE]: Incorrect key tier.transmitters.heat.basicHeatCapacity was corrected from null to its default, 1.0. 
[02May2025 22:24:37.256] [Server thread/WARN] [net.minecraftforge.common.ForgeConfigSpec/CORE]: Incorrect key tier.transmitters.heat.basicInsulation was corrected from null to its default, 10.0. 
[02May2025 22:24:37.257] [Server thread/WARN] [net.minecraftforge.common.ForgeConfigSpec/CORE]: Incorrect key tier.transmitters.heat.advancedInverseConduction was corrected from null to its default, 5.0. 
[02May2025 22:24:37.258] [Server thread/WARN] [net.minecraftforge.common.ForgeConfigSpec/CORE]: Incorrect key tier.transmitters.heat.advancedHeatCapacity was corrected from null to its default, 1.0. 
[02May2025 22:24:37.260] [Server thread/WARN] [net.minecraftforge.common.ForgeConfigSpec/CORE]: Incorrect key tier.transmitters.heat.advancedInsulation was corrected from null to its default, 400.0. 
[02May2025 22:24:37.262] [Server thread/WARN] [net.minecraftforge.common.ForgeConfigSpec/CORE]: Incorrect key tier.transmitters.heat.eliteInverseConduction was corrected from null to its default, 5.0. 
[02May2025 22:24:37.263] [Server thread/WARN] [net.minecraftforge.common.ForgeConfigSpec/CORE]: Incorrect key tier.transmitters.heat.eliteHeatCapacity was corrected from null to its default, 1.0. 
[02May2025 22:24:37.263] [Server thread/WARN] [net.minecraftforge.common.ForgeConfigSpec/CORE]: Incorrect key tier.transmitters.heat.eliteInsulation was corrected from null to its default, 8000.0. 
[02May2025 22:24:37.264] [Server thread/WARN] [net.minecraftforge.common.ForgeConfigSpec/CORE]: Incorrect key tier.transmitters.heat.ultimateInverseConduction was corrected from null to its default, 5.0. 
[02May2025 22:24:37.264] [Server thread/WARN] [net.minecraftforge.common.ForgeConfigSpec/CORE]: Incorrect key tier.transmitters.heat.ultimateHeatCapacity was corrected from null to its default, 1.0. 
[02May2025 22:24:37.265] [Server thread/WARN] [net.minecraftforge.common.ForgeConfigSpec/CORE]: Incorrect key tier.transmitters.heat.ultimateInsulation was corrected from null to its default, 100000.0. 
[02May2025 22:24:37.278] [Server thread/WARN] [net.minecraftforge.common.ForgeConfigSpec/CORE]: Configuration file /workspaces/moddedserver/config/Mekanism/machine-usage.toml is not correct. Correcting
[02May2025 22:24:37.281] [Server thread/WARN] [net.minecraftforge.common.ForgeConfigSpec/CORE]: Incorrect key usage was corrected from null to its default, SimpleCommentedConfig:{}. 
[02May2025 22:24:37.281] [Server thread/WARN] [net.minecraftforge.common.ForgeConfigSpec/CORE]: Incorrect key usage.enrichmentChamber was corrected from null to its default, 50. 
[02May2025 22:24:37.281] [Server thread/WARN] [net.minecraftforge.common.ForgeConfigSpec/CORE]: Incorrect key usage.osmiumCompressor was corrected from null to its default, 100. 
[02May2025 22:24:37.281] [Server thread/WARN] [net.minecraftforge.common.ForgeConfigSpec/CORE]: Incorrect key usage.combiner was corrected from null to its default, 50. 
[02May2025 22:24:37.281] [Server thread/WARN] [net.minecraftforge.common.ForgeConfigSpec/CORE]: Incorrect key usage.crusher was corrected from null to its default, 50. 
[02May2025 22:24:37.282] [Server thread/WARN] [net.minecraftforge.common.ForgeConfigSpec/CORE]: Incorrect key usage.metallurgicInfuser was corrected from null to its default, 50. 
[02May2025 22:24:37.282] [Server thread/WARN] [net.minecraftforge.common.ForgeConfigSpec/CORE]: Incorrect key usage.purificationChamber was corrected from null to its default, 200. 
[02May2025 22:24:37.282] [Server thread/WARN] [net.minecraftforge.common.ForgeConfigSpec/CORE]: Incorrect key usage.energizedSmelter was corrected from null to its default, 50. 
[02May2025 22:24:37.282] [Server thread/WARN] [net.minecraftforge.common.ForgeConfigSpec/CORE]: Incorrect key usage.digitalMiner was corrected from null to its default, 1000. 
[02May2025 22:24:37.282] [Server thread/WARN] [net.minecraftforge.common.ForgeConfigSpec/CORE]: Incorrect key usage.electricPump was corrected from null to its default, 100. 
[02May2025 22:24:37.282] [Server thread/WARN] [net.minecraftforge.common.ForgeConfigSpec/CORE]: Incorrect key usage.chargePad was corrected from null to its default, 1024000. 
[02May2025 22:24:37.284] [Server thread/WARN] [net.minecraftforge.common.ForgeConfigSpec/CORE]: Incorrect key usage.rotaryCondensentrator was corrected from null to its default, 50. 
[02May2025 22:24:37.285] [Server thread/WARN] [net.minecraftforge.common.ForgeConfigSpec/CORE]: Incorrect key usage.oxidationChamber was corrected from null to its default, 200. 
[02May2025 22:24:37.285] [Server thread/WARN] [net.minecraftforge.common.ForgeConfigSpec/CORE]: Incorrect key usage.chemicalInfuser was corrected from null to its default, 200. 
[02May2025 22:24:37.287] [Server thread/WARN] [net.minecraftforge.common.ForgeConfigSpec/CORE]: Incorrect key usage.chemicalInjectionChamber was corrected from null to its default, 400. 
[02May2025 22:24:37.288] [Server thread/WARN] [net.minecraftforge.common.ForgeConfigSpec/CORE]: Incorrect key usage.precisionSawmill was corrected from null to its default, 50. 
[02May2025 22:24:37.289] [Server thread/WARN] [net.minecraftforge.common.ForgeConfigSpec/CORE]: Incorrect key usage.chemicalDissolutionChamber was corrected from null to its default, 400. 
[02May2025 22:24:37.289] [Server thread/WARN] [net.minecraftforge.common.ForgeConfigSpec/CORE]: Incorrect key usage.chemicalWasher was corrected from null to its default, 200. 
[02May2025 22:24:37.291] [Server thread/WARN] [net.minecraftforge.common.ForgeConfigSpec/CORE]: Incorrect key usage.chemicalCrystallizer was corrected from null to its default, 400. 
[02May2025 22:24:37.292] [Server thread/WARN] [net.minecraftforge.common.ForgeConfigSpec/CORE]: Incorrect key usage.seismicVibrator was corrected from null to its default, 50. 
[02May2025 22:24:37.294] [Server thread/WARN] [net.minecraftforge.common.ForgeConfigSpec/CORE]: Incorrect key usage.pressurizedReactionBase was corrected from null to its default, 5. 
[02May2025 22:24:37.294] [Server thread/WARN] [net.minecraftforge.common.ForgeConfigSpec/CORE]: Incorrect key usage.fluidicPlenisher was corrected from null to its default, 100. 
[02May2025 22:24:37.295] [Server thread/WARN] [net.minecraftforge.common.ForgeConfigSpec/CORE]: Incorrect key usage.laser was corrected from null to its default, 10000. 
[02May2025 22:24:37.295] [Server thread/WARN] [net.minecraftforge.common.ForgeConfigSpec/CORE]: Incorrect key usage.formulaicAssemblicator was corrected from null to its default, 100. 
[02May2025 22:24:37.296] [Server thread/WARN] [net.minecraftforge.common.ForgeConfigSpec/CORE]: Incorrect key usage.modificationStation was corrected from null to its default, 100. 
[02May2025 22:24:37.296] [Server thread/WARN] [net.minecraftforge.common.ForgeConfigSpec/CORE]: Incorrect key usage.isotopicCentrifuge was corrected from null to its default, 200. 
[02May2025 22:24:37.296] [Server thread/WARN] [net.minecraftforge.common.ForgeConfigSpec/CORE]: Incorrect key usage.nutritionalLiquifier was corrected from null to its default, 200. 
[02May2025 22:24:37.296] [Server thread/WARN] [net.minecraftforge.common.ForgeConfigSpec/CORE]: Incorrect key usage.antiprotonicNucleosynthesizer was corrected from null to its default, 100000. 
[02May2025 22:24:37.297] [Server thread/WARN] [net.minecraftforge.common.ForgeConfigSpec/CORE]: Incorrect key usage.pigmentExtractor was corrected from null to its default, 200. 
[02May2025 22:24:37.298] [Server thread/WARN] [net.minecraftforge.common.ForgeConfigSpec/CORE]: Incorrect key usage.pigmentMixer was corrected from null to its default, 200. 
[02May2025 22:24:37.299] [Server thread/WARN] [net.minecraftforge.common.ForgeConfigSpec/CORE]: Incorrect key usage.paintingMachine was corrected from null to its default, 100. 
[02May2025 22:24:37.299] [Server thread/WARN] [net.minecraftforge.common.ForgeConfigSpec/CORE]: Incorrect key usage.dimensionalStabilizer was corrected from null to its default, 5000. 
[02May2025 22:24:37.301] [Server thread/WARN] [net.minecraftforge.common.ForgeConfigSpec/CORE]: Incorrect key usage.teleporter was corrected from null to its default, SimpleCommentedConfig:{}. 
[02May2025 22:24:37.302] [Server thread/WARN] [net.minecraftforge.common.ForgeConfigSpec/CORE]: Incorrect key usage.teleporter.teleporterBase was corrected from null to its default, 1000. 
[02May2025 22:24:37.302] [Server thread/WARN] [net.minecraftforge.common.ForgeConfigSpec/CORE]: Incorrect key usage.teleporter.teleporterDistance was corrected from null to its default, 10. 
[02May2025 22:24:37.303] [Server thread/WARN] [net.minecraftforge.common.ForgeConfigSpec/CORE]: Incorrect key usage.teleporter.teleporterDimensionPenalty was corrected from null to its default, 10000. 
[02May2025 22:24:37.317] [Server thread/WARN] [net.minecraftforge.common.ForgeConfigSpec/CORE]: Configuration file /workspaces/moddedserver/config/Mekanism/world.toml is not correct. Correcting
[02May2025 22:24:37.318] [Server thread/WARN] [net.minecraftforge.common.ForgeConfigSpec/CORE]: Incorrect key world_generation was corrected from null to its default, SimpleCommentedConfig:{}. 
[02May2025 22:24:37.319] [Server thread/WARN] [net.minecraftforge.common.ForgeConfigSpec/CORE]: Incorrect key world_generation.enableRegeneration was corrected from null to its default, false. 
[02May2025 22:24:37.320] [Server thread/WARN] [net.minecraftforge.common.ForgeConfigSpec/CORE]: Incorrect key world_generation.userWorldGenVersion was corrected from null to its default, 0. 
[02May2025 22:24:37.320] [Server thread/WARN] [net.minecraftforge.common.ForgeConfigSpec/CORE]: Incorrect key world_generation.tin was corrected from null to its default, SimpleCommentedConfig:{}. 
[02May2025 22:24:37.320] [Server thread/WARN] [net.minecraftforge.common.ForgeConfigSpec/CORE]: Incorrect key world_generation.tin.shouldGenerate was corrected from null to its default, true. 
[02May2025 22:24:37.320] [Server thread/WARN] [net.minecraftforge.common.ForgeConfigSpec/CORE]: Incorrect key world_generation.tin.small was corrected from null to its default, SimpleCommentedConfig:{}. 
[02May2025 22:24:37.320] [Server thread/WARN] [net.minecraftforge.common.ForgeConfigSpec/CORE]: Incorrect key world_generation.tin.small.shouldGenerate was corrected from null to its default, true. 
[02May2025 22:24:37.321] [Server thread/WARN] [net.minecraftforge.common.ForgeConfigSpec/CORE]: Incorrect key world_generation.tin.small.perChunk was corrected from null to its default, 14. 
[02May2025 22:24:37.322] [Server thread/WARN] [net.minecraftforge.common.ForgeConfigSpec/CORE]: Incorrect key world_generation.tin.small.maxVeinSize was corrected from null to its default, 4. 
[02May2025 22:24:37.323] [Server thread/WARN] [net.minecraftforge.common.ForgeConfigSpec/CORE]: Incorrect key world_generation.tin.small.discardChanceOnAirExposure was corrected from null to its default, 0.0. 
[02May2025 22:24:37.323] [Server thread/WARN] [net.minecraftforge.common.ForgeConfigSpec/CORE]: Incorrect key world_generation.tin.small.shape was corrected from null to its default, TRAPEZOID. 
[02May2025 22:24:37.324] [Server thread/WARN] [net.minecraftforge.common.ForgeConfigSpec/CORE]: Incorrect key world_generation.tin.small.minInclusive was corrected from null to its default, SimpleCommentedConfig:{}. 
[02May2025 22:24:37.324] [Server thread/WARN] [net.minecraftforge.common.ForgeConfigSpec/CORE]: Incorrect key world_generation.tin.small.minInclusive.type was corrected from null to its default, ABSOLUTE. 
[02May2025 22:24:37.326] [Server thread/WARN] [net.minecraftforge.common.ForgeConfigSpec/CORE]: Incorrect key world_generation.tin.small.minInclusive.value was corrected from null to its default, -20. 
[02May2025 22:24:37.328] [Server thread/WARN] [net.minecraftforge.common.ForgeConfigSpec/CORE]: Incorrect key world_generation.tin.small.maxInclusive was corrected from null to its default, SimpleCommentedConfig:{}. 
[02May2025 22:24:37.328] [Server thread/WARN] [net.minecraftforge.common.ForgeConfigSpec/CORE]: Incorrect key world_generation.tin.small.maxInclusive.type was corrected from null to its default, ABSOLUTE. 
[02May2025 22:24:37.328] [Server thread/WARN] [net.minecraftforge.common.ForgeConfigSpec/CORE]: Incorrect key world_generation.tin.small.maxInclusive.value was corrected from null to its default, 94. 
[02May2025 22:24:37.328] [Server thread/WARN] [net.minecraftforge.common.ForgeConfigSpec/CORE]: Incorrect key world_generation.tin.small.plateau was corrected from null to its default, 0. 
[02May2025 22:24:37.328] [Server thread/WARN] [net.minecraftforge.common.ForgeConfigSpec/CORE]: Incorrect key world_generation.tin.large was corrected from null to its default, SimpleCommentedConfig:{}. 
[02May2025 22:24:37.328] [Server thread/WARN] [net.minecraftforge.common.ForgeConfigSpec/CORE]: Incorrect key world_generation.tin.large.shouldGenerate was corrected from null to its default, true. 
[02May2025 22:24:37.331] [Server thread/WARN] [net.minecraftforge.common.ForgeConfigSpec/CORE]: Incorrect key world_generation.tin.large.perChunk was corrected from null to its default, 12. 
[02May2025 22:24:37.331] [Server thread/WARN] [net.minecraftforge.common.ForgeConfigSpec/CORE]: Incorrect key world_generation.tin.large.maxVeinSize was corrected from null to its default, 9. 
[02May2025 22:24:37.331] [Server thread/WARN] [net.minecraftforge.common.ForgeConfigSpec/CORE]: Incorrect key world_generation.tin.large.discardChanceOnAirExposure was corrected from null to its default, 0.0. 
[02May2025 22:24:37.331] [Server thread/WARN] [net.minecraftforge.common.ForgeConfigSpec/CORE]: Incorrect key world_generation.tin.large.shape was corrected from null to its default, TRAPEZOID. 
[02May2025 22:24:37.332] [Server thread/WARN] [net.minecraftforge.common.ForgeConfigSpec/CORE]: Incorrect key world_generation.tin.large.minInclusive was corrected from null to its default, SimpleCommentedConfig:{}. 
[02May2025 22:24:37.332] [Server thread/WARN] [net.minecraftforge.common.ForgeConfigSpec/CORE]: Incorrect key world_generation.tin.large.minInclusive.type was corrected from null to its default, ABSOLUTE. 
[02May2025 22:24:37.332] [Server thread/WARN] [net.minecraftforge.common.ForgeConfigSpec/CORE]: Incorrect key world_generation.tin.large.minInclusive.value was corrected from null to its default, -32. 
[02May2025 22:24:37.332] [Server thread/WARN] [net.minecraftforge.common.ForgeConfigSpec/CORE]: Incorrect key world_generation.tin.large.maxInclusive was corrected from null to its default, SimpleCommentedConfig:{}. 
[02May2025 22:24:37.332] [Server thread/WARN] [net.minecraftforge.common.ForgeConfigSpec/CORE]: Incorrect key world_generation.tin.large.maxInclusive.type was corrected from null to its default, ABSOLUTE. 
[02May2025 22:24:37.332] [Server thread/WARN] [net.minecraftforge.common.ForgeConfigSpec/CORE]: Incorrect key world_generation.tin.large.maxInclusive.value was corrected from null to its default, 72. 
[02May2025 22:24:37.332] [Server thread/WARN] [net.minecraftforge.common.ForgeConfigSpec/CORE]: Incorrect key world_generation.tin.large.plateau was corrected from null to its default, 0. 
[02May2025 22:24:37.338] [Server thread/WARN] [net.minecraftforge.common.ForgeConfigSpec/CORE]: Incorrect key world_generation.osmium was corrected from null to its default, SimpleCommentedConfig:{}. 
[02May2025 22:24:37.339] [Server thread/WARN] [net.minecraftforge.common.ForgeConfigSpec/CORE]: Incorrect key world_generation.osmium.shouldGenerate was corrected from null to its default, true. 
[02May2025 22:24:37.342] [Server thread/WARN] [net.minecraftforge.common.ForgeConfigSpec/CORE]: Incorrect key world_generation.osmium.upper was corrected from null to its default, SimpleCommentedConfig:{}. 
[02May2025 22:24:37.345] [Server thread/WARN] [net.minecraftforge.common.ForgeConfigSpec/CORE]: Incorrect key world_generation.osmium.upper.shouldGenerate was corrected from null to its default, true. 
[02May2025 22:24:37.345] [Server thread/WARN] [net.minecraftforge.common.ForgeConfigSpec/CORE]: Incorrect key world_generation.osmium.upper.perChunk was corrected from null to its default, 65. 
[02May2025 22:24:37.345] [Server thread/WARN] [net.minecraftforge.common.ForgeConfigSpec/CORE]: Incorrect key world_generation.osmium.upper.maxVeinSize was corrected from null to its default, 7. 
[02May2025 22:24:37.346] [Server thread/WARN] [net.minecraftforge.common.ForgeConfigSpec/CORE]: Incorrect key world_generation.osmium.upper.discardChanceOnAirExposure was corrected from null to its default, 0.0. 
[02May2025 22:24:37.348] [Server thread/WARN] [net.minecraftforge.common.ForgeConfigSpec/CORE]: Incorrect key world_generation.osmium.upper.shape was corrected from null to its default, TRAPEZOID. 
[02May2025 22:24:37.349] [Server thread/WARN] [net.minecraftforge.common.ForgeConfigSpec/CORE]: Incorrect key world_generation.osmium.upper.minInclusive was corrected from null to its default, SimpleCommentedConfig:{}. 
[02May2025 22:24:37.352] [Server thread/WARN] [net.minecraftforge.common.ForgeConfigSpec/CORE]: Incorrect key world_generation.osmium.upper.minInclusive.type was corrected from null to its default, ABSOLUTE. 
[02May2025 22:24:37.352] [Server thread/WARN] [net.minecraftforge.common.ForgeConfigSpec/CORE]: Incorrect key world_generation.osmium.upper.minInclusive.value was corrected from null to its default, 72. 
[02May2025 22:24:37.353] [Server thread/WARN] [net.minecraftforge.common.ForgeConfigSpec/CORE]: Incorrect key world_generation.osmium.upper.maxInclusive was corrected from null to its default, SimpleCommentedConfig:{}. 
[02May2025 22:24:37.354] [Server thread/WARN] [net.minecraftforge.common.ForgeConfigSpec/CORE]: Incorrect key world_generation.osmium.upper.maxInclusive.type was corrected from null to its default, BELOW_TOP. 
[02May2025 22:24:37.354] [Server thread/WARN] [net.minecraftforge.common.ForgeConfigSpec/CORE]: Incorrect key world_generation.osmium.upper.maxInclusive.value was corrected from null to its default, -24. 
[02May2025 22:24:37.355] [Server thread/WARN] [net.minecraftforge.common.ForgeConfigSpec/CORE]: Incorrect key world_generation.osmium.upper.plateau was corrected from null to its default, 8. 
[02May2025 22:24:37.355] [Server thread/WARN] [net.minecraftforge.common.ForgeConfigSpec/CORE]: Incorrect key world_generation.osmium.middle was corrected from null to its default, SimpleCommentedConfig:{}. 
[02May2025 22:24:37.356] [Server thread/WARN] [net.minecraftforge.common.ForgeConfigSpec/CORE]: Incorrect key world_generation.osmium.middle.shouldGenerate was corrected from null to its default, true. 
[02May2025 22:24:37.357] [Server thread/WARN] [net.minecraftforge.common.ForgeConfigSpec/CORE]: Incorrect key world_generation.osmium.middle.perChunk was corrected from null to its default, 6. 
[02May2025 22:24:37.357] [Server thread/WARN] [net.minecraftforge.common.ForgeConfigSpec/CORE]: Incorrect key world_generation.osmium.middle.maxVeinSize was corrected from null to its default, 9. 
[02May2025 22:24:37.358] [Server thread/WARN] [net.minecraftforge.common.ForgeConfigSpec/CORE]: Incorrect key world_generation.osmium.middle.discardChanceOnAirExposure was corrected from null to its default, 0.0. 
[02May2025 22:24:37.359] [Server thread/WARN] [net.minecraftforge.common.ForgeConfigSpec/CORE]: Incorrect key world_generation.osmium.middle.shape was corrected from null to its default, TRAPEZOID. 
[02May2025 22:24:37.359] [Server thread/WARN] [net.minecraftforge.common.ForgeConfigSpec/CORE]: Incorrect key world_generation.osmium.middle.minInclusive was corrected from null to its default, SimpleCommentedConfig:{}. 
[02May2025 22:24:37.360] [Server thread/WARN] [net.minecraftforge.common.ForgeConfigSpec/CORE]: Incorrect key world_generation.osmium.middle.minInclusive.type was corrected from null to its default, ABSOLUTE. 
[02May2025 22:24:37.360] [Server thread/WARN] [net.minecraftforge.common.ForgeConfigSpec/CORE]: Incorrect key world_generation.osmium.middle.minInclusive.value was corrected from null to its default, -32. 
[02May2025 22:24:37.361] [Server thread/WARN] [net.minecraftforge.common.ForgeConfigSpec/CORE]: Incorrect key world_generation.osmium.middle.maxInclusive was corrected from null to its default, SimpleCommentedConfig:{}. 
[02May2025 22:24:37.361] [Server thread/WARN] [net.minecraftforge.common.ForgeConfigSpec/CORE]: Incorrect key world_generation.osmium.middle.maxInclusive.type was corrected from null to its default, ABSOLUTE. 
[02May2025 22:24:37.362] [Server thread/WARN] [net.minecraftforge.common.ForgeConfigSpec/CORE]: Incorrect key world_generation.osmium.middle.maxInclusive.value was corrected from null to its default, 56. 
[02May2025 22:24:37.362] [Server thread/WARN] [net.minecraftforge.common.ForgeConfigSpec/CORE]: Incorrect key world_generation.osmium.middle.plateau was corrected from null to its default, 0. 
[02May2025 22:24:37.363] [Server thread/WARN] [net.minecraftforge.common.ForgeConfigSpec/CORE]: Incorrect key world_generation.osmium.small was corrected from null to its default, SimpleCommentedConfig:{}. 
[02May2025 22:24:37.363] [Server thread/WARN] [net.minecraftforge.common.ForgeConfigSpec/CORE]: Incorrect key world_generation.osmium.small.shouldGenerate was corrected from null to its default, true. 
[02May2025 22:24:37.364] [Server thread/WARN] [net.minecraftforge.common.ForgeConfigSpec/CORE]: Incorrect key world_generation.osmium.small.perChunk was corrected from null to its default, 8. 
[02May2025 22:24:37.365] [Server thread/WARN] [net.minecraftforge.common.ForgeConfigSpec/CORE]: Incorrect key world_generation.osmium.small.maxVeinSize was corrected from null to its default, 4. 
[02May2025 22:24:37.365] [Server thread/WARN] [net.minecraftforge.common.ForgeConfigSpec/CORE]: Incorrect key world_generation.osmium.small.discardChanceOnAirExposure was corrected from null to its default, 0.0. 
[02May2025 22:24:37.368] [Server thread/WARN] [net.minecraftforge.common.ForgeConfigSpec/CORE]: Incorrect key world_generation.osmium.small.shape was corrected from null to its default, UNIFORM. 
[02May2025 22:24:37.368] [Server thread/WARN] [net.minecraftforge.common.ForgeConfigSpec/CORE]: Incorrect key world_generation.osmium.small.minInclusive was corrected from null to its default, SimpleCommentedConfig:{}. 
[02May2025 22:24:37.369] [Server thread/WARN] [net.minecraftforge.common.ForgeConfigSpec/CORE]: Incorrect key world_generation.osmium.small.minInclusive.type was corrected from null to its default, ABOVE_BOTTOM. 
[02May2025 22:24:37.370] [Server thread/WARN] [net.minecraftforge.common.ForgeConfigSpec/CORE]: Incorrect key world_generation.osmium.small.minInclusive.value was corrected from null to its default, 0. 
[02May2025 22:24:37.370] [Server thread/WARN] [net.minecraftforge.common.ForgeConfigSpec/CORE]: Incorrect key world_generation.osmium.small.maxInclusive was corrected from null to its default, SimpleCommentedConfig:{}. 
[02May2025 22:24:37.371] [Server thread/WARN] [net.minecraftforge.common.ForgeConfigSpec/CORE]: Incorrect key world_generation.osmium.small.maxInclusive.type was corrected from null to its default, ABSOLUTE. 
[02May2025 22:24:37.373] [Server thread/WARN] [net.minecraftforge.common.ForgeConfigSpec/CORE]: Incorrect key world_generation.osmium.small.maxInclusive.value was corrected from null to its default, 64. 
[02May2025 22:24:37.373] [Server thread/WARN] [net.minecraftforge.common.ForgeConfigSpec/CORE]: Incorrect key world_generation.osmium.small.plateau was corrected from null to its default, 0. 
[02May2025 22:24:37.373] [Server thread/WARN] [net.minecraftforge.common.ForgeConfigSpec/CORE]: Incorrect key world_generation.uranium was corrected from null to its default, SimpleCommentedConfig:{}. 
[02May2025 22:24:37.373] [Server thread/WARN] [net.minecraftforge.common.ForgeConfigSpec/CORE]: Incorrect key world_generation.uranium.shouldGenerate was corrected from null to its default, true. 
[02May2025 22:24:37.373] [Server thread/WARN] [net.minecraftforge.common.ForgeConfigSpec/CORE]: Incorrect key world_generation.uranium.small was corrected from null to its default, SimpleCommentedConfig:{}. 
[02May2025 22:24:37.373] [Server thread/WARN] [net.minecraftforge.common.ForgeConfigSpec/CORE]: Incorrect key world_generation.uranium.small.shouldGenerate was corrected from null to its default, true. 
[02May2025 22:24:37.374] [Server thread/WARN] [net.minecraftforge.common.ForgeConfigSpec/CORE]: Incorrect key world_generation.uranium.small.perChunk was corrected from null to its default, 4. 
[02May2025 22:24:37.374] [Server thread/WARN] [net.minecraftforge.common.ForgeConfigSpec/CORE]: Incorrect key world_generation.uranium.small.maxVeinSize was corrected from null to its default, 4. 
[02May2025 22:24:37.374] [Server thread/WARN] [net.minecraftforge.common.ForgeConfigSpec/CORE]: Incorrect key world_generation.uranium.small.discardChanceOnAirExposure was corrected from null to its default, 0.0. 
[02May2025 22:24:37.375] [Server thread/WARN] [net.minecraftforge.common.ForgeConfigSpec/CORE]: Incorrect key world_generation.uranium.small.shape was corrected from null to its default, TRAPEZOID. 
[02May2025 22:24:37.375] [Server thread/WARN] [net.minecraftforge.common.ForgeConfigSpec/CORE]: Incorrect key world_generation.uranium.small.minInclusive was corrected from null to its default, SimpleCommentedConfig:{}. 
[02May2025 22:24:37.375] [Server thread/WARN] [net.minecraftforge.common.ForgeConfigSpec/CORE]: Incorrect key world_generation.uranium.small.minInclusive.type was corrected from null to its default, ABOVE_BOTTOM. 
[02May2025 22:24:37.375] [Server thread/WARN] [net.minecraftforge.common.ForgeConfigSpec/CORE]: Incorrect key world_generation.uranium.small.minInclusive.value was corrected from null to its default, 0. 
[02May2025 22:24:37.375] [Server thread/WARN] [net.minecraftforge.common.ForgeConfigSpec/CORE]: Incorrect key world_generation.uranium.small.maxInclusive was corrected from null to its default, SimpleCommentedConfig:{}. 
[02May2025 22:24:37.375] [Server thread/WARN] [net.minecraftforge.common.ForgeConfigSpec/CORE]: Incorrect key world_generation.uranium.small.maxInclusive.type was corrected from null to its default, ABSOLUTE. 
[02May2025 22:24:37.377] [Server thread/WARN] [net.minecraftforge.common.ForgeConfigSpec/CORE]: Incorrect key world_generation.uranium.small.maxInclusive.value was corrected from null to its default, 8. 
[02May2025 22:24:37.378] [Server thread/WARN] [net.minecraftforge.common.ForgeConfigSpec/CORE]: Incorrect key world_generation.uranium.small.plateau was corrected from null to its default, 0. 
[02May2025 22:24:37.380] [Server thread/WARN] [net.minecraftforge.common.ForgeConfigSpec/CORE]: Incorrect key world_generation.uranium.buried was corrected from null to its default, SimpleCommentedConfig:{}. 
[02May2025 22:24:37.380] [Server thread/WARN] [net.minecraftforge.common.ForgeConfigSpec/CORE]: Incorrect key world_generation.uranium.buried.shouldGenerate was corrected from null to its default, true. 
[02May2025 22:24:37.380] [Server thread/WARN] [net.minecraftforge.common.ForgeConfigSpec/CORE]: Incorrect key world_generation.uranium.buried.perChunk was corrected from null to its default, 7. 
[02May2025 22:24:37.380] [Server thread/WARN] [net.minecraftforge.common.ForgeConfigSpec/CORE]: Incorrect key world_generation.uranium.buried.maxVeinSize was corrected from null to its default, 9. 
[02May2025 22:24:37.380] [Server thread/WARN] [net.minecraftforge.common.ForgeConfigSpec/CORE]: Incorrect key world_generation.uranium.buried.discardChanceOnAirExposure was corrected from null to its default, 0.75. 
[02May2025 22:24:37.381] [Server thread/WARN] [net.minecraftforge.common.ForgeConfigSpec/CORE]: Incorrect key world_generation.uranium.buried.shape was corrected from null to its default, TRAPEZOID. 
[02May2025 22:24:37.381] [Server thread/WARN] [net.minecraftforge.common.ForgeConfigSpec/CORE]: Incorrect key world_generation.uranium.buried.minInclusive was corrected from null to its default, SimpleCommentedConfig:{}. 
[02May2025 22:24:37.382] [Server thread/WARN] [net.minecraftforge.common.ForgeConfigSpec/CORE]: Incorrect key world_generation.uranium.buried.minInclusive.type was corrected from null to its default, ABOVE_BOTTOM. 
[02May2025 22:24:37.384] [Server thread/WARN] [net.minecraftforge.common.ForgeConfigSpec/CORE]: Incorrect key world_generation.uranium.buried.minInclusive.value was corrected from null to its default, -24. 
[02May2025 22:24:37.384] [Server thread/WARN] [net.minecraftforge.common.ForgeConfigSpec/CORE]: Incorrect key world_generation.uranium.buried.maxInclusive was corrected from null to its default, SimpleCommentedConfig:{}. 
[02May2025 22:24:37.384] [Server thread/WARN] [net.minecraftforge.common.ForgeConfigSpec/CORE]: Incorrect key world_generation.uranium.buried.maxInclusive.type was corrected from null to its default, ABOVE_BOTTOM. 
[02May2025 22:24:37.384] [Server thread/WARN] [net.minecraftforge.common.ForgeConfigSpec/CORE]: Incorrect key world_generation.uranium.buried.maxInclusive.value was corrected from null to its default, 56. 
[02May2025 22:24:37.385] [Server thread/WARN] [net.minecraftforge.common.ForgeConfigSpec/CORE]: Incorrect key world_generation.uranium.buried.plateau was corrected from null to its default, 16. 
[02May2025 22:24:37.387] [Server thread/WARN] [net.minecraftforge.common.ForgeConfigSpec/CORE]: Incorrect key world_generation.fluorite was corrected from null to its default, SimpleCommentedConfig:{}. 
[02May2025 22:24:37.387] [Server thread/WARN] [net.minecraftforge.common.ForgeConfigSpec/CORE]: Incorrect key world_generation.fluorite.shouldGenerate was corrected from null to its default, true. 
[02May2025 22:24:37.389] [Server thread/WARN] [net.minecraftforge.common.ForgeConfigSpec/CORE]: Incorrect key world_generation.fluorite.normal was corrected from null to its default, SimpleCommentedConfig:{}. 
[02May2025 22:24:37.389] [Server thread/WARN] [net.minecraftforge.common.ForgeConfigSpec/CORE]: Incorrect key world_generation.fluorite.normal.shouldGenerate was corrected from null to its default, true. 
[02May2025 22:24:37.389] [Server thread/WARN] [net.minecraftforge.common.ForgeConfigSpec/CORE]: Incorrect key world_generation.fluorite.normal.perChunk was corrected from null to its default, 5. 
[02May2025 22:24:37.389] [Server thread/WARN] [net.minecraftforge.common.ForgeConfigSpec/CORE]: Incorrect key world_generation.fluorite.normal.maxVeinSize was corrected from null to its default, 5. 
[02May2025 22:24:37.390] [Server thread/WARN] [net.minecraftforge.common.ForgeConfigSpec/CORE]: Incorrect key world_generation.fluorite.normal.discardChanceOnAirExposure was corrected from null to its default, 0.0. 
[02May2025 22:24:37.390] [Server thread/WARN] [net.minecraftforge.common.ForgeConfigSpec/CORE]: Incorrect key world_generation.fluorite.normal.shape was corrected from null to its default, UNIFORM. 
[02May2025 22:24:37.392] [Server thread/WARN] [net.minecraftforge.common.ForgeConfigSpec/CORE]: Incorrect key world_generation.fluorite.normal.minInclusive was corrected from null to its default, SimpleCommentedConfig:{}. 
[02May2025 22:24:37.393] [Server thread/WARN] [net.minecraftforge.common.ForgeConfigSpec/CORE]: Incorrect key world_generation.fluorite.normal.minInclusive.type was corrected from null to its default, ABOVE_BOTTOM. 
[02May2025 22:24:37.393] [Server thread/WARN] [net.minecraftforge.common.ForgeConfigSpec/CORE]: Incorrect key world_generation.fluorite.normal.minInclusive.value was corrected from null to its default, 0. 
[02May2025 22:24:37.393] [Server thread/WARN] [net.minecraftforge.common.ForgeConfigSpec/CORE]: Incorrect key world_generation.fluorite.normal.maxInclusive was corrected from null to its default, SimpleCommentedConfig:{}. 
[02May2025 22:24:37.396] [Server thread/WARN] [net.minecraftforge.common.ForgeConfigSpec/CORE]: Incorrect key world_generation.fluorite.normal.maxInclusive.type was corrected from null to its default, ABSOLUTE. 
[02May2025 22:24:37.396] [Server thread/WARN] [net.minecraftforge.common.ForgeConfigSpec/CORE]: Incorrect key world_generation.fluorite.normal.maxInclusive.value was corrected from null to its default, 23. 
[02May2025 22:24:37.396] [Server thread/WARN] [net.minecraftforge.common.ForgeConfigSpec/CORE]: Incorrect key world_generation.fluorite.normal.plateau was corrected from null to its default, 0. 
[02May2025 22:24:37.397] [Server thread/WARN] [net.minecraftforge.common.ForgeConfigSpec/CORE]: Incorrect key world_generation.fluorite.buried was corrected from null to its default, SimpleCommentedConfig:{}. 
[02May2025 22:24:37.397] [Server thread/WARN] [net.minecraftforge.common.ForgeConfigSpec/CORE]: Incorrect key world_generation.fluorite.buried.shouldGenerate was corrected from null to its default, true. 
[02May2025 22:24:37.397] [Server thread/WARN] [net.minecraftforge.common.ForgeConfigSpec/CORE]: Incorrect key world_generation.fluorite.buried.perChunk was corrected from null to its default, 3. 
[02May2025 22:24:37.397] [Server thread/WARN] [net.minecraftforge.common.ForgeConfigSpec/CORE]: Incorrect key world_generation.fluorite.buried.maxVeinSize was corrected from null to its default, 13. 
[02May2025 22:24:37.398] [Server thread/WARN] [net.minecraftforge.common.ForgeConfigSpec/CORE]: Incorrect key world_generation.fluorite.buried.discardChanceOnAirExposure was corrected from null to its default, 1.0. 
[02May2025 22:24:37.399] [Server thread/WARN] [net.minecraftforge.common.ForgeConfigSpec/CORE]: Incorrect key world_generation.fluorite.buried.shape was corrected from null to its default, TRAPEZOID. 
[02May2025 22:24:37.400] [Server thread/WARN] [net.minecraftforge.common.ForgeConfigSpec/CORE]: Incorrect key world_generation.fluorite.buried.minInclusive was corrected from null to its default, SimpleCommentedConfig:{}. 
[02May2025 22:24:37.401] [Server thread/WARN] [net.minecraftforge.common.ForgeConfigSpec/CORE]: Incorrect key world_generation.fluorite.buried.minInclusive.type was corrected from null to its default, ABOVE_BOTTOM. 
[02May2025 22:24:37.401] [Server thread/WARN] [net.minecraftforge.common.ForgeConfigSpec/CORE]: Incorrect key world_generation.fluorite.buried.minInclusive.value was corrected from null to its default, 0. 
[02May2025 22:24:37.401] [Server thread/WARN] [net.minecraftforge.common.ForgeConfigSpec/CORE]: Incorrect key world_generation.fluorite.buried.maxInclusive was corrected from null to its default, SimpleCommentedConfig:{}. 
[02May2025 22:24:37.402] [Server thread/WARN] [net.minecraftforge.common.ForgeConfigSpec/CORE]: Incorrect key world_generation.fluorite.buried.maxInclusive.type was corrected from null to its default, ABSOLUTE. 
[02May2025 22:24:37.403] [Server thread/WARN] [net.minecraftforge.common.ForgeConfigSpec/CORE]: Incorrect key world_generation.fluorite.buried.maxInclusive.value was corrected from null to its default, 4. 
[02May2025 22:24:37.406] [Server thread/WARN] [net.minecraftforge.common.ForgeConfigSpec/CORE]: Incorrect key world_generation.fluorite.buried.plateau was corrected from null to its default, 0. 
[02May2025 22:24:37.406] [Server thread/WARN] [net.minecraftforge.common.ForgeConfigSpec/CORE]: Incorrect key world_generation.lead was corrected from null to its default, SimpleCommentedConfig:{}. 
[02May2025 22:24:37.406] [Server thread/WARN] [net.minecraftforge.common.ForgeConfigSpec/CORE]: Incorrect key world_generation.lead.shouldGenerate was corrected from null to its default, true. 
[02May2025 22:24:37.406] [Server thread/WARN] [net.minecraftforge.common.ForgeConfigSpec/CORE]: Incorrect key world_generation.lead.normal was corrected from null to its default, SimpleCommentedConfig:{}. 
[02May2025 22:24:37.407] [Server thread/WARN] [net.minecraftforge.common.ForgeConfigSpec/CORE]: Incorrect key world_generation.lead.normal.shouldGenerate was corrected from null to its default, true. 
[02May2025 22:24:37.408] [Server thread/WARN] [net.minecraftforge.common.ForgeConfigSpec/CORE]: Incorrect key world_generation.lead.normal.perChunk was corrected from null to its default, 8. 
[02May2025 22:24:37.408] [Server thread/WARN] [net.minecraftforge.common.ForgeConfigSpec/CORE]: Incorrect key world_generation.lead.normal.maxVeinSize was corrected from null to its default, 9. 
[02May2025 22:24:37.409] [Server thread/WARN] [net.minecraftforge.common.ForgeConfigSpec/CORE]: Incorrect key world_generation.lead.normal.discardChanceOnAirExposure was corrected from null to its default, 0.25. 
[02May2025 22:24:37.409] [Server thread/WARN] [net.minecraftforge.common.ForgeConfigSpec/CORE]: Incorrect key world_generation.lead.normal.shape was corrected from null to its default, TRAPEZOID. 
[02May2025 22:24:37.409] [Server thread/WARN] [net.minecraftforge.common.ForgeConfigSpec/CORE]: Incorrect key world_generation.lead.normal.minInclusive was corrected from null to its default, SimpleCommentedConfig:{}. 
[02May2025 22:24:37.410] [Server thread/WARN] [net.minecraftforge.common.ForgeConfigSpec/CORE]: Incorrect key world_generation.lead.normal.minInclusive.type was corrected from null to its default, ABOVE_BOTTOM. 
[02May2025 22:24:37.410] [Server thread/WARN] [net.minecraftforge.common.ForgeConfigSpec/CORE]: Incorrect key world_generation.lead.normal.minInclusive.value was corrected from null to its default, -24. 
[02May2025 22:24:37.411] [Server thread/WARN] [net.minecraftforge.common.ForgeConfigSpec/CORE]: Incorrect key world_generation.lead.normal.maxInclusive was corrected from null to its default, SimpleCommentedConfig:{}. 
[02May2025 22:24:37.411] [Server thread/WARN] [net.minecraftforge.common.ForgeConfigSpec/CORE]: Incorrect key world_generation.lead.normal.maxInclusive.type was corrected from null to its default, ABSOLUTE. 
[02May2025 22:24:37.411] [Server thread/WARN] [net.minecraftforge.common.ForgeConfigSpec/CORE]: Incorrect key world_generation.lead.normal.maxInclusive.value was corrected from null to its default, 64. 
[02May2025 22:24:37.412] [Server thread/WARN] [net.minecraftforge.common.ForgeConfigSpec/CORE]: Incorrect key world_generation.lead.normal.plateau was corrected from null to its default, 0. 
[02May2025 22:24:37.413] [Server thread/WARN] [net.minecraftforge.common.ForgeConfigSpec/CORE]: Incorrect key world_generation.salt was corrected from null to its default, SimpleCommentedConfig:{}. 
[02May2025 22:24:37.413] [Server thread/WARN] [net.minecraftforge.common.ForgeConfigSpec/CORE]: Incorrect key world_generation.salt.shouldGenerate was corrected from null to its default, true. 
[02May2025 22:24:37.413] [Server thread/WARN] [net.minecraftforge.common.ForgeConfigSpec/CORE]: Incorrect key world_generation.salt.perChunk was corrected from null to its default, 2. 
[02May2025 22:24:37.414] [Server thread/WARN] [net.minecraftforge.common.ForgeConfigSpec/CORE]: Incorrect key world_generation.salt.minRadius was corrected from null to its default, 2. 
[02May2025 22:24:37.414] [Server thread/WARN] [net.minecraftforge.common.ForgeConfigSpec/CORE]: Incorrect key world_generation.salt.maxRadius was corrected from null to its default, 3. 
[02May2025 22:24:37.415] [Server thread/WARN] [net.minecraftforge.common.ForgeConfigSpec/CORE]: Incorrect key world_generation.salt.halfHeight was corrected from null to its default, 1. 
[02May2025 22:24:37.424] [Server thread/WARN] [net.minecraftforge.common.ForgeConfigSpec/CORE]: Configuration file /workspaces/moddedserver/config/Mekanism/tools.toml is not correct. Correcting
[02May2025 22:24:37.424] [Server thread/WARN] [net.minecraftforge.common.ForgeConfigSpec/CORE]: Incorrect key tools was corrected from null to its default, SimpleCommentedConfig:{}. 
[02May2025 22:24:37.424] [Server thread/WARN] [net.minecraftforge.common.ForgeConfigSpec/CORE]: Incorrect key tools.mobArmorSpawnRate was corrected from null to its default, SimpleCommentedConfig:{}. 
[02May2025 22:24:37.425] [Server thread/WARN] [net.minecraftforge.common.ForgeConfigSpec/CORE]: Incorrect key tools.mobArmorSpawnRate.general was corrected from null to its default, 0.1. 
[02May2025 22:24:37.426] [Server thread/WARN] [net.minecraftforge.common.ForgeConfigSpec/CORE]: Incorrect key tools.mobArmorSpawnRate.weapon was corrected from null to its default, 0.01. 
[02May2025 22:24:37.426] [Server thread/WARN] [net.minecraftforge.common.ForgeConfigSpec/CORE]: Incorrect key tools.mobArmorSpawnRate.weaponHard was corrected from null to its default, 0.05000000074505806. 
[02May2025 22:24:37.426] [Server thread/WARN] [net.minecraftforge.common.ForgeConfigSpec/CORE]: Incorrect key tools.mobArmorSpawnRate.bronze was corrected from null to its default, SimpleCommentedConfig:{}. 
[02May2025 22:24:37.427] [Server thread/WARN] [net.minecraftforge.common.ForgeConfigSpec/CORE]: Incorrect key tools.mobArmorSpawnRate.bronze.canSpawnWeapon was corrected from null to its default, true. 
[02May2025 22:24:37.429] [Server thread/WARN] [net.minecraftforge.common.ForgeConfigSpec/CORE]: Incorrect key tools.mobArmorSpawnRate.bronze.swordWeight was corrected from null to its default, 0.33. 
[02May2025 22:24:37.429] [Server thread/WARN] [net.minecraftforge.common.ForgeConfigSpec/CORE]: Incorrect key tools.mobArmorSpawnRate.bronze.helmetChance was corrected from null to its default, 1.0. 
[02May2025 22:24:37.429] [Server thread/WARN] [net.minecraftforge.common.ForgeConfigSpec/CORE]: Incorrect key tools.mobArmorSpawnRate.bronze.chestplateChance was corrected from null to its default, 1.0. 
[02May2025 22:24:37.429] [Server thread/WARN] [net.minecraftforge.common.ForgeConfigSpec/CORE]: Incorrect key tools.mobArmorSpawnRate.bronze.leggingsChance was corrected from null to its default, 1.0. 
[02May2025 22:24:37.429] [Server thread/WARN] [net.minecraftforge.common.ForgeConfigSpec/CORE]: Incorrect key tools.mobArmorSpawnRate.bronze.bootsChance was corrected from null to its default, 1.0. 
[02May2025 22:24:37.429] [Server thread/WARN] [net.minecraftforge.common.ForgeConfigSpec/CORE]: Incorrect key tools.mobArmorSpawnRate.bronze.multiplePieceChance was corrected from null to its default, 0.25. 
[02May2025 22:24:37.430] [Server thread/WARN] [net.minecraftforge.common.ForgeConfigSpec/CORE]: Incorrect key tools.mobArmorSpawnRate.bronze.multiplePieceChanceHard was corrected from null to its default, 0.1. 
[02May2025 22:24:37.430] [Server thread/WARN] [net.minecraftforge.common.ForgeConfigSpec/CORE]: Incorrect key tools.mobArmorSpawnRate.bronze.weaponEnchantmentChance was corrected from null to its default, 0.25. 
[02May2025 22:24:37.431] [Server thread/WARN] [net.minecraftforge.common.ForgeConfigSpec/CORE]: Incorrect key tools.mobArmorSpawnRate.bronze.armorEnchantmentChance was corrected from null to its default, 0.5. 
[02May2025 22:24:37.433] [Server thread/WARN] [net.minecraftforge.common.ForgeConfigSpec/CORE]: Incorrect key tools.mobArmorSpawnRate.lapis_lazuli was corrected from null to its default, SimpleCommentedConfig:{}. 
[02May2025 22:24:37.433] [Server thread/WARN] [net.minecraftforge.common.ForgeConfigSpec/CORE]: Incorrect key tools.mobArmorSpawnRate.lapis_lazuli.canSpawnWeapon was corrected from null to its default, true. 
[02May2025 22:24:37.433] [Server thread/WARN] [net.minecraftforge.common.ForgeConfigSpec/CORE]: Incorrect key tools.mobArmorSpawnRate.lapis_lazuli.swordWeight was corrected from null to its default, 0.33. 
[02May2025 22:24:37.433] [Server thread/WARN] [net.minecraftforge.common.ForgeConfigSpec/CORE]: Incorrect key tools.mobArmorSpawnRate.lapis_lazuli.helmetChance was corrected from null to its default, 1.0. 
[02May2025 22:24:37.433] [Server thread/WARN] [net.minecraftforge.common.ForgeConfigSpec/CORE]: Incorrect key tools.mobArmorSpawnRate.lapis_lazuli.chestplateChance was corrected from null to its default, 1.0. 
[02May2025 22:24:37.434] [Server thread/WARN] [net.minecraftforge.common.ForgeConfigSpec/CORE]: Incorrect key tools.mobArmorSpawnRate.lapis_lazuli.leggingsChance was corrected from null to its default, 1.0. 
[02May2025 22:24:37.435] [Server thread/WARN] [net.minecraftforge.common.ForgeConfigSpec/CORE]: Incorrect key tools.mobArmorSpawnRate.lapis_lazuli.bootsChance was corrected from null to its default, 1.0. 
[02May2025 22:24:37.435] [Server thread/WARN] [net.minecraftforge.common.ForgeConfigSpec/CORE]: Incorrect key tools.mobArmorSpawnRate.lapis_lazuli.multiplePieceChance was corrected from null to its default, 0.25. 
[02May2025 22:24:37.435] [Server thread/WARN] [net.minecraftforge.common.ForgeConfigSpec/CORE]: Incorrect key tools.mobArmorSpawnRate.lapis_lazuli.multiplePieceChanceHard was corrected from null to its default, 0.1. 
[02May2025 22:24:37.436] [Server thread/WARN] [net.minecraftforge.common.ForgeConfigSpec/CORE]: Incorrect key tools.mobArmorSpawnRate.lapis_lazuli.weaponEnchantmentChance was corrected from null to its default, 0.25. 
[02May2025 22:24:37.436] [Server thread/WARN] [net.minecraftforge.common.ForgeConfigSpec/CORE]: Incorrect key tools.mobArmorSpawnRate.lapis_lazuli.armorEnchantmentChance was corrected from null to its default, 0.5. 
[02May2025 22:24:37.439] [Server thread/WARN] [net.minecraftforge.common.ForgeConfigSpec/CORE]: Incorrect key tools.mobArmorSpawnRate.osmium was corrected from null to its default, SimpleCommentedConfig:{}. 
[02May2025 22:24:37.439] [Server thread/WARN] [net.minecraftforge.common.ForgeConfigSpec/CORE]: Incorrect key tools.mobArmorSpawnRate.osmium.canSpawnWeapon was corrected from null to its default, true. 
[02May2025 22:24:37.441] [Server thread/WARN] [net.minecraftforge.common.ForgeConfigSpec/CORE]: Incorrect key tools.mobArmorSpawnRate.osmium.swordWeight was corrected from null to its default, 0.33. 
[02May2025 22:24:37.441] [Server thread/WARN] [net.minecraftforge.common.ForgeConfigSpec/CORE]: Incorrect key tools.mobArmorSpawnRate.osmium.helmetChance was corrected from null to its default, 1.0. 
[02May2025 22:24:37.441] [Server thread/WARN] [net.minecraftforge.common.ForgeConfigSpec/CORE]: Incorrect key tools.mobArmorSpawnRate.osmium.chestplateChance was corrected from null to its default, 1.0. 
[02May2025 22:24:37.441] [Server thread/WARN] [net.minecraftforge.common.ForgeConfigSpec/CORE]: Incorrect key tools.mobArmorSpawnRate.osmium.leggingsChance was corrected from null to its default, 1.0. 
[02May2025 22:24:37.441] [Server thread/WARN] [net.minecraftforge.common.ForgeConfigSpec/CORE]: Incorrect key tools.mobArmorSpawnRate.osmium.bootsChance was corrected from null to its default, 1.0. 
[02May2025 22:24:37.441] [Server thread/WARN] [net.minecraftforge.common.ForgeConfigSpec/CORE]: Incorrect key tools.mobArmorSpawnRate.osmium.multiplePieceChance was corrected from null to its default, 0.25. 
[02May2025 22:24:37.442] [Server thread/WARN] [net.minecraftforge.common.ForgeConfigSpec/CORE]: Incorrect key tools.mobArmorSpawnRate.osmium.multiplePieceChanceHard was corrected from null to its default, 0.1. 
[02May2025 22:24:37.442] [Server thread/WARN] [net.minecraftforge.common.ForgeConfigSpec/CORE]: Incorrect key tools.mobArmorSpawnRate.osmium.weaponEnchantmentChance was corrected from null to its default, 0.25. 
[02May2025 22:24:37.444] [Server thread/WARN] [net.minecraftforge.common.ForgeConfigSpec/CORE]: Incorrect key tools.mobArmorSpawnRate.osmium.armorEnchantmentChance was corrected from null to its default, 0.5. 
[02May2025 22:24:37.444] [Server thread/WARN] [net.minecraftforge.common.ForgeConfigSpec/CORE]: Incorrect key tools.mobArmorSpawnRate.refined_glowstone was corrected from null to its default, SimpleCommentedConfig:{}. 
[02May2025 22:24:37.445] [Server thread/WARN] [net.minecraftforge.common.ForgeConfigSpec/CORE]: Incorrect key tools.mobArmorSpawnRate.refined_glowstone.canSpawnWeapon was corrected from null to its default, true. 
[02May2025 22:24:37.446] [Server thread/WARN] [net.minecraftforge.common.ForgeConfigSpec/CORE]: Incorrect key tools.mobArmorSpawnRate.refined_glowstone.swordWeight was corrected from null to its default, 0.33. 
[02May2025 22:24:37.450] [Server thread/WARN] [net.minecraftforge.common.ForgeConfigSpec/CORE]: Incorrect key tools.mobArmorSpawnRate.refined_glowstone.helmetChance was corrected from null to its default, 1.0. 
[02May2025 22:24:37.451] [Server thread/WARN] [net.minecraftforge.common.ForgeConfigSpec/CORE]: Incorrect key tools.mobArmorSpawnRate.refined_glowstone.chestplateChance was corrected from null to its default, 1.0. 
[02May2025 22:24:37.451] [Server thread/WARN] [net.minecraftforge.common.ForgeConfigSpec/CORE]: Incorrect key tools.mobArmorSpawnRate.refined_glowstone.leggingsChance was corrected from null to its default, 1.0. 
[02May2025 22:24:37.451] [Server thread/WARN] [net.minecraftforge.common.ForgeConfigSpec/CORE]: Incorrect key tools.mobArmorSpawnRate.refined_glowstone.bootsChance was corrected from null to its default, 1.0. 
[02May2025 22:24:37.451] [Server thread/WARN] [net.minecraftforge.common.ForgeConfigSpec/CORE]: Incorrect key tools.mobArmorSpawnRate.refined_glowstone.multiplePieceChance was corrected from null to its default, 0.25. 
[02May2025 22:24:37.453] [Server thread/WARN] [net.minecraftforge.common.ForgeConfigSpec/CORE]: Incorrect key tools.mobArmorSpawnRate.refined_glowstone.multiplePieceChanceHard was corrected from null to its default, 0.1. 
[02May2025 22:24:37.453] [Server thread/WARN] [net.minecraftforge.common.ForgeConfigSpec/CORE]: Incorrect key tools.mobArmorSpawnRate.refined_glowstone.weaponEnchantmentChance was corrected from null to its default, 0.25. 
[02May2025 22:24:37.454] [Server thread/WARN] [net.minecraftforge.common.ForgeConfigSpec/CORE]: Incorrect key tools.mobArmorSpawnRate.refined_glowstone.armorEnchantmentChance was corrected from null to its default, 0.5. 
[02May2025 22:24:37.456] [Server thread/WARN] [net.minecraftforge.common.ForgeConfigSpec/CORE]: Incorrect key tools.mobArmorSpawnRate.refined_obsidian was corrected from null to its default, SimpleCommentedConfig:{}. 
[02May2025 22:24:37.456] [Server thread/WARN] [net.minecraftforge.common.ForgeConfigSpec/CORE]: Incorrect key tools.mobArmorSpawnRate.refined_obsidian.canSpawnWeapon was corrected from null to its default, true. 
[02May2025 22:24:37.457] [Server thread/WARN] [net.minecraftforge.common.ForgeConfigSpec/CORE]: Incorrect key tools.mobArmorSpawnRate.refined_obsidian.swordWeight was corrected from null to its default, 0.33. 
[02May2025 22:24:37.460] [Server thread/WARN] [net.minecraftforge.common.ForgeConfigSpec/CORE]: Incorrect key tools.mobArmorSpawnRate.refined_obsidian.helmetChance was corrected from null to its default, 1.0. 
[02May2025 22:24:37.460] [Server thread/WARN] [net.minecraftforge.common.ForgeConfigSpec/CORE]: Incorrect key tools.mobArmorSpawnRate.refined_obsidian.chestplateChance was corrected from null to its default, 1.0. 
[02May2025 22:24:37.460] [Server thread/WARN] [net.minecraftforge.common.ForgeConfigSpec/CORE]: Incorrect key tools.mobArmorSpawnRate.refined_obsidian.leggingsChance was corrected from null to its default, 1.0. 
[02May2025 22:24:37.460] [Server thread/WARN] [net.minecraftforge.common.ForgeConfigSpec/CORE]: Incorrect key tools.mobArmorSpawnRate.refined_obsidian.bootsChance was corrected from null to its default, 1.0. 
[02May2025 22:24:37.461] [Server thread/WARN] [net.minecraftforge.common.ForgeConfigSpec/CORE]: Incorrect key tools.mobArmorSpawnRate.refined_obsidian.multiplePieceChance was corrected from null to its default, 0.25. 
[02May2025 22:24:37.462] [Server thread/WARN] [net.minecraftforge.common.ForgeConfigSpec/CORE]: Incorrect key tools.mobArmorSpawnRate.refined_obsidian.multiplePieceChanceHard was corrected from null to its default, 0.1. 
[02May2025 22:24:37.462] [Server thread/WARN] [net.minecraftforge.common.ForgeConfigSpec/CORE]: Incorrect key tools.mobArmorSpawnRate.refined_obsidian.weaponEnchantmentChance was corrected from null to its default, 0.25. 
[02May2025 22:24:37.462] [Server thread/WARN] [net.minecraftforge.common.ForgeConfigSpec/CORE]: Incorrect key tools.mobArmorSpawnRate.refined_obsidian.armorEnchantmentChance was corrected from null to its default, 0.5. 
[02May2025 22:24:37.463] [Server thread/WARN] [net.minecraftforge.common.ForgeConfigSpec/CORE]: Incorrect key tools.mobArmorSpawnRate.steel was corrected from null to its default, SimpleCommentedConfig:{}. 
[02May2025 22:24:37.463] [Server thread/WARN] [net.minecraftforge.common.ForgeConfigSpec/CORE]: Incorrect key tools.mobArmorSpawnRate.steel.canSpawnWeapon was corrected from null to its default, true. 
[02May2025 22:24:37.464] [Server thread/WARN] [net.minecraftforge.common.ForgeConfigSpec/CORE]: Incorrect key tools.mobArmorSpawnRate.steel.swordWeight was corrected from null to its default, 0.33. 
[02May2025 22:24:37.466] [Server thread/WARN] [net.minecraftforge.common.ForgeConfigSpec/CORE]: Incorrect key tools.mobArmorSpawnRate.steel.helmetChance was corrected from null to its default, 1.0. 
[02May2025 22:24:37.466] [Server thread/WARN] [net.minecraftforge.common.ForgeConfigSpec/CORE]: Incorrect key tools.mobArmorSpawnRate.steel.chestplateChance was corrected from null to its default, 1.0. 
[02May2025 22:24:37.466] [Server thread/WARN] [net.minecraftforge.common.ForgeConfigSpec/CORE]: Incorrect key tools.mobArmorSpawnRate.steel.leggingsChance was corrected from null to its default, 1.0. 
[02May2025 22:24:37.466] [Server thread/WARN] [net.minecraftforge.common.ForgeConfigSpec/CORE]: Incorrect key tools.mobArmorSpawnRate.steel.bootsChance was corrected from null to its default, 1.0. 
[02May2025 22:24:37.466] [Server thread/WARN] [net.minecraftforge.common.ForgeConfigSpec/CORE]: Incorrect key tools.mobArmorSpawnRate.steel.multiplePieceChance was corrected from null to its default, 0.25. 
[02May2025 22:24:37.467] [Server thread/WARN] [net.minecraftforge.common.ForgeConfigSpec/CORE]: Incorrect key tools.mobArmorSpawnRate.steel.multiplePieceChanceHard was corrected from null to its default, 0.1. 
[02May2025 22:24:37.467] [Server thread/WARN] [net.minecraftforge.common.ForgeConfigSpec/CORE]: Incorrect key tools.mobArmorSpawnRate.steel.weaponEnchantmentChance was corrected from null to its default, 0.25. 
[02May2025 22:24:37.467] [Server thread/WARN] [net.minecraftforge.common.ForgeConfigSpec/CORE]: Incorrect key tools.mobArmorSpawnRate.steel.armorEnchantmentChance was corrected from null to its default, 0.5. 
[02May2025 22:24:37.468] [Server thread/WARN] [net.minecraftforge.common.ForgeConfigSpec/CORE]: Incorrect key tools.wood was corrected from null to its default, SimpleCommentedConfig:{}. 
[02May2025 22:24:37.468] [Server thread/WARN] [net.minecraftforge.common.ForgeConfigSpec/CORE]: Incorrect key tools.wood.woodPaxelDamage was corrected from null to its default, 7.0. 
[02May2025 22:24:37.469] [Server thread/WARN] [net.minecraftforge.common.ForgeConfigSpec/CORE]: Incorrect key tools.wood.woodPaxelAtkSpeed was corrected from null to its default, -2.4000000953674316. 
[02May2025 22:24:37.472] [Server thread/WARN] [net.minecraftforge.common.ForgeConfigSpec/CORE]: Incorrect key tools.wood.woodPaxelEfficiency was corrected from null to its default, 2.0. 
[02May2025 22:24:37.472] [Server thread/WARN] [net.minecraftforge.common.ForgeConfigSpec/CORE]: Incorrect key tools.wood.woodPaxelEnchantability was corrected from null to its default, 15. 
[02May2025 22:24:37.472] [Server thread/WARN] [net.minecraftforge.common.ForgeConfigSpec/CORE]: Incorrect key tools.wood.woodPaxelMaxUses was corrected from null to its default, 118. 
[02May2025 22:24:37.472] [Server thread/WARN] [net.minecraftforge.common.ForgeConfigSpec/CORE]: Incorrect key tools.stone was corrected from null to its default, SimpleCommentedConfig:{}. 
[02May2025 22:24:37.472] [Server thread/WARN] [net.minecraftforge.common.ForgeConfigSpec/CORE]: Incorrect key tools.stone.stonePaxelDamage was corrected from null to its default, 8.0. 
[02May2025 22:24:37.472] [Server thread/WARN] [net.minecraftforge.common.ForgeConfigSpec/CORE]: Incorrect key tools.stone.stonePaxelAtkSpeed was corrected from null to its default, -2.4000000953674316. 
[02May2025 22:24:37.472] [Server thread/WARN] [net.minecraftforge.common.ForgeConfigSpec/CORE]: Incorrect key tools.stone.stonePaxelEfficiency was corrected from null to its default, 4.0. 
[02May2025 22:24:37.473] [Server thread/WARN] [net.minecraftforge.common.ForgeConfigSpec/CORE]: Incorrect key tools.stone.stonePaxelEnchantability was corrected from null to its default, 5. 
[02May2025 22:24:37.473] [Server thread/WARN] [net.minecraftforge.common.ForgeConfigSpec/CORE]: Incorrect key tools.stone.stonePaxelMaxUses was corrected from null to its default, 262. 
[02May2025 22:24:37.473] [Server thread/WARN] [net.minecraftforge.common.ForgeConfigSpec/CORE]: Incorrect key tools.iron was corrected from null to its default, SimpleCommentedConfig:{}. 
[02May2025 22:24:37.473] [Server thread/WARN] [net.minecraftforge.common.ForgeConfigSpec/CORE]: Incorrect key tools.iron.ironPaxelDamage was corrected from null to its default, 7.0. 
[02May2025 22:24:37.474] [Server thread/WARN] [net.minecraftforge.common.ForgeConfigSpec/CORE]: Incorrect key tools.iron.ironPaxelAtkSpeed was corrected from null to its default, -2.4000000953674316. 
[02May2025 22:24:37.475] [Server thread/WARN] [net.minecraftforge.common.ForgeConfigSpec/CORE]: Incorrect key tools.iron.ironPaxelEfficiency was corrected from null to its default, 6.0. 
[02May2025 22:24:37.476] [Server thread/WARN] [net.minecraftforge.common.ForgeConfigSpec/CORE]: Incorrect key tools.iron.ironPaxelEnchantability was corrected from null to its default, 14. 
[02May2025 22:24:37.478] [Server thread/WARN] [net.minecraftforge.common.ForgeConfigSpec/CORE]: Incorrect key tools.iron.ironPaxelMaxUses was corrected from null to its default, 500. 
[02May2025 22:24:37.480] [Server thread/WARN] [net.minecraftforge.common.ForgeConfigSpec/CORE]: Incorrect key tools.diamond was corrected from null to its default, SimpleCommentedConfig:{}. 
[02May2025 22:24:37.480] [Server thread/WARN] [net.minecraftforge.common.ForgeConfigSpec/CORE]: Incorrect key tools.diamond.diamondPaxelDamage was corrected from null to its default, 6.0. 
[02May2025 22:24:37.480] [Server thread/WARN] [net.minecraftforge.common.ForgeConfigSpec/CORE]: Incorrect key tools.diamond.diamondPaxelAtkSpeed was corrected from null to its default, -2.4000000953674316. 
[02May2025 22:24:37.480] [Server thread/WARN] [net.minecraftforge.common.ForgeConfigSpec/CORE]: Incorrect key tools.diamond.diamondPaxelEfficiency was corrected from null to its default, 8.0. 
[02May2025 22:24:37.480] [Server thread/WARN] [net.minecraftforge.common.ForgeConfigSpec/CORE]: Incorrect key tools.diamond.diamondPaxelEnchantability was corrected from null to its default, 10. 
[02May2025 22:24:37.480] [Server thread/WARN] [net.minecraftforge.common.ForgeConfigSpec/CORE]: Incorrect key tools.diamond.diamondPaxelMaxUses was corrected from null to its default, 3122. 
[02May2025 22:24:37.482] [Server thread/WARN] [net.minecraftforge.common.ForgeConfigSpec/CORE]: Incorrect key tools.gold was corrected from null to its default, SimpleCommentedConfig:{}. 
[02May2025 22:24:37.483] [Server thread/WARN] [net.minecraftforge.common.ForgeConfigSpec/CORE]: Incorrect key tools.gold.goldPaxelDamage was corrected from null to its default, 7.0. 
[02May2025 22:24:37.484] [Server thread/WARN] [net.minecraftforge.common.ForgeConfigSpec/CORE]: Incorrect key tools.gold.goldPaxelAtkSpeed was corrected from null to its default, -2.4000000953674316. 
[02May2025 22:24:37.484] [Server thread/WARN] [net.minecraftforge.common.ForgeConfigSpec/CORE]: Incorrect key tools.gold.goldPaxelEfficiency was corrected from null to its default, 12.0. 
[02May2025 22:24:37.486] [Server thread/WARN] [net.minecraftforge.common.ForgeConfigSpec/CORE]: Incorrect key tools.gold.goldPaxelEnchantability was corrected from null to its default, 22. 
[02May2025 22:24:37.486] [Server thread/WARN] [net.minecraftforge.common.ForgeConfigSpec/CORE]: Incorrect key tools.gold.goldPaxelMaxUses was corrected from null to its default, 64. 
[02May2025 22:24:37.486] [Server thread/WARN] [net.minecraftforge.common.ForgeConfigSpec/CORE]: Incorrect key tools.netherite was corrected from null to its default, SimpleCommentedConfig:{}. 
[02May2025 22:24:37.486] [Server thread/WARN] [net.minecraftforge.common.ForgeConfigSpec/CORE]: Incorrect key tools.netherite.netheritePaxelDamage was corrected from null to its default, 6.0. 
[02May2025 22:24:37.487] [Server thread/WARN] [net.minecraftforge.common.ForgeConfigSpec/CORE]: Incorrect key tools.netherite.netheritePaxelAtkSpeed was corrected from null to its default, -2.4000000953674316. 
[02May2025 22:24:37.489] [Server thread/WARN] [net.minecraftforge.common.ForgeConfigSpec/CORE]: Incorrect key tools.netherite.netheritePaxelEfficiency was corrected from null to its default, 9.0. 
[02May2025 22:24:37.489] [Server thread/WARN] [net.minecraftforge.common.ForgeConfigSpec/CORE]: Incorrect key tools.netherite.netheritePaxelEnchantability was corrected from null to its default, 15. 
[02May2025 22:24:37.489] [Server thread/WARN] [net.minecraftforge.common.ForgeConfigSpec/CORE]: Incorrect key tools.netherite.netheritePaxelMaxUses was corrected from null to its default, 4062. 
[02May2025 22:24:37.491] [Server thread/WARN] [net.minecraftforge.common.ForgeConfigSpec/CORE]: Incorrect key tools.bronze was corrected from null to its default, SimpleCommentedConfig:{}. 
[02May2025 22:24:37.491] [Server thread/WARN] [net.minecraftforge.common.ForgeConfigSpec/CORE]: Incorrect key tools.bronze.bronzeAttackDamage was corrected from null to its default, 2.0. 
[02May2025 22:24:37.491] [Server thread/WARN] [net.minecraftforge.common.ForgeConfigSpec/CORE]: Incorrect key tools.bronze.bronzeShieldDurability was corrected from null to its default, 403. 
[02May2025 22:24:37.491] [Server thread/WARN] [net.minecraftforge.common.ForgeConfigSpec/CORE]: Incorrect key tools.bronze.bronzeSwordDamage was corrected from null to its default, 3.0. 
[02May2025 22:24:37.491] [Server thread/WARN] [net.minecraftforge.common.ForgeConfigSpec/CORE]: Incorrect key tools.bronze.bronzeSwordAtkSpeed was corrected from null to its default, -2.4000000953674316. 
[02May2025 22:24:37.492] [Server thread/WARN] [net.minecraftforge.common.ForgeConfigSpec/CORE]: Incorrect key tools.bronze.bronzeShovelDamage was corrected from null to its default, 1.5. 
[02May2025 22:24:37.494] [Server thread/WARN] [net.minecraftforge.common.ForgeConfigSpec/CORE]: Incorrect key tools.bronze.bronzeShovelAtkSpeed was corrected from null to its default, -3.0. 
[02May2025 22:24:37.494] [Server thread/WARN] [net.minecraftforge.common.ForgeConfigSpec/CORE]: Incorrect key tools.bronze.bronzeAxeDamage was corrected from null to its default, 7.0. 
[02May2025 22:24:37.494] [Server thread/WARN] [net.minecraftforge.common.ForgeConfigSpec/CORE]: Incorrect key tools.bronze.bronzeAxeAtkSpeed was corrected from null to its default, -3.0. 
[02May2025 22:24:37.495] [Server thread/WARN] [net.minecraftforge.common.ForgeConfigSpec/CORE]: Incorrect key tools.bronze.bronzePickaxeDamage was corrected from null to its default, 1.0. 
[02May2025 22:24:37.495] [Server thread/WARN] [net.minecraftforge.common.ForgeConfigSpec/CORE]: Incorrect key tools.bronze.bronzePickaxeAtkSpeed was corrected from null to its default, -2.799999952316284. 
[02May2025 22:24:37.495] [Server thread/WARN] [net.minecraftforge.common.ForgeConfigSpec/CORE]: Incorrect key tools.bronze.bronzeHoeDamage was corrected from null to its default, -2.0. 
[02May2025 22:24:37.495] [Server thread/WARN] [net.minecraftforge.common.ForgeConfigSpec/CORE]: Incorrect key tools.bronze.bronzeHoeAtkSpeed was corrected from null to its default, -1.0. 
[02May2025 22:24:37.496] [Server thread/WARN] [net.minecraftforge.common.ForgeConfigSpec/CORE]: Incorrect key tools.bronze.bronzeToolMaxUses was corrected from null to its default, 375. 
[02May2025 22:24:37.498] [Server thread/WARN] [net.minecraftforge.common.ForgeConfigSpec/CORE]: Incorrect key tools.bronze.bronzeEfficiency was corrected from null to its default, 7.0. 
[02May2025 22:24:37.498] [Server thread/WARN] [net.minecraftforge.common.ForgeConfigSpec/CORE]: Incorrect key tools.bronze.bronzePaxelDamage was corrected from null to its default, 8.0. 
[02May2025 22:24:37.499] [Server thread/WARN] [net.minecraftforge.common.ForgeConfigSpec/CORE]: Incorrect key tools.bronze.bronzePaxelAtkSpeed was corrected from null to its default, -2.4000000953674316. 
[02May2025 22:24:37.501] [Server thread/WARN] [net.minecraftforge.common.ForgeConfigSpec/CORE]: Incorrect key tools.bronze.bronzePaxelEfficiency was corrected from null to its default, 7.0. 
[02May2025 22:24:37.501] [Server thread/WARN] [net.minecraftforge.common.ForgeConfigSpec/CORE]: Incorrect key tools.bronze.bronzePaxelEnchantability was corrected from null to its default, 10. 
[02May2025 22:24:37.501] [Server thread/WARN] [net.minecraftforge.common.ForgeConfigSpec/CORE]: Incorrect key tools.bronze.bronzePaxelMaxUses was corrected from null to its default, 750. 
[02May2025 22:24:37.502] [Server thread/WARN] [net.minecraftforge.common.ForgeConfigSpec/CORE]: Incorrect key tools.bronze.bronzeEnchantability was corrected from null to its default, 10. 
[02May2025 22:24:37.504] [Server thread/WARN] [net.minecraftforge.common.ForgeConfigSpec/CORE]: Incorrect key tools.bronze.bronzeToughness was corrected from null to its default, 1.0. 
[02May2025 22:24:37.504] [Server thread/WARN] [net.minecraftforge.common.ForgeConfigSpec/CORE]: Incorrect key tools.bronze.bronzeKnockbackResistance was corrected from null to its default, 0.0. 
[02May2025 22:24:37.504] [Server thread/WARN] [net.minecraftforge.common.ForgeConfigSpec/CORE]: Incorrect key tools.bronze.bronzeBootDurability was corrected from null to its default, 234. 
[02May2025 22:24:37.504] [Server thread/WARN] [net.minecraftforge.common.ForgeConfigSpec/CORE]: Incorrect key tools.bronze.bronzeLeggingDurability was corrected from null to its default, 270. 
[02May2025 22:24:37.505] [Server thread/WARN] [net.minecraftforge.common.ForgeConfigSpec/CORE]: Incorrect key tools.bronze.bronzeChestplateDurability was corrected from null to its default, 288. 
[02May2025 22:24:37.506] [Server thread/WARN] [net.minecraftforge.common.ForgeConfigSpec/CORE]: Incorrect key tools.bronze.bronzeHelmetDurability was corrected from null to its default, 198. 
[02May2025 22:24:37.506] [Server thread/WARN] [net.minecraftforge.common.ForgeConfigSpec/CORE]: Incorrect key tools.bronze.bronzeBootArmor was corrected from null to its default, 2. 
[02May2025 22:24:37.507] [Server thread/WARN] [net.minecraftforge.common.ForgeConfigSpec/CORE]: Incorrect key tools.bronze.bronzeLeggingArmor was corrected from null to its default, 6. 
[02May2025 22:24:37.507] [Server thread/WARN] [net.minecraftforge.common.ForgeConfigSpec/CORE]: Incorrect key tools.bronze.bronzeChestplateArmor was corrected from null to its default, 7. 
[02May2025 22:24:37.507] [Server thread/WARN] [net.minecraftforge.common.ForgeConfigSpec/CORE]: Incorrect key tools.bronze.bronzeHelmetArmor was corrected from null to its default, 3. 
[02May2025 22:24:37.507] [Server thread/WARN] [net.minecraftforge.common.ForgeConfigSpec/CORE]: Incorrect key tools.lapis_lazuli was corrected from null to its default, SimpleCommentedConfig:{}. 
[02May2025 22:24:37.508] [Server thread/WARN] [net.minecraftforge.common.ForgeConfigSpec/CORE]: Incorrect key tools.lapis_lazuli.lapis_lazuliAttackDamage was corrected from null to its default, 1.0. 
[02May2025 22:24:37.509] [Server thread/WARN] [net.minecraftforge.common.ForgeConfigSpec/CORE]: Incorrect key tools.lapis_lazuli.lapis_lazuliShieldDurability was corrected from null to its default, 224. 
[02May2025 22:24:37.510] [Server thread/WARN] [net.minecraftforge.common.ForgeConfigSpec/CORE]: Incorrect key tools.lapis_lazuli.lapis_lazuliSwordDamage was corrected from null to its default, 3.0. 
[02May2025 22:24:37.510] [Server thread/WARN] [net.minecraftforge.common.ForgeConfigSpec/CORE]: Incorrect key tools.lapis_lazuli.lapis_lazuliSwordAtkSpeed was corrected from null to its default, -2.4000000953674316. 
[02May2025 22:24:37.510] [Server thread/WARN] [net.minecraftforge.common.ForgeConfigSpec/CORE]: Incorrect key tools.lapis_lazuli.lapis_lazuliShovelDamage was corrected from null to its default, 1.5. 
[02May2025 22:24:37.513] [Server thread/WARN] [net.minecraftforge.common.ForgeConfigSpec/CORE]: Incorrect key tools.lapis_lazuli.lapis_lazuliShovelAtkSpeed was corrected from null to its default, -3.0. 
[02May2025 22:24:37.513] [Server thread/WARN] [net.minecraftforge.common.ForgeConfigSpec/CORE]: Incorrect key tools.lapis_lazuli.lapis_lazuliAxeDamage was corrected from null to its default, 4.0. 
[02May2025 22:24:37.513] [Server thread/WARN] [net.minecraftforge.common.ForgeConfigSpec/CORE]: Incorrect key tools.lapis_lazuli.lapis_lazuliAxeAtkSpeed was corrected from null to its default, -2.9000000953674316. 
[02May2025 22:24:37.513] [Server thread/WARN] [net.minecraftforge.common.ForgeConfigSpec/CORE]: Incorrect key tools.lapis_lazuli.lapis_lazuliPickaxeDamage was corrected from null to its default, 1.0. 
[02May2025 22:24:37.513] [Server thread/WARN] [net.minecraftforge.common.ForgeConfigSpec/CORE]: Incorrect key tools.lapis_lazuli.lapis_lazuliPickaxeAtkSpeed was corrected from null to its default, -2.799999952316284. 
[02May2025 22:24:37.513] [Server thread/WARN] [net.minecraftforge.common.ForgeConfigSpec/CORE]: Incorrect key tools.lapis_lazuli.lapis_lazuliHoeDamage was corrected from null to its default, -1.0. 
[02May2025 22:24:37.513] [Server thread/WARN] [net.minecraftforge.common.ForgeConfigSpec/CORE]: Incorrect key tools.lapis_lazuli.lapis_lazuliHoeAtkSpeed was corrected from null to its default, -2.0. 
[02May2025 22:24:37.514] [Server thread/WARN] [net.minecraftforge.common.ForgeConfigSpec/CORE]: Incorrect key tools.lapis_lazuli.lapis_lazuliToolMaxUses was corrected from null to its default, 128. 
[02May2025 22:24:37.514] [Server thread/WARN] [net.minecraftforge.common.ForgeConfigSpec/CORE]: Incorrect key tools.lapis_lazuli.lapis_lazuliEfficiency was corrected from null to its default, 9.0. 
[02May2025 22:24:37.514] [Server thread/WARN] [net.minecraftforge.common.ForgeConfigSpec/CORE]: Incorrect key tools.lapis_lazuli.lapis_lazuliPaxelDamage was corrected from null to its default, 5.0. 
[02May2025 22:24:37.515] [Server thread/WARN] [net.minecraftforge.common.ForgeConfigSpec/CORE]: Incorrect key tools.lapis_lazuli.lapis_lazuliPaxelAtkSpeed was corrected from null to its default, -2.4000000953674316. 
[02May2025 22:24:37.515] [Server thread/WARN] [net.minecraftforge.common.ForgeConfigSpec/CORE]: Incorrect key tools.lapis_lazuli.lapis_lazuliPaxelEfficiency was corrected from null to its default, 9.0. 
[02May2025 22:24:37.516] [Server thread/WARN] [net.minecraftforge.common.ForgeConfigSpec/CORE]: Incorrect key tools.lapis_lazuli.lapis_lazuliPaxelEnchantability was corrected from null to its default, 32. 
[02May2025 22:24:37.516] [Server thread/WARN] [net.minecraftforge.common.ForgeConfigSpec/CORE]: Incorrect key tools.lapis_lazuli.lapis_lazuliPaxelMaxUses was corrected from null to its default, 256. 
[02May2025 22:24:37.518] [Server thread/WARN] [net.minecraftforge.common.ForgeConfigSpec/CORE]: Incorrect key tools.lapis_lazuli.lapis_lazuliEnchantability was corrected from null to its default, 32. 
[02May2025 22:24:37.518] [Server thread/WARN] [net.minecraftforge.common.ForgeConfigSpec/CORE]: Incorrect key tools.lapis_lazuli.lapis_lazuliToughness was corrected from null to its default, 0.0. 
[02May2025 22:24:37.518] [Server thread/WARN] [net.minecraftforge.common.ForgeConfigSpec/CORE]: Incorrect key tools.lapis_lazuli.lapis_lazuliKnockbackResistance was corrected from null to its default, 0.0. 
[02May2025 22:24:37.519] [Server thread/WARN] [net.minecraftforge.common.ForgeConfigSpec/CORE]: Incorrect key tools.lapis_lazuli.lapis_lazuliBootDurability was corrected from null to its default, 130. 
[02May2025 22:24:37.519] [Server thread/WARN] [net.minecraftforge.common.ForgeConfigSpec/CORE]: Incorrect key tools.lapis_lazuli.lapis_lazuliLeggingDurability was corrected from null to its default, 150. 
[02May2025 22:24:37.519] [Server thread/WARN] [net.minecraftforge.common.ForgeConfigSpec/CORE]: Incorrect key tools.lapis_lazuli.lapis_lazuliChestplateDurability was corrected from null to its default, 160. 
[02May2025 22:24:37.520] [Server thread/WARN] [net.minecraftforge.common.ForgeConfigSpec/CORE]: Incorrect key tools.lapis_lazuli.lapis_lazuliHelmetDurability was corrected from null to its default, 110. 
[02May2025 22:24:37.520] [Server thread/WARN] [net.minecraftforge.common.ForgeConfigSpec/CORE]: Incorrect key tools.lapis_lazuli.lapis_lazuliBootArmor was corrected from null to its default, 1. 
[02May2025 22:24:37.521] [Server thread/WARN] [net.minecraftforge.common.ForgeConfigSpec/CORE]: Incorrect key tools.lapis_lazuli.lapis_lazuliLeggingArmor was corrected from null to its default, 3. 
[02May2025 22:24:37.523] [Server thread/WARN] [net.minecraftforge.common.ForgeConfigSpec/CORE]: Incorrect key tools.lapis_lazuli.lapis_lazuliChestplateArmor was corrected from null to its default, 4. 
[02May2025 22:24:37.523] [Server thread/WARN] [net.minecraftforge.common.ForgeConfigSpec/CORE]: Incorrect key tools.lapis_lazuli.lapis_lazuliHelmetArmor was corrected from null to its default, 1. 
[02May2025 22:24:37.523] [Server thread/WARN] [net.minecraftforge.common.ForgeConfigSpec/CORE]: Incorrect key tools.osmium was corrected from null to its default, SimpleCommentedConfig:{}. 
[02May2025 22:24:37.524] [Server thread/WARN] [net.minecraftforge.common.ForgeConfigSpec/CORE]: Incorrect key tools.osmium.osmiumAttackDamage was corrected from null to its default, 4.0. 
[02May2025 22:24:37.524] [Server thread/WARN] [net.minecraftforge.common.ForgeConfigSpec/CORE]: Incorrect key tools.osmium.osmiumShieldDurability was corrected from null to its default, 672. 
[02May2025 22:24:37.524] [Server thread/WARN] [net.minecraftforge.common.ForgeConfigSpec/CORE]: Incorrect key tools.osmium.osmiumSwordDamage was corrected from null to its default, 3.0. 
[02May2025 22:24:37.525] [Server thread/WARN] [net.minecraftforge.common.ForgeConfigSpec/CORE]: Incorrect key tools.osmium.osmiumSwordAtkSpeed was corrected from null to its default, -2.4000000953674316. 
[02May2025 22:24:37.527] [Server thread/WARN] [net.minecraftforge.common.ForgeConfigSpec/CORE]: Incorrect key tools.osmium.osmiumShovelDamage was corrected from null to its default, 1.5. 
[02May2025 22:24:37.527] [Server thread/WARN] [net.minecraftforge.common.ForgeConfigSpec/CORE]: Incorrect key tools.osmium.osmiumShovelAtkSpeed was corrected from null to its default, -3.0. 
[02May2025 22:24:37.528] [Server thread/WARN] [net.minecraftforge.common.ForgeConfigSpec/CORE]: Incorrect key tools.osmium.osmiumAxeDamage was corrected from null to its default, 8.0. 
[02May2025 22:24:37.531] [Server thread/WARN] [net.minecraftforge.common.ForgeConfigSpec/CORE]: Incorrect key tools.osmium.osmiumAxeAtkSpeed was corrected from null to its default, -3.299999952316284. 
[02May2025 22:24:37.531] [Server thread/WARN] [net.minecraftforge.common.ForgeConfigSpec/CORE]: Incorrect key tools.osmium.osmiumPickaxeDamage was corrected from null to its default, 1.0. 
[02May2025 22:24:37.532] [Server thread/WARN] [net.minecraftforge.common.ForgeConfigSpec/CORE]: Incorrect key tools.osmium.osmiumPickaxeAtkSpeed was corrected from null to its default, -2.799999952316284. 
[02May2025 22:24:37.533] [Server thread/WARN] [net.minecraftforge.common.ForgeConfigSpec/CORE]: Incorrect key tools.osmium.osmiumHoeDamage was corrected from null to its default, -4.0. 
[02May2025 22:24:37.533] [Server thread/WARN] [net.minecraftforge.common.ForgeConfigSpec/CORE]: Incorrect key tools.osmium.osmiumHoeAtkSpeed was corrected from null to its default, 1.0. 
[02May2025 22:24:37.534] [Server thread/WARN] [net.minecraftforge.common.ForgeConfigSpec/CORE]: Incorrect key tools.osmium.osmiumToolMaxUses was corrected from null to its default, 1024. 
[02May2025 22:24:37.534] [Server thread/WARN] [net.minecraftforge.common.ForgeConfigSpec/CORE]: Incorrect key tools.osmium.osmiumEfficiency was corrected from null to its default, 4.0. 
[02May2025 22:24:37.534] [Server thread/WARN] [net.minecraftforge.common.ForgeConfigSpec/CORE]: Incorrect key tools.osmium.osmiumPaxelDamage was corrected from null to its default, 9.0. 
[02May2025 22:24:37.535] [Server thread/WARN] [net.minecraftforge.common.ForgeConfigSpec/CORE]: Incorrect key tools.osmium.osmiumPaxelAtkSpeed was corrected from null to its default, -2.4000000953674316. 
[02May2025 22:24:37.535] [Server thread/WARN] [net.minecraftforge.common.ForgeConfigSpec/CORE]: Incorrect key tools.osmium.osmiumPaxelEfficiency was corrected from null to its default, 4.0. 
[02May2025 22:24:37.535] [Server thread/WARN] [net.minecraftforge.common.ForgeConfigSpec/CORE]: Incorrect key tools.osmium.osmiumPaxelEnchantability was corrected from null to its default, 14. 
[02May2025 22:24:37.536] [Server thread/WARN] [net.minecraftforge.common.ForgeConfigSpec/CORE]: Incorrect key tools.osmium.osmiumPaxelMaxUses was corrected from null to its default, 2048. 
[02May2025 22:24:37.538] [Server thread/WARN] [net.minecraftforge.common.ForgeConfigSpec/CORE]: Incorrect key tools.osmium.osmiumEnchantability was corrected from null to its default, 14. 
[02May2025 22:24:37.538] [Server thread/WARN] [net.minecraftforge.common.ForgeConfigSpec/CORE]: Incorrect key tools.osmium.osmiumToughness was corrected from null to its default, 3.0. 
[02May2025 22:24:37.539] [Server thread/WARN] [net.minecraftforge.common.ForgeConfigSpec/CORE]: Incorrect key tools.osmium.osmiumKnockbackResistance was corrected from null to its default, 0.10000000149011612. 
[02May2025 22:24:37.540] [Server thread/WARN] [net.minecraftforge.common.ForgeConfigSpec/CORE]: Incorrect key tools.osmium.osmiumBootDurability was corrected from null to its default, 390. 
[02May2025 22:24:37.540] [Server thread/WARN] [net.minecraftforge.common.ForgeConfigSpec/CORE]: Incorrect key tools.osmium.osmiumLeggingDurability was corrected from null to its default, 450. 
[02May2025 22:24:37.540] [Server thread/WARN] [net.minecraftforge.common.ForgeConfigSpec/CORE]: Incorrect key tools.osmium.osmiumChestplateDurability was corrected from null to its default, 480. 
[02May2025 22:24:37.540] [Server thread/WARN] [net.minecraftforge.common.ForgeConfigSpec/CORE]: Incorrect key tools.osmium.osmiumHelmetDurability was corrected from null to its default, 330. 
[02May2025 22:24:37.540] [Server thread/WARN] [net.minecraftforge.common.ForgeConfigSpec/CORE]: Incorrect key tools.osmium.osmiumBootArmor was corrected from null to its default, 3. 
[02May2025 22:24:37.540] [Server thread/WARN] [net.minecraftforge.common.ForgeConfigSpec/CORE]: Incorrect key tools.osmium.osmiumLeggingArmor was corrected from null to its default, 6. 
[02May2025 22:24:37.541] [Server thread/WARN] [net.minecraftforge.common.ForgeConfigSpec/CORE]: Incorrect key tools.osmium.osmiumChestplateArmor was corrected from null to its default, 8. 
[02May2025 22:24:37.541] [Server thread/WARN] [net.minecraftforge.common.ForgeConfigSpec/CORE]: Incorrect key tools.osmium.osmiumHelmetArmor was corrected from null to its default, 4. 
[02May2025 22:24:37.542] [Server thread/WARN] [net.minecraftforge.common.ForgeConfigSpec/CORE]: Incorrect key tools.refined_glowstone was corrected from null to its default, SimpleCommentedConfig:{}. 
[02May2025 22:24:37.542] [Server thread/WARN] [net.minecraftforge.common.ForgeConfigSpec/CORE]: Incorrect key tools.refined_glowstone.refined_glowstoneAttackDamage was corrected from null to its default, 2.0. 
[02May2025 22:24:37.542] [Server thread/WARN] [net.minecraftforge.common.ForgeConfigSpec/CORE]: Incorrect key tools.refined_glowstone.refined_glowstoneShieldDurability was corrected from null to its default, 381. 
[02May2025 22:24:37.543] [Server thread/WARN] [net.minecraftforge.common.ForgeConfigSpec/CORE]: Incorrect key tools.refined_glowstone.refined_glowstoneSwordDamage was corrected from null to its default, 3.0. 
[02May2025 22:24:37.543] [Server thread/WARN] [net.minecraftforge.common.ForgeConfigSpec/CORE]: Incorrect key tools.refined_glowstone.refined_glowstoneSwordAtkSpeed was corrected from null to its default, -2.4000000953674316. 
[02May2025 22:24:37.544] [Server thread/WARN] [net.minecraftforge.common.ForgeConfigSpec/CORE]: Incorrect key tools.refined_glowstone.refined_glowstoneShovelDamage was corrected from null to its default, 1.5. 
[02May2025 22:24:37.544] [Server thread/WARN] [net.minecraftforge.common.ForgeConfigSpec/CORE]: Incorrect key tools.refined_glowstone.refined_glowstoneShovelAtkSpeed was corrected from null to its default, -3.0. 
[02May2025 22:24:37.545] [Server thread/WARN] [net.minecraftforge.common.ForgeConfigSpec/CORE]: Incorrect key tools.refined_glowstone.refined_glowstoneAxeDamage was corrected from null to its default, 6.0. 
[02May2025 22:24:37.545] [Server thread/WARN] [net.minecraftforge.common.ForgeConfigSpec/CORE]: Incorrect key tools.refined_glowstone.refined_glowstoneAxeAtkSpeed was corrected from null to its default, -2.9000000953674316. 
[02May2025 22:24:37.545] [Server thread/WARN] [net.minecraftforge.common.ForgeConfigSpec/CORE]: Incorrect key tools.refined_glowstone.refined_glowstonePickaxeDamage was corrected from null to its default, 1.0. 
[02May2025 22:24:37.545] [Server thread/WARN] [net.minecraftforge.common.ForgeConfigSpec/CORE]: Incorrect key tools.refined_glowstone.refined_glowstonePickaxeAtkSpeed was corrected from null to its default, -2.799999952316284. 
[02May2025 22:24:37.546] [Server thread/WARN] [net.minecraftforge.common.ForgeConfigSpec/CORE]: Incorrect key tools.refined_glowstone.refined_glowstoneHoeDamage was corrected from null to its default, -2.0. 
[02May2025 22:24:37.547] [Server thread/WARN] [net.minecraftforge.common.ForgeConfigSpec/CORE]: Incorrect key tools.refined_glowstone.refined_glowstoneHoeAtkSpeed was corrected from null to its default, -1.0. 
[02May2025 22:24:37.547] [Server thread/WARN] [net.minecraftforge.common.ForgeConfigSpec/CORE]: Incorrect key tools.refined_glowstone.refined_glowstoneToolMaxUses was corrected from null to its default, 384. 
[02May2025 22:24:37.548] [Server thread/WARN] [net.minecraftforge.common.ForgeConfigSpec/CORE]: Incorrect key tools.refined_glowstone.refined_glowstoneEfficiency was corrected from null to its default, 15.0. 
[02May2025 22:24:37.548] [Server thread/WARN] [net.minecraftforge.common.ForgeConfigSpec/CORE]: Incorrect key tools.refined_glowstone.refined_glowstonePaxelDamage was corrected from null to its default, 7.0. 
[02May2025 22:24:37.548] [Server thread/WARN] [net.minecraftforge.common.ForgeConfigSpec/CORE]: Incorrect key tools.refined_glowstone.refined_glowstonePaxelAtkSpeed was corrected from null to its default, -2.4000000953674316. 
[02May2025 22:24:37.549] [Server thread/WARN] [net.minecraftforge.common.ForgeConfigSpec/CORE]: Incorrect key tools.refined_glowstone.refined_glowstonePaxelEfficiency was corrected from null to its default, 15.0. 
[02May2025 22:24:37.549] [Server thread/WARN] [net.minecraftforge.common.ForgeConfigSpec/CORE]: Incorrect key tools.refined_glowstone.refined_glowstonePaxelEnchantability was corrected from null to its default, 20. 
[02May2025 22:24:37.550] [Server thread/WARN] [net.minecraftforge.common.ForgeConfigSpec/CORE]: Incorrect key tools.refined_glowstone.refined_glowstonePaxelMaxUses was corrected from null to its default, 768. 
[02May2025 22:24:37.550] [Server thread/WARN] [net.minecraftforge.common.ForgeConfigSpec/CORE]: Incorrect key tools.refined_glowstone.refined_glowstoneEnchantability was corrected from null to its default, 20. 
[02May2025 22:24:37.550] [Server thread/WARN] [net.minecraftforge.common.ForgeConfigSpec/CORE]: Incorrect key tools.refined_glowstone.refined_glowstoneToughness was corrected from null to its default, 0.0. 
[02May2025 22:24:37.550] [Server thread/WARN] [net.minecraftforge.common.ForgeConfigSpec/CORE]: Incorrect key tools.refined_glowstone.refined_glowstoneKnockbackResistance was corrected from null to its default, 0.0. 
[02May2025 22:24:37.550] [Server thread/WARN] [net.minecraftforge.common.ForgeConfigSpec/CORE]: Incorrect key tools.refined_glowstone.refined_glowstoneBootDurability was corrected from null to its default, 221. 
[02May2025 22:24:37.552] [Server thread/WARN] [net.minecraftforge.common.ForgeConfigSpec/CORE]: Incorrect key tools.refined_glowstone.refined_glowstoneLeggingDurability was corrected from null to its default, 255. 
[02May2025 22:24:37.553] [Server thread/WARN] [net.minecraftforge.common.ForgeConfigSpec/CORE]: Incorrect key tools.refined_glowstone.refined_glowstoneChestplateDurability was corrected from null to its default, 272. 
[02May2025 22:24:37.554] [Server thread/WARN] [net.minecraftforge.common.ForgeConfigSpec/CORE]: Incorrect key tools.refined_glowstone.refined_glowstoneHelmetDurability was corrected from null to its default, 187. 
[02May2025 22:24:37.554] [Server thread/WARN] [net.minecraftforge.common.ForgeConfigSpec/CORE]: Incorrect key tools.refined_glowstone.refined_glowstoneBootArmor was corrected from null to its default, 3. 
[02May2025 22:24:37.554] [Server thread/WARN] [net.minecraftforge.common.ForgeConfigSpec/CORE]: Incorrect key tools.refined_glowstone.refined_glowstoneLeggingArmor was corrected from null to its default, 6. 
[02May2025 22:24:37.555] [Server thread/WARN] [net.minecraftforge.common.ForgeConfigSpec/CORE]: Incorrect key tools.refined_glowstone.refined_glowstoneChestplateArmor was corrected from null to its default, 8. 
[02May2025 22:24:37.555] [Server thread/WARN] [net.minecraftforge.common.ForgeConfigSpec/CORE]: Incorrect key tools.refined_glowstone.refined_glowstoneHelmetArmor was corrected from null to its default, 3. 
[02May2025 22:24:37.556] [Server thread/WARN] [net.minecraftforge.common.ForgeConfigSpec/CORE]: Incorrect key tools.refined_obsidian was corrected from null to its default, SimpleCommentedConfig:{}. 
[02May2025 22:24:37.556] [Server thread/WARN] [net.minecraftforge.common.ForgeConfigSpec/CORE]: Incorrect key tools.refined_obsidian.refined_obsidianAttackDamage was corrected from null to its default, 8.0. 
[02May2025 22:24:37.556] [Server thread/WARN] [net.minecraftforge.common.ForgeConfigSpec/CORE]: Incorrect key tools.refined_obsidian.refined_obsidianShieldDurability was corrected from null to its default, 1680. 
[02May2025 22:24:37.556] [Server thread/WARN] [net.minecraftforge.common.ForgeConfigSpec/CORE]: Incorrect key tools.refined_obsidian.refined_obsidianSwordDamage was corrected from null to its default, 3.0. 
[02May2025 22:24:37.557] [Server thread/WARN] [net.minecraftforge.common.ForgeConfigSpec/CORE]: Incorrect key tools.refined_obsidian.refined_obsidianSwordAtkSpeed was corrected from null to its default, -2.4000000953674316. 
[02May2025 22:24:37.557] [Server thread/WARN] [net.minecraftforge.common.ForgeConfigSpec/CORE]: Incorrect key tools.refined_obsidian.refined_obsidianShovelDamage was corrected from null to its default, 1.5. 
[02May2025 22:24:37.558] [Server thread/WARN] [net.minecraftforge.common.ForgeConfigSpec/CORE]: Incorrect key tools.refined_obsidian.refined_obsidianShovelAtkSpeed was corrected from null to its default, -3.0. 
[02May2025 22:24:37.559] [Server thread/WARN] [net.minecraftforge.common.ForgeConfigSpec/CORE]: Incorrect key tools.refined_obsidian.refined_obsidianAxeDamage was corrected from null to its default, 7.0. 
[02May2025 22:24:37.559] [Server thread/WARN] [net.minecraftforge.common.ForgeConfigSpec/CORE]: Incorrect key tools.refined_obsidian.refined_obsidianAxeAtkSpeed was corrected from null to its default, -2.9000000953674316. 
[02May2025 22:24:37.560] [Server thread/WARN] [net.minecraftforge.common.ForgeConfigSpec/CORE]: Incorrect key tools.refined_obsidian.refined_obsidianPickaxeDamage was corrected from null to its default, 1.0. 
[02May2025 22:24:37.560] [Server thread/WARN] [net.minecraftforge.common.ForgeConfigSpec/CORE]: Incorrect key tools.refined_obsidian.refined_obsidianPickaxeAtkSpeed was corrected from null to its default, -2.799999952316284. 
[02May2025 22:24:37.560] [Server thread/WARN] [net.minecraftforge.common.ForgeConfigSpec/CORE]: Incorrect key tools.refined_obsidian.refined_obsidianHoeDamage was corrected from null to its default, -8.0. 
[02May2025 22:24:37.561] [Server thread/WARN] [net.minecraftforge.common.ForgeConfigSpec/CORE]: Incorrect key tools.refined_obsidian.refined_obsidianHoeAtkSpeed was corrected from null to its default, 5.0. 
[02May2025 22:24:37.561] [Server thread/WARN] [net.minecraftforge.common.ForgeConfigSpec/CORE]: Incorrect key tools.refined_obsidian.refined_obsidianToolMaxUses was corrected from null to its default, 4096. 
[02May2025 22:24:37.561] [Server thread/WARN] [net.minecraftforge.common.ForgeConfigSpec/CORE]: Incorrect key tools.refined_obsidian.refined_obsidianEfficiency was corrected from null to its default, 12.0. 
[02May2025 22:24:37.561] [Server thread/WARN] [net.minecraftforge.common.ForgeConfigSpec/CORE]: Incorrect key tools.refined_obsidian.refined_obsidianPaxelDamage was corrected from null to its default, 8.0. 
[02May2025 22:24:37.562] [Server thread/WARN] [net.minecraftforge.common.ForgeConfigSpec/CORE]: Incorrect key tools.refined_obsidian.refined_obsidianPaxelAtkSpeed was corrected from null to its default, -2.4000000953674316. 
[02May2025 22:24:37.562] [Server thread/WARN] [net.minecraftforge.common.ForgeConfigSpec/CORE]: Incorrect key tools.refined_obsidian.refined_obsidianPaxelEfficiency was corrected from null to its default, 12.0. 
[02May2025 22:24:37.562] [Server thread/WARN] [net.minecraftforge.common.ForgeConfigSpec/CORE]: Incorrect key tools.refined_obsidian.refined_obsidianPaxelEnchantability was corrected from null to its default, 18. 
[02May2025 22:24:37.562] [Server thread/WARN] [net.minecraftforge.common.ForgeConfigSpec/CORE]: Incorrect key tools.refined_obsidian.refined_obsidianPaxelMaxUses was corrected from null to its default, 8192. 
[02May2025 22:24:37.563] [Server thread/WARN] [net.minecraftforge.common.ForgeConfigSpec/CORE]: Incorrect key tools.refined_obsidian.refined_obsidianEnchantability was corrected from null to its default, 18. 
[02May2025 22:24:37.564] [Server thread/WARN] [net.minecraftforge.common.ForgeConfigSpec/CORE]: Incorrect key tools.refined_obsidian.refined_obsidianToughness was corrected from null to its default, 5.0. 
[02May2025 22:24:37.565] [Server thread/WARN] [net.minecraftforge.common.ForgeConfigSpec/CORE]: Incorrect key tools.refined_obsidian.refined_obsidianKnockbackResistance was corrected from null to its default, 0.20000000298023224. 
[02May2025 22:24:37.565] [Server thread/WARN] [net.minecraftforge.common.ForgeConfigSpec/CORE]: Incorrect key tools.refined_obsidian.refined_obsidianBootDurability was corrected from null to its default, 975. 
[02May2025 22:24:37.566] [Server thread/WARN] [net.minecraftforge.common.ForgeConfigSpec/CORE]: Incorrect key tools.refined_obsidian.refined_obsidianLeggingDurability was corrected from null to its default, 1125. 
[02May2025 22:24:37.566] [Server thread/WARN] [net.minecraftforge.common.ForgeConfigSpec/CORE]: Incorrect key tools.refined_obsidian.refined_obsidianChestplateDurability was corrected from null to its default, 1200. 
[02May2025 22:24:37.567] [Server thread/WARN] [net.minecraftforge.common.ForgeConfigSpec/CORE]: Incorrect key tools.refined_obsidian.refined_obsidianHelmetDurability was corrected from null to its default, 825. 
[02May2025 22:24:37.568] [Server thread/WARN] [net.minecraftforge.common.ForgeConfigSpec/CORE]: Incorrect key tools.refined_obsidian.refined_obsidianBootArmor was corrected from null to its default, 5. 
[02May2025 22:24:37.569] [Server thread/WARN] [net.minecraftforge.common.ForgeConfigSpec/CORE]: Incorrect key tools.refined_obsidian.refined_obsidianLeggingArmor was corrected from null to its default, 8. 
[02May2025 22:24:37.569] [Server thread/WARN] [net.minecraftforge.common.ForgeConfigSpec/CORE]: Incorrect key tools.refined_obsidian.refined_obsidianChestplateArmor was corrected from null to its default, 12. 
[02May2025 22:24:37.569] [Server thread/WARN] [net.minecraftforge.common.ForgeConfigSpec/CORE]: Incorrect key tools.refined_obsidian.refined_obsidianHelmetArmor was corrected from null to its default, 6. 
[02May2025 22:24:37.570] [Server thread/WARN] [net.minecraftforge.common.ForgeConfigSpec/CORE]: Incorrect key tools.steel was corrected from null to its default, SimpleCommentedConfig:{}. 
[02May2025 22:24:37.571] [Server thread/WARN] [net.minecraftforge.common.ForgeConfigSpec/CORE]: Incorrect key tools.steel.steelAttackDamage was corrected from null to its default, 3.0. 
[02May2025 22:24:37.571] [Server thread/WARN] [net.minecraftforge.common.ForgeConfigSpec/CORE]: Incorrect key tools.steel.steelShieldDurability was corrected from null to its default, 448. 
[02May2025 22:24:37.571] [Server thread/WARN] [net.minecraftforge.common.ForgeConfigSpec/CORE]: Incorrect key tools.steel.steelSwordDamage was corrected from null to its default, 3.0. 
[02May2025 22:24:37.571] [Server thread/WARN] [net.minecraftforge.common.ForgeConfigSpec/CORE]: Incorrect key tools.steel.steelSwordAtkSpeed was corrected from null to its default, -2.4000000953674316. 
[02May2025 22:24:37.572] [Server thread/WARN] [net.minecraftforge.common.ForgeConfigSpec/CORE]: Incorrect key tools.steel.steelShovelDamage was corrected from null to its default, 1.5. 
[02May2025 22:24:37.572] [Server thread/WARN] [net.minecraftforge.common.ForgeConfigSpec/CORE]: Incorrect key tools.steel.steelShovelAtkSpeed was corrected from null to its default, -3.0. 
[02May2025 22:24:37.572] [Server thread/WARN] [net.minecraftforge.common.ForgeConfigSpec/CORE]: Incorrect key tools.steel.steelAxeDamage was corrected from null to its default, 7.0. 
[02May2025 22:24:37.572] [Server thread/WARN] [net.minecraftforge.common.ForgeConfigSpec/CORE]: Incorrect key tools.steel.steelAxeAtkSpeed was corrected from null to its default, -3.0. 
[02May2025 22:24:37.572] [Server thread/WARN] [net.minecraftforge.common.ForgeConfigSpec/CORE]: Incorrect key tools.steel.steelPickaxeDamage was corrected from null to its default, 1.0. 
[02May2025 22:24:37.573] [Server thread/WARN] [net.minecraftforge.common.ForgeConfigSpec/CORE]: Incorrect key tools.steel.steelPickaxeAtkSpeed was corrected from null to its default, -2.799999952316284. 
[02May2025 22:24:37.574] [Server thread/WARN] [net.minecraftforge.common.ForgeConfigSpec/CORE]: Incorrect key tools.steel.steelHoeDamage was corrected from null to its default, -3.0. 
[02May2025 22:24:37.574] [Server thread/WARN] [net.minecraftforge.common.ForgeConfigSpec/CORE]: Incorrect key tools.steel.steelHoeAtkSpeed was corrected from null to its default, 0.0. 
[02May2025 22:24:37.574] [Server thread/WARN] [net.minecraftforge.common.ForgeConfigSpec/CORE]: Incorrect key tools.steel.steelToolMaxUses was corrected from null to its default, 500. 
[02May2025 22:24:37.574] [Server thread/WARN] [net.minecraftforge.common.ForgeConfigSpec/CORE]: Incorrect key tools.steel.steelEfficiency was corrected from null to its default, 8.0. 
[02May2025 22:24:37.575] [Server thread/WARN] [net.minecraftforge.common.ForgeConfigSpec/CORE]: Incorrect key tools.steel.steelPaxelDamage was corrected from null to its default, 8.0. 
[02May2025 22:24:37.575] [Server thread/WARN] [net.minecraftforge.common.ForgeConfigSpec/CORE]: Incorrect key tools.steel.steelPaxelAtkSpeed was corrected from null to its default, -2.4000000953674316. 
[02May2025 22:24:37.575] [Server thread/WARN] [net.minecraftforge.common.ForgeConfigSpec/CORE]: Incorrect key tools.steel.steelPaxelEfficiency was corrected from null to its default, 8.0. 
[02May2025 22:24:37.575] [Server thread/WARN] [net.minecraftforge.common.ForgeConfigSpec/CORE]: Incorrect key tools.steel.steelPaxelEnchantability was corrected from null to its default, 16. 
[02May2025 22:24:37.576] [Server thread/WARN] [net.minecraftforge.common.ForgeConfigSpec/CORE]: Incorrect key tools.steel.steelPaxelMaxUses was corrected from null to its default, 1000. 
[02May2025 22:24:37.576] [Server thread/WARN] [net.minecraftforge.common.ForgeConfigSpec/CORE]: Incorrect key tools.steel.steelEnchantability was corrected from null to its default, 16. 
[02May2025 22:24:37.576] [Server thread/WARN] [net.minecraftforge.common.ForgeConfigSpec/CORE]: Incorrect key tools.steel.steelToughness was corrected from null to its default, 2.0. 
[02May2025 22:24:37.576] [Server thread/WARN] [net.minecraftforge.common.ForgeConfigSpec/CORE]: Incorrect key tools.steel.steelKnockbackResistance was corrected from null to its default, 0.0. 
[02May2025 22:24:37.577] [Server thread/WARN] [net.minecraftforge.common.ForgeConfigSpec/CORE]: Incorrect key tools.steel.steelBootDurability was corrected from null to its default, 260. 
[02May2025 22:24:37.577] [Server thread/WARN] [net.minecraftforge.common.ForgeConfigSpec/CORE]: Incorrect key tools.steel.steelLeggingDurability was corrected from null to its default, 300. 
[02May2025 22:24:37.577] [Server thread/WARN] [net.minecraftforge.common.ForgeConfigSpec/CORE]: Incorrect key tools.steel.steelChestplateDurability was corrected from null to its default, 320. 
[02May2025 22:24:37.578] [Server thread/WARN] [net.minecraftforge.common.ForgeConfigSpec/CORE]: Incorrect key tools.steel.steelHelmetDurability was corrected from null to its default, 220. 
[02May2025 22:24:37.580] [Server thread/WARN] [net.minecraftforge.common.ForgeConfigSpec/CORE]: Incorrect key tools.steel.steelBootArmor was corrected from null to its default, 3. 
[02May2025 22:24:37.580] [Server thread/WARN] [net.minecraftforge.common.ForgeConfigSpec/CORE]: Incorrect key tools.steel.steelLeggingArmor was corrected from null to its default, 6. 
[02May2025 22:24:37.580] [Server thread/WARN] [net.minecraftforge.common.ForgeConfigSpec/CORE]: Incorrect key tools.steel.steelChestplateArmor was corrected from null to its default, 8. 
[02May2025 22:24:37.581] [Server thread/WARN] [net.minecraftforge.common.ForgeConfigSpec/CORE]: Incorrect key tools.steel.steelHelmetArmor was corrected from null to its default, 3. 
[02May2025 22:24:37.602] [Server thread/WARN] [net.minecraftforge.common.ForgeConfigSpec/CORE]: Configuration file /workspaces/moddedserver/config/Mekanism/generators.toml is not correct. Correcting
[02May2025 22:24:37.603] [Server thread/WARN] [net.minecraftforge.common.ForgeConfigSpec/CORE]: Incorrect key generators was corrected from null to its default, SimpleCommentedConfig:{}. 
[02May2025 22:24:37.603] [Server thread/WARN] [net.minecraftforge.common.ForgeConfigSpec/CORE]: Incorrect key generators.energyPerFusionFuel was corrected from null to its default, 10000000. 
[02May2025 22:24:37.603] [Server thread/WARN] [net.minecraftforge.common.ForgeConfigSpec/CORE]: Incorrect key generators.solarGeneration was corrected from null to its default, 50. 
[02May2025 22:24:37.603] [Server thread/WARN] [net.minecraftforge.common.ForgeConfigSpec/CORE]: Incorrect key generators.advancedSolarGeneration was corrected from null to its default, 300. 
[02May2025 22:24:37.604] [Server thread/WARN] [net.minecraftforge.common.ForgeConfigSpec/CORE]: Incorrect key generators.bio_generator was corrected from null to its default, SimpleCommentedConfig:{}. 
[02May2025 22:24:37.604] [Server thread/WARN] [net.minecraftforge.common.ForgeConfigSpec/CORE]: Incorrect key generators.bio_generator.bioGeneration was corrected from null to its default, 350. 
[02May2025 22:24:37.604] [Server thread/WARN] [net.minecraftforge.common.ForgeConfigSpec/CORE]: Incorrect key generators.bio_generator.tankCapacity was corrected from null to its default, 24000. 
[02May2025 22:24:37.605] [Server thread/WARN] [net.minecraftforge.common.ForgeConfigSpec/CORE]: Incorrect key generators.heat_generator was corrected from null to its default, SimpleCommentedConfig:{}. 
[02May2025 22:24:37.606] [Server thread/WARN] [net.minecraftforge.common.ForgeConfigSpec/CORE]: Incorrect key generators.heat_generator.heatGeneration was corrected from null to its default, 200. 
[02May2025 22:24:37.606] [Server thread/WARN] [net.minecraftforge.common.ForgeConfigSpec/CORE]: Incorrect key generators.heat_generator.heatGenerationLava was corrected from null to its default, 30. 
[02May2025 22:24:37.606] [Server thread/WARN] [net.minecraftforge.common.ForgeConfigSpec/CORE]: Incorrect key generators.heat_generator.heatGenerationNether was corrected from null to its default, 100. 
[02May2025 22:24:37.606] [Server thread/WARN] [net.minecraftforge.common.ForgeConfigSpec/CORE]: Incorrect key generators.heat_generator.tankCapacity was corrected from null to its default, 24000. 
[02May2025 22:24:37.606] [Server thread/WARN] [net.minecraftforge.common.ForgeConfigSpec/CORE]: Incorrect key generators.heat_generator.heatGenerationFluidRate was corrected from null to its default, 10. 
[02May2025 22:24:37.607] [Server thread/WARN] [net.minecraftforge.common.ForgeConfigSpec/CORE]: Incorrect key generators.gas_generator was corrected from null to its default, SimpleCommentedConfig:{}. 
[02May2025 22:24:37.607] [Server thread/WARN] [net.minecraftforge.common.ForgeConfigSpec/CORE]: Incorrect key generators.gas_generator.tankCapacity was corrected from null to its default, 18000. 
[02May2025 22:24:37.607] [Server thread/WARN] [net.minecraftforge.common.ForgeConfigSpec/CORE]: Incorrect key generators.gas_generator.ethyleneBurnTicks was corrected from null to its default, 40. 
[02May2025 22:24:37.607] [Server thread/WARN] [net.minecraftforge.common.ForgeConfigSpec/CORE]: Incorrect key generators.gas_generator.ethyleneDensityMultiplier was corrected from null to its default, 40. 
[02May2025 22:24:37.607] [Server thread/WARN] [net.minecraftforge.common.ForgeConfigSpec/CORE]: Incorrect key generators.turbine was corrected from null to its default, SimpleCommentedConfig:{}. 
[02May2025 22:24:37.607] [Server thread/WARN] [net.minecraftforge.common.ForgeConfigSpec/CORE]: Incorrect key generators.turbine.turbineBladesPerCoil was corrected from null to its default, 4. 
[02May2025 22:24:37.607] [Server thread/WARN] [net.minecraftforge.common.ForgeConfigSpec/CORE]: Incorrect key generators.turbine.turbineVentGasFlow was corrected from null to its default, 32000.0. 
[02May2025 22:24:37.607] [Server thread/WARN] [net.minecraftforge.common.ForgeConfigSpec/CORE]: Incorrect key generators.turbine.turbineDisperserGasFlow was corrected from null to its default, 1280.0. 
[02May2025 22:24:37.607] [Server thread/WARN] [net.minecraftforge.common.ForgeConfigSpec/CORE]: Incorrect key generators.turbine.energyCapacityPerVolume was corrected from null to its default, 16000000. 
[02May2025 22:24:37.607] [Server thread/WARN] [net.minecraftforge.common.ForgeConfigSpec/CORE]: Incorrect key generators.turbine.gasPerTank was corrected from null to its default, 64000. 
[02May2025 22:24:37.610] [Server thread/WARN] [net.minecraftforge.common.ForgeConfigSpec/CORE]: Incorrect key generators.turbine.condenserRate was corrected from null to its default, 64000. 
[02May2025 22:24:37.611] [Server thread/WARN] [net.minecraftforge.common.ForgeConfigSpec/CORE]: Incorrect key generators.wind_generator was corrected from null to its default, SimpleCommentedConfig:{}. 
[02May2025 22:24:37.612] [Server thread/WARN] [net.minecraftforge.common.ForgeConfigSpec/CORE]: Incorrect key generators.wind_generator.windGenerationMin was corrected from null to its default, 60. 
[02May2025 22:24:37.612] [Server thread/WARN] [net.minecraftforge.common.ForgeConfigSpec/CORE]: Incorrect key generators.wind_generator.generationMax was corrected from null to its default, 480. 
[02May2025 22:24:37.612] [Server thread/WARN] [net.minecraftforge.common.ForgeConfigSpec/CORE]: Incorrect key generators.wind_generator.minY was corrected from null to its default, 24. 
[02May2025 22:24:37.613] [Server thread/WARN] [net.minecraftforge.common.ForgeConfigSpec/CORE]: Incorrect key generators.wind_generator.maxY was corrected from null to its default, 2031. 
[02May2025 22:24:37.613] [Server thread/WARN] [net.minecraftforge.common.ForgeConfigSpec/CORE]: Incorrect key generators.wind_generator.windGenerationDimBlacklist was corrected from null to its default, []. 
[02May2025 22:24:37.614] [Server thread/WARN] [net.minecraftforge.common.ForgeConfigSpec/CORE]: Incorrect key generators.fusion_reactor was corrected from null to its default, SimpleCommentedConfig:{}. 
[02May2025 22:24:37.615] [Server thread/WARN] [net.minecraftforge.common.ForgeConfigSpec/CORE]: Incorrect key generators.fusion_reactor.thermocoupleEfficiency was corrected from null to its default, 0.05. 
[02May2025 22:24:37.615] [Server thread/WARN] [net.minecraftforge.common.ForgeConfigSpec/CORE]: Incorrect key generators.fusion_reactor.casingThermalConductivity was corrected from null to its default, 0.1. 
[02May2025 22:24:37.616] [Server thread/WARN] [net.minecraftforge.common.ForgeConfigSpec/CORE]: Incorrect key generators.fusion_reactor.waterHeatingRatio was corrected from null to its default, 0.3. 
[02May2025 22:24:37.616] [Server thread/WARN] [net.minecraftforge.common.ForgeConfigSpec/CORE]: Incorrect key generators.fusion_reactor.fuelCapacity was corrected from null to its default, 1000. 
[02May2025 22:24:37.616] [Server thread/WARN] [net.minecraftforge.common.ForgeConfigSpec/CORE]: Incorrect key generators.fusion_reactor.energyCapacity was corrected from null to its default, 1000000000. 
[02May2025 22:24:37.617] [Server thread/WARN] [net.minecraftforge.common.ForgeConfigSpec/CORE]: Incorrect key generators.fusion_reactor.waterPerInjection was corrected from null to its default, 1000000. 
[02May2025 22:24:37.618] [Server thread/WARN] [net.minecraftforge.common.ForgeConfigSpec/CORE]: Incorrect key generators.fusion_reactor.steamPerInjection was corrected from null to its default, 100000000. 
[02May2025 22:24:37.618] [Server thread/WARN] [net.minecraftforge.common.ForgeConfigSpec/CORE]: Incorrect key generators.hohlraum was corrected from null to its default, SimpleCommentedConfig:{}. 
[02May2025 22:24:37.619] [Server thread/WARN] [net.minecraftforge.common.ForgeConfigSpec/CORE]: Incorrect key generators.hohlraum.maxGas was corrected from null to its default, 10. 
[02May2025 22:24:37.620] [Server thread/WARN] [net.minecraftforge.common.ForgeConfigSpec/CORE]: Incorrect key generators.hohlraum.fillRate was corrected from null to its default, 1. 
[02May2025 22:24:37.621] [Server thread/WARN] [net.minecraftforge.common.ForgeConfigSpec/CORE]: Incorrect key generators.fission_reactor was corrected from null to its default, SimpleCommentedConfig:{}. 
[02May2025 22:24:37.621] [Server thread/WARN] [net.minecraftforge.common.ForgeConfigSpec/CORE]: Incorrect key generators.fission_reactor.energyPerFissionFuel was corrected from null to its default, 1000000. 
[02May2025 22:24:37.622] [Server thread/WARN] [net.minecraftforge.common.ForgeConfigSpec/CORE]: Incorrect key generators.fission_reactor.casingHeatCapacity was corrected from null to its default, 1000.0. 
[02May2025 22:24:37.623] [Server thread/WARN] [net.minecraftforge.common.ForgeConfigSpec/CORE]: Incorrect key generators.fission_reactor.surfaceAreaTarget was corrected from null to its default, 4.0. 
[02May2025 22:24:37.623] [Server thread/WARN] [net.minecraftforge.common.ForgeConfigSpec/CORE]: Incorrect key generators.fission_reactor.meltdownsEnabled was corrected from null to its default, true. 
[02May2025 22:24:37.624] [Server thread/WARN] [net.minecraftforge.common.ForgeConfigSpec/CORE]: Incorrect key generators.fission_reactor.meltdownRadius was corrected from null to its default, 8.0. 
[02May2025 22:24:37.626] [Server thread/WARN] [net.minecraftforge.common.ForgeConfigSpec/CORE]: Incorrect key generators.fission_reactor.meltdownChance was corrected from null to its default, 0.001. 
[02May2025 22:24:37.626] [Server thread/WARN] [net.minecraftforge.common.ForgeConfigSpec/CORE]: Incorrect key generators.fission_reactor.meltdownRadiationMultiplier was corrected from null to its default, 50.0. 
[02May2025 22:24:37.627] [Server thread/WARN] [net.minecraftforge.common.ForgeConfigSpec/CORE]: Incorrect key generators.fission_reactor.postMeltdownDamage was corrected from null to its default, 75.0. 
[02May2025 22:24:37.628] [Server thread/WARN] [net.minecraftforge.common.ForgeConfigSpec/CORE]: Incorrect key generators.fission_reactor.defaultBurnRate was corrected from null to its default, 0.1. 
[02May2025 22:24:37.629] [Server thread/WARN] [net.minecraftforge.common.ForgeConfigSpec/CORE]: Incorrect key generators.fission_reactor.burnPerAssembly was corrected from null to its default, 1. 
[02May2025 22:24:37.629] [Server thread/WARN] [net.minecraftforge.common.ForgeConfigSpec/CORE]: Incorrect key generators.fission_reactor.maxFuelPerAssembly was corrected from null to its default, 8000. 
[02May2025 22:24:37.629] [Server thread/WARN] [net.minecraftforge.common.ForgeConfigSpec/CORE]: Incorrect key generators.fission_reactor.cooledCoolantPerTank was corrected from null to its default, 100000. 
[02May2025 22:24:37.630] [Server thread/WARN] [net.minecraftforge.common.ForgeConfigSpec/CORE]: Incorrect key generators.fission_reactor.heatedCoolantPerTank was corrected from null to its default, 1000000. 
[02May2025 22:24:37.638] [Server thread/WARN] [net.minecraftforge.common.ForgeConfigSpec/CORE]: Configuration file /workspaces/moddedserver/config/Mekanism/generators-gear.toml is not correct. Correcting
[02May2025 22:24:37.639] [Server thread/WARN] [net.minecraftforge.common.ForgeConfigSpec/CORE]: Incorrect key generators-gear was corrected from null to its default, SimpleCommentedConfig:{}. 
[02May2025 22:24:37.640] [Server thread/WARN] [net.minecraftforge.common.ForgeConfigSpec/CORE]: Incorrect key generators-gear.mekasuit was corrected from null to its default, SimpleCommentedConfig:{}. 
[02May2025 22:24:37.640] [Server thread/WARN] [net.minecraftforge.common.ForgeConfigSpec/CORE]: Incorrect key generators-gear.mekasuit.geothermalChargingRate was corrected from null to its default, 10.5000. 
[02May2025 22:24:37.641] [Server thread/WARN] [net.minecraftforge.common.ForgeConfigSpec/CORE]: Incorrect key generators-gear.mekasuit.damage_absorption was corrected from null to its default, SimpleCommentedConfig:{}. 
[02May2025 22:24:37.641] [Server thread/WARN] [net.minecraftforge.common.ForgeConfigSpec/CORE]: Incorrect key generators-gear.mekasuit.damage_absorption.heatDamageReductionRatio was corrected from null to its default, 0.8. 
[02May2025 22:24:37.645] [Server thread/WARN] [net.minecraftforge.common.ForgeConfigSpec/CORE]: Configuration file /workspaces/moddedserver/config/Mekanism/generator-storage.toml is not correct. Correcting
[02May2025 22:24:37.648] [Server thread/WARN] [net.minecraftforge.common.ForgeConfigSpec/CORE]: Incorrect key storage was corrected from null to its default, SimpleCommentedConfig:{}. 
[02May2025 22:24:37.648] [Server thread/WARN] [net.minecraftforge.common.ForgeConfigSpec/CORE]: Incorrect key storage.heatGenerator was corrected from null to its default, 160000. 
[02May2025 22:24:37.648] [Server thread/WARN] [net.minecraftforge.common.ForgeConfigSpec/CORE]: Incorrect key storage.bioGenerator was corrected from null to its default, 160000. 
[02May2025 22:24:37.649] [Server thread/WARN] [net.minecraftforge.common.ForgeConfigSpec/CORE]: Incorrect key storage.solarGenerator was corrected from null to its default, 96000. 
[02May2025 22:24:37.649] [Server thread/WARN] [net.minecraftforge.common.ForgeConfigSpec/CORE]: Incorrect key storage.advancedSolarGenerator was corrected from null to its default, 200000. 
[02May2025 22:24:37.649] [Server thread/WARN] [net.minecraftforge.common.ForgeConfigSpec/CORE]: Incorrect key storage.windGenerator was corrected from null to its default, 200000. 
[02May2025 22:24:37.652] [Server thread/WARN] [net.minecraftforge.common.ForgeConfigSpec/CORE]: Configuration file ./world/serverconfig/thermal-server.toml is not correct. Correcting
[02May2025 22:24:37.654] [Server thread/WARN] [net.minecraftforge.common.ForgeConfigSpec/CORE]: Incorrect key Global Options was corrected from null to its default, SimpleCommentedConfig:{}. 
[02May2025 22:24:37.654] [Server thread/WARN] [net.minecraftforge.common.ForgeConfigSpec/CORE]: Incorrect key Global Options.Standalone Redstone Flux was corrected from null to its default, false. 
[02May2025 22:24:37.654] [Server thread/WARN] [net.minecraftforge.common.ForgeConfigSpec/CORE]: Incorrect key Global Options.Blocks Retain Energy was corrected from null to its default, true. 
[02May2025 22:24:37.655] [Server thread/WARN] [net.minecraftforge.common.ForgeConfigSpec/CORE]: Incorrect key Global Options.Blocks Retain Inventory was corrected from null to its default, false. 
[02May2025 22:24:37.655] [Server thread/WARN] [net.minecraftforge.common.ForgeConfigSpec/CORE]: Incorrect key Global Options.Blocks Retain Tank Contents was corrected from null to its default, false. 
[02May2025 22:24:37.655] [Server thread/WARN] [net.minecraftforge.common.ForgeConfigSpec/CORE]: Incorrect key Global Options.Blocks Retain Augments was corrected from null to its default, true. 
[02May2025 22:24:37.656] [Server thread/WARN] [net.minecraftforge.common.ForgeConfigSpec/CORE]: Incorrect key Global Options.Blocks Retain Redstone Control was corrected from null to its default, true. 
[02May2025 22:24:37.656] [Server thread/WARN] [net.minecraftforge.common.ForgeConfigSpec/CORE]: Incorrect key Global Options.Blocks Retain Side Configuration was corrected from null to its default, true. 
[02May2025 22:24:37.656] [Server thread/WARN] [net.minecraftforge.common.ForgeConfigSpec/CORE]: Incorrect key Global Options.Blocks Retain Transfer Control was corrected from null to its default, true. 
[02May2025 22:24:37.657] [Server thread/WARN] [net.minecraftforge.common.ForgeConfigSpec/CORE]: Incorrect key Tools was corrected from null to its default, SimpleCommentedConfig:{}. 
[02May2025 22:24:37.658] [Server thread/WARN] [net.minecraftforge.common.ForgeConfigSpec/CORE]: Incorrect key Tools.Satchel was corrected from null to its default, SimpleCommentedConfig:{}. 
[02May2025 22:24:37.658] [Server thread/WARN] [net.minecraftforge.common.ForgeConfigSpec/CORE]: Incorrect key Tools.Satchel.Denylist was corrected from null to its default, [thermal:satchel, minecraft:shulker_box, minecraft:white_shulker_box, minecraft:orange_shulker_box, minecraft:magenta_shulker_box, minecraft:light_blue_shulker_box, minecraft:yellow_shulker_box, minecraft:lime_shulker_box, minecraft:pink_shulker_box, minecraft:gray_shulker_box, minecraft:light_gray_shulker_box, minecraft:cyan_shulker_box, minecraft:purple_shulker_box, minecraft:blue_shulker_box, minecraft:brown_shulker_box, minecraft:green_shulker_box, minecraft:red_shulker_box, minecraft:black_shulker_box]. 
[02May2025 22:24:37.659] [Server thread/WARN] [net.minecraftforge.common.ForgeConfigSpec/CORE]: Incorrect key Tools.Drill was corrected from null to its default, SimpleCommentedConfig:{}. 
[02May2025 22:24:37.659] [Server thread/WARN] [net.minecraftforge.common.ForgeConfigSpec/CORE]: Incorrect key Tools.Drill.Base Capacity was corrected from null to its default, 50000. 
[02May2025 22:24:37.660] [Server thread/WARN] [net.minecraftforge.common.ForgeConfigSpec/CORE]: Incorrect key Tools.Drill.Base Transfer was corrected from null to its default, 1000. 
[02May2025 22:24:37.660] [Server thread/WARN] [net.minecraftforge.common.ForgeConfigSpec/CORE]: Incorrect key Tools.Drill.Energy Per Block was corrected from null to its default, 200. 
[02May2025 22:24:37.660] [Server thread/WARN] [net.minecraftforge.common.ForgeConfigSpec/CORE]: Incorrect key Tools.Saw was corrected from null to its default, SimpleCommentedConfig:{}. 
[02May2025 22:24:37.661] [Server thread/WARN] [net.minecraftforge.common.ForgeConfigSpec/CORE]: Incorrect key Tools.Saw.Base Capacity was corrected from null to its default, 50000. 
[02May2025 22:24:37.661] [Server thread/WARN] [net.minecraftforge.common.ForgeConfigSpec/CORE]: Incorrect key Tools.Saw.Base Transfer was corrected from null to its default, 1000. 
[02May2025 22:24:37.661] [Server thread/WARN] [net.minecraftforge.common.ForgeConfigSpec/CORE]: Incorrect key Tools.Saw.Energy Per Block was corrected from null to its default, 200. 
[02May2025 22:24:37.661] [Server thread/WARN] [net.minecraftforge.common.ForgeConfigSpec/CORE]: Incorrect key Tools.Capacitor was corrected from null to its default, SimpleCommentedConfig:{}. 
[02May2025 22:24:37.662] [Server thread/WARN] [net.minecraftforge.common.ForgeConfigSpec/CORE]: Incorrect key Tools.Capacitor.Base Capacity was corrected from null to its default, 500000. 
[02May2025 22:24:37.662] [Server thread/WARN] [net.minecraftforge.common.ForgeConfigSpec/CORE]: Incorrect key Tools.Capacitor.Base Transfer was corrected from null to its default, 1000. 
[02May2025 22:24:37.662] [Server thread/WARN] [net.minecraftforge.common.ForgeConfigSpec/CORE]: Incorrect key Tools.Magnet was corrected from null to its default, SimpleCommentedConfig:{}. 
[02May2025 22:24:37.663] [Server thread/WARN] [net.minecraftforge.common.ForgeConfigSpec/CORE]: Incorrect key Tools.Magnet.Base Capacity was corrected from null to its default, 50000. 
[02May2025 22:24:37.663] [Server thread/WARN] [net.minecraftforge.common.ForgeConfigSpec/CORE]: Incorrect key Tools.Magnet.Base Transfer was corrected from null to its default, 1000. 
[02May2025 22:24:37.664] [Server thread/WARN] [net.minecraftforge.common.ForgeConfigSpec/CORE]: Incorrect key Tools.Magnet.Energy Per Item was corrected from null to its default, 25. 
[02May2025 22:24:37.664] [Server thread/WARN] [net.minecraftforge.common.ForgeConfigSpec/CORE]: Incorrect key Tools.Magnet.Energy Per Use was corrected from null to its default, 200. 
[02May2025 22:24:37.664] [Server thread/WARN] [net.minecraftforge.common.ForgeConfigSpec/CORE]: Incorrect key Tools.Magnet.Obey Item Pickup Delay was corrected from null to its default, true. 
[02May2025 22:24:37.665] [Server thread/WARN] [net.minecraftforge.common.ForgeConfigSpec/CORE]: Incorrect key Tools.Reservoir was corrected from null to its default, SimpleCommentedConfig:{}. 
[02May2025 22:24:37.665] [Server thread/WARN] [net.minecraftforge.common.ForgeConfigSpec/CORE]: Incorrect key Tools.Reservoir.Base Capacity was corrected from null to its default, 20000. 
[02May2025 22:24:37.665] [Server thread/WARN] [net.minecraftforge.common.ForgeConfigSpec/CORE]: Incorrect key Tools.Potion Infuser was corrected from null to its default, SimpleCommentedConfig:{}. 
[02May2025 22:24:37.666] [Server thread/WARN] [net.minecraftforge.common.ForgeConfigSpec/CORE]: Incorrect key Tools.Potion Infuser.Base Capacity was corrected from null to its default, 4000. 
[02May2025 22:24:37.666] [Server thread/WARN] [net.minecraftforge.common.ForgeConfigSpec/CORE]: Incorrect key Tools.Potion Quiver was corrected from null to its default, SimpleCommentedConfig:{}. 
[02May2025 22:24:37.666] [Server thread/WARN] [net.minecraftforge.common.ForgeConfigSpec/CORE]: Incorrect key Tools.Potion Quiver.Base Capacity was corrected from null to its default, 4000. 
[02May2025 22:24:37.667] [Server thread/WARN] [net.minecraftforge.common.ForgeConfigSpec/CORE]: Incorrect key Tools.Watering Can was corrected from null to its default, SimpleCommentedConfig:{}. 
[02May2025 22:24:37.667] [Server thread/WARN] [net.minecraftforge.common.ForgeConfigSpec/CORE]: Incorrect key Tools.Watering Can.Base Capacity was corrected from null to its default, 4000. 
[02May2025 22:24:37.667] [Server thread/WARN] [net.minecraftforge.common.ForgeConfigSpec/CORE]: Incorrect key Tools.Watering Can.Allow Fake Players was corrected from null to its default, false. 
[02May2025 22:24:37.668] [Server thread/WARN] [net.minecraftforge.common.ForgeConfigSpec/CORE]: Incorrect key Tools.Watering Can.Consume Source Blocks was corrected from null to its default, true. 
[02May2025 22:24:37.669] [Server thread/WARN] [net.minecraftforge.common.ForgeConfigSpec/CORE]: Incorrect key Mobs was corrected from null to its default, SimpleCommentedConfig:{}. 
[02May2025 22:24:37.669] [Server thread/WARN] [net.minecraftforge.common.ForgeConfigSpec/CORE]: Incorrect key Mobs.Basalz was corrected from null to its default, true. 
[02May2025 22:24:37.669] [Server thread/WARN] [net.minecraftforge.common.ForgeConfigSpec/CORE]: Incorrect key Mobs.Blitz was corrected from null to its default, true. 
[02May2025 22:24:37.670] [Server thread/WARN] [net.minecraftforge.common.ForgeConfigSpec/CORE]: Incorrect key Mobs.Blizz was corrected from null to its default, true. 
[02May2025 22:24:37.670] [Server thread/WARN] [net.minecraftforge.common.ForgeConfigSpec/CORE]: Incorrect key Mobs.Blitz Lightning was corrected from null to its default, true. 
[02May2025 22:24:37.671] [Server thread/WARN] [net.minecraftforge.common.ForgeConfigSpec/CORE]: Incorrect key Augments was corrected from null to its default, SimpleCommentedConfig:{}. 
[02May2025 22:24:37.672] [Server thread/WARN] [net.minecraftforge.common.ForgeConfigSpec/CORE]: Incorrect key Augments.Default Side Reconfiguration was corrected from null to its default, true. 
[02May2025 22:24:37.672] [Server thread/WARN] [net.minecraftforge.common.ForgeConfigSpec/CORE]: Incorrect key Augments.Default Redstone Control was corrected from null to its default, true. 
[02May2025 22:24:37.672] [Server thread/WARN] [net.minecraftforge.common.ForgeConfigSpec/CORE]: Incorrect key Augments.Default XP Storage was corrected from null to its default, false. 
[02May2025 22:24:37.674] [Server thread/WARN] [net.minecraftforge.common.ForgeConfigSpec/CORE]: Incorrect key Villagers was corrected from null to its default, SimpleCommentedConfig:{}. 
[02May2025 22:24:37.674] [Server thread/WARN] [net.minecraftforge.common.ForgeConfigSpec/CORE]: Incorrect key Villagers.Enable Villager Trades was corrected from null to its default, true. 
[02May2025 22:24:37.674] [Server thread/WARN] [net.minecraftforge.common.ForgeConfigSpec/CORE]: Incorrect key Villagers.Enable Wandering Trader Trades was corrected from null to its default, true. 
[02May2025 22:24:37.676] [Server thread/WARN] [net.minecraftforge.common.ForgeConfigSpec/CORE]: Incorrect key Devices was corrected from null to its default, SimpleCommentedConfig:{}. 
[02May2025 22:24:37.676] [Server thread/WARN] [net.minecraftforge.common.ForgeConfigSpec/CORE]: Incorrect key Devices.TreeExtractor was corrected from null to its default, SimpleCommentedConfig:{}. 
[02May2025 22:24:37.676] [Server thread/WARN] [net.minecraftforge.common.ForgeConfigSpec/CORE]: Incorrect key Devices.TreeExtractor.Time Constant was corrected from null to its default, 500. 
[02May2025 22:24:37.676] [Server thread/WARN] [net.minecraftforge.common.ForgeConfigSpec/CORE]: Incorrect key Devices.Composter was corrected from null to its default, SimpleCommentedConfig:{}. 
[02May2025 22:24:37.677] [Server thread/WARN] [net.minecraftforge.common.ForgeConfigSpec/CORE]: Incorrect key Devices.Composter.Time Constant was corrected from null to its default, 120. 
[02May2025 22:24:37.677] [Server thread/WARN] [net.minecraftforge.common.ForgeConfigSpec/CORE]: Incorrect key Devices.Composter.Particles was corrected from null to its default, true. 
[02May2025 22:24:37.677] [Server thread/WARN] [net.minecraftforge.common.ForgeConfigSpec/CORE]: Incorrect key Devices.Fisher was corrected from null to its default, SimpleCommentedConfig:{}. 
[02May2025 22:24:37.678] [Server thread/WARN] [net.minecraftforge.common.ForgeConfigSpec/CORE]: Incorrect key Devices.Fisher.Time Constant was corrected from null to its default, 4800. 
[02May2025 22:24:37.678] [Server thread/WARN] [net.minecraftforge.common.ForgeConfigSpec/CORE]: Incorrect key Devices.Fisher.Water Source Time Constant Reduction was corrected from null to its default, 20. 
[02May2025 22:24:37.680] [Server thread/WARN] [net.minecraftforge.common.ForgeConfigSpec/CORE]: Incorrect key Devices.Fisher.Particles was corrected from null to its default, true. 
[02May2025 22:24:37.681] [Server thread/WARN] [net.minecraftforge.common.ForgeConfigSpec/CORE]: Incorrect key Recipes was corrected from null to its default, SimpleCommentedConfig:{}. 
[02May2025 22:24:37.681] [Server thread/WARN] [net.minecraftforge.common.ForgeConfigSpec/CORE]: Incorrect key Recipes.Furnace was corrected from null to its default, SimpleCommentedConfig:{}. 
[02May2025 22:24:37.681] [Server thread/WARN] [net.minecraftforge.common.ForgeConfigSpec/CORE]: Incorrect key Recipes.Furnace.Energy Multiplier was corrected from null to its default, 1.0. 
[02May2025 22:24:37.682] [Server thread/WARN] [net.minecraftforge.common.ForgeConfigSpec/CORE]: Incorrect key Recipes.Sawmill was corrected from null to its default, SimpleCommentedConfig:{}. 
[02May2025 22:24:37.682] [Server thread/WARN] [net.minecraftforge.common.ForgeConfigSpec/CORE]: Incorrect key Recipes.Sawmill.Default Log Recipes was corrected from null to its default, true. 
[02May2025 22:24:37.682] [Server thread/WARN] [net.minecraftforge.common.ForgeConfigSpec/CORE]: Incorrect key Recipes.Sawmill.Energy Multiplier was corrected from null to its default, 1.0. 
[02May2025 22:24:37.683] [Server thread/WARN] [net.minecraftforge.common.ForgeConfigSpec/CORE]: Incorrect key Recipes.Pulverizer was corrected from null to its default, SimpleCommentedConfig:{}. 
[02May2025 22:24:37.683] [Server thread/WARN] [net.minecraftforge.common.ForgeConfigSpec/CORE]: Incorrect key Recipes.Pulverizer.Default Furnace-Based Recipes was corrected from null to its default, true. 
[02May2025 22:24:37.683] [Server thread/WARN] [net.minecraftforge.common.ForgeConfigSpec/CORE]: Incorrect key Recipes.Pulverizer.Energy Multiplier was corrected from null to its default, 1.0. 
[02May2025 22:24:37.684] [Server thread/WARN] [net.minecraftforge.common.ForgeConfigSpec/CORE]: Incorrect key Recipes.Smelter was corrected from null to its default, SimpleCommentedConfig:{}. 
[02May2025 22:24:37.684] [Server thread/WARN] [net.minecraftforge.common.ForgeConfigSpec/CORE]: Incorrect key Recipes.Smelter.Default Furnace-Based Recipes was corrected from null to its default, true. 
[02May2025 22:24:37.684] [Server thread/WARN] [net.minecraftforge.common.ForgeConfigSpec/CORE]: Incorrect key Recipes.Smelter.Energy Multiplier was corrected from null to its default, 1.0. 
[02May2025 22:24:37.684] [Server thread/WARN] [net.minecraftforge.common.ForgeConfigSpec/CORE]: Incorrect key Recipes.Insolator was corrected from null to its default, SimpleCommentedConfig:{}. 
[02May2025 22:24:37.684] [Server thread/WARN] [net.minecraftforge.common.ForgeConfigSpec/CORE]: Incorrect key Recipes.Insolator.Energy Multiplier was corrected from null to its default, 1.0. 
[02May2025 22:24:37.686] [Server thread/WARN] [net.minecraftforge.common.ForgeConfigSpec/CORE]: Incorrect key Recipes.Centrifuge was corrected from null to its default, SimpleCommentedConfig:{}. 
[02May2025 22:24:37.686] [Server thread/WARN] [net.minecraftforge.common.ForgeConfigSpec/CORE]: Incorrect key Recipes.Centrifuge.Energy Multiplier was corrected from null to its default, 1.0. 
[02May2025 22:24:37.686] [Server thread/WARN] [net.minecraftforge.common.ForgeConfigSpec/CORE]: Incorrect key Recipes.Press was corrected from null to its default, SimpleCommentedConfig:{}. 
[02May2025 22:24:37.688] [Server thread/WARN] [net.minecraftforge.common.ForgeConfigSpec/CORE]: Incorrect key Recipes.Press.Energy Multiplier was corrected from null to its default, 1.0. 
[02May2025 22:24:37.688] [Server thread/WARN] [net.minecraftforge.common.ForgeConfigSpec/CORE]: Incorrect key Recipes.Crucible was corrected from null to its default, SimpleCommentedConfig:{}. 
[02May2025 22:24:37.689] [Server thread/WARN] [net.minecraftforge.common.ForgeConfigSpec/CORE]: Incorrect key Recipes.Crucible.Energy Multiplier was corrected from null to its default, 1.0. 
[02May2025 22:24:37.689] [Server thread/WARN] [net.minecraftforge.common.ForgeConfigSpec/CORE]: Incorrect key Recipes.Chiller was corrected from null to its default, SimpleCommentedConfig:{}. 
[02May2025 22:24:37.690] [Server thread/WARN] [net.minecraftforge.common.ForgeConfigSpec/CORE]: Incorrect key Recipes.Chiller.Energy Multiplier was corrected from null to its default, 1.0. 
[02May2025 22:24:37.692] [Server thread/WARN] [net.minecraftforge.common.ForgeConfigSpec/CORE]: Incorrect key Recipes.Refinery was corrected from null to its default, SimpleCommentedConfig:{}. 
[02May2025 22:24:37.692] [Server thread/WARN] [net.minecraftforge.common.ForgeConfigSpec/CORE]: Incorrect key Recipes.Refinery.Energy Multiplier was corrected from null to its default, 1.0. 
[02May2025 22:24:37.692] [Server thread/WARN] [net.minecraftforge.common.ForgeConfigSpec/CORE]: Incorrect key Recipes.Pyrolyzer was corrected from null to its default, SimpleCommentedConfig:{}. 
[02May2025 22:24:37.693] [Server thread/WARN] [net.minecraftforge.common.ForgeConfigSpec/CORE]: Incorrect key Recipes.Pyrolyzer.Energy Multiplier was corrected from null to its default, 1.0. 
[02May2025 22:24:37.693] [Server thread/WARN] [net.minecraftforge.common.ForgeConfigSpec/CORE]: Incorrect key Recipes.Bottler was corrected from null to its default, SimpleCommentedConfig:{}. 
[02May2025 22:24:37.694] [Server thread/WARN] [net.minecraftforge.common.ForgeConfigSpec/CORE]: Incorrect key Recipes.Bottler.Default Bucket Recipes was corrected from null to its default, true. 
[02May2025 22:24:37.694] [Server thread/WARN] [net.minecraftforge.common.ForgeConfigSpec/CORE]: Incorrect key Recipes.Bottler.Default Florb Recipes was corrected from null to its default, true. 
[02May2025 22:24:37.694] [Server thread/WARN] [net.minecraftforge.common.ForgeConfigSpec/CORE]: Incorrect key Recipes.Bottler.Default Potion Recipes was corrected from null to its default, true. 
[02May2025 22:24:37.695] [Server thread/WARN] [net.minecraftforge.common.ForgeConfigSpec/CORE]: Incorrect key Recipes.Bottler.Energy Multiplier was corrected from null to its default, 1.0. 
[02May2025 22:24:37.695] [Server thread/WARN] [net.minecraftforge.common.ForgeConfigSpec/CORE]: Incorrect key Recipes.Brewer was corrected from null to its default, SimpleCommentedConfig:{}. 
[02May2025 22:24:37.696] [Server thread/WARN] [net.minecraftforge.common.ForgeConfigSpec/CORE]: Incorrect key Recipes.Brewer.Default Potion Recipes was corrected from null to its default, true. 
[02May2025 22:24:37.697] [Server thread/WARN] [net.minecraftforge.common.ForgeConfigSpec/CORE]: Incorrect key Recipes.Brewer.Energy Multiplier was corrected from null to its default, 1.0. 
[02May2025 22:24:37.698] [Server thread/WARN] [net.minecraftforge.common.ForgeConfigSpec/CORE]: Incorrect key Recipes.Crafter was corrected from null to its default, SimpleCommentedConfig:{}. 
[02May2025 22:24:37.698] [Server thread/WARN] [net.minecraftforge.common.ForgeConfigSpec/CORE]: Incorrect key Recipes.Crafter.Energy Multiplier was corrected from null to its default, 1.0. 
[02May2025 22:24:37.704] [Server thread/WARN] [net.minecraftforge.common.ForgeConfigSpec/CORE]: Incorrect key Dynamos was corrected from null to its default, SimpleCommentedConfig:{}. 
[02May2025 22:24:37.705] [Server thread/WARN] [net.minecraftforge.common.ForgeConfigSpec/CORE]: Incorrect key Dynamos.Stirling was corrected from null to its default, SimpleCommentedConfig:{}. 
[02May2025 22:24:37.705] [Server thread/WARN] [net.minecraftforge.common.ForgeConfigSpec/CORE]: Incorrect key Dynamos.Stirling.Base Power was corrected from null to its default, 40. 
[02May2025 22:24:37.706] [Server thread/WARN] [net.minecraftforge.common.ForgeConfigSpec/CORE]: Incorrect key Dynamos.Compression was corrected from null to its default, SimpleCommentedConfig:{}. 
[02May2025 22:24:37.707] [Server thread/WARN] [net.minecraftforge.common.ForgeConfigSpec/CORE]: Incorrect key Dynamos.Compression.Base Power was corrected from null to its default, 40. 
[02May2025 22:24:37.708] [Server thread/WARN] [net.minecraftforge.common.ForgeConfigSpec/CORE]: Incorrect key Dynamos.Magmatic was corrected from null to its default, SimpleCommentedConfig:{}. 
[02May2025 22:24:37.709] [Server thread/WARN] [net.minecraftforge.common.ForgeConfigSpec/CORE]: Incorrect key Dynamos.Magmatic.Base Power was corrected from null to its default, 40. 
[02May2025 22:24:37.712] [Server thread/WARN] [net.minecraftforge.common.ForgeConfigSpec/CORE]: Incorrect key Dynamos.Numismatic was corrected from null to its default, SimpleCommentedConfig:{}. 
[02May2025 22:24:37.714] [Server thread/WARN] [net.minecraftforge.common.ForgeConfigSpec/CORE]: Incorrect key Dynamos.Numismatic.Base Power was corrected from null to its default, 40. 
[02May2025 22:24:37.714] [Server thread/WARN] [net.minecraftforge.common.ForgeConfigSpec/CORE]: Incorrect key Dynamos.Lapidary was corrected from null to its default, SimpleCommentedConfig:{}. 
[02May2025 22:24:37.715] [Server thread/WARN] [net.minecraftforge.common.ForgeConfigSpec/CORE]: Incorrect key Dynamos.Lapidary.Base Power was corrected from null to its default, 40. 
[02May2025 22:24:37.718] [Server thread/WARN] [net.minecraftforge.common.ForgeConfigSpec/CORE]: Incorrect key Dynamos.Disenchantment was corrected from null to its default, SimpleCommentedConfig:{}. 
[02May2025 22:24:37.718] [Server thread/WARN] [net.minecraftforge.common.ForgeConfigSpec/CORE]: Incorrect key Dynamos.Disenchantment.Base Power was corrected from null to its default, 40. 
[02May2025 22:24:37.719] [Server thread/WARN] [net.minecraftforge.common.ForgeConfigSpec/CORE]: Incorrect key Dynamos.Gourmand was corrected from null to its default, SimpleCommentedConfig:{}. 
[02May2025 22:24:37.719] [Server thread/WARN] [net.minecraftforge.common.ForgeConfigSpec/CORE]: Incorrect key Dynamos.Gourmand.Base Power was corrected from null to its default, 40. 
[02May2025 22:24:37.723] [Server thread/WARN] [net.minecraftforge.common.ForgeConfigSpec/CORE]: Incorrect key Machines was corrected from null to its default, SimpleCommentedConfig:{}. 
[02May2025 22:24:37.724] [Server thread/WARN] [net.minecraftforge.common.ForgeConfigSpec/CORE]: Incorrect key Machines.Furnace was corrected from null to its default, SimpleCommentedConfig:{}. 
[02May2025 22:24:37.726] [Server thread/WARN] [net.minecraftforge.common.ForgeConfigSpec/CORE]: Incorrect key Machines.Furnace.Base Power was corrected from null to its default, 20. 
[02May2025 22:24:37.727] [Server thread/WARN] [net.minecraftforge.common.ForgeConfigSpec/CORE]: Incorrect key Machines.Sawmill was corrected from null to its default, SimpleCommentedConfig:{}. 
[02May2025 22:24:37.729] [Server thread/WARN] [net.minecraftforge.common.ForgeConfigSpec/CORE]: Incorrect key Machines.Sawmill.Base Power was corrected from null to its default, 20. 
[02May2025 22:24:37.732] [Server thread/WARN] [net.minecraftforge.common.ForgeConfigSpec/CORE]: Incorrect key Machines.Pulverizer was corrected from null to its default, SimpleCommentedConfig:{}. 
[02May2025 22:24:37.732] [Server thread/WARN] [net.minecraftforge.common.ForgeConfigSpec/CORE]: Incorrect key Machines.Pulverizer.Base Power was corrected from null to its default, 20. 
[02May2025 22:24:37.732] [Server thread/WARN] [net.minecraftforge.common.ForgeConfigSpec/CORE]: Incorrect key Machines.Smelter was corrected from null to its default, SimpleCommentedConfig:{}. 
[02May2025 22:24:37.732] [Server thread/WARN] [net.minecraftforge.common.ForgeConfigSpec/CORE]: Incorrect key Machines.Smelter.Base Power was corrected from null to its default, 20. 
[02May2025 22:24:37.732] [Server thread/WARN] [net.minecraftforge.common.ForgeConfigSpec/CORE]: Incorrect key Machines.Insolator was corrected from null to its default, SimpleCommentedConfig:{}. 
[02May2025 22:24:37.732] [Server thread/WARN] [net.minecraftforge.common.ForgeConfigSpec/CORE]: Incorrect key Machines.Insolator.Base Power was corrected from null to its default, 20. 
[02May2025 22:24:37.733] [Server thread/WARN] [net.minecraftforge.common.ForgeConfigSpec/CORE]: Incorrect key Machines.Centrifuge was corrected from null to its default, SimpleCommentedConfig:{}. 
[02May2025 22:24:37.734] [Server thread/WARN] [net.minecraftforge.common.ForgeConfigSpec/CORE]: Incorrect key Machines.Centrifuge.Base Power was corrected from null to its default, 20. 
[02May2025 22:24:37.734] [Server thread/WARN] [net.minecraftforge.common.ForgeConfigSpec/CORE]: Incorrect key Machines.Press was corrected from null to its default, SimpleCommentedConfig:{}. 
[02May2025 22:24:37.735] [Server thread/WARN] [net.minecraftforge.common.ForgeConfigSpec/CORE]: Incorrect key Machines.Press.Base Power was corrected from null to its default, 20. 
[02May2025 22:24:37.736] [Server thread/WARN] [net.minecraftforge.common.ForgeConfigSpec/CORE]: Incorrect key Machines.Crucible was corrected from null to its default, SimpleCommentedConfig:{}. 
[02May2025 22:24:37.737] [Server thread/WARN] [net.minecraftforge.common.ForgeConfigSpec/CORE]: Incorrect key Machines.Crucible.Base Power was corrected from null to its default, 80. 
[02May2025 22:24:37.738] [Server thread/WARN] [net.minecraftforge.common.ForgeConfigSpec/CORE]: Incorrect key Machines.Chiller was corrected from null to its default, SimpleCommentedConfig:{}. 
[02May2025 22:24:37.738] [Server thread/WARN] [net.minecraftforge.common.ForgeConfigSpec/CORE]: Incorrect key Machines.Chiller.Base Power was corrected from null to its default, 20. 
[02May2025 22:24:37.738] [Server thread/WARN] [net.minecraftforge.common.ForgeConfigSpec/CORE]: Incorrect key Machines.Refinery was corrected from null to its default, SimpleCommentedConfig:{}. 
[02May2025 22:24:37.738] [Server thread/WARN] [net.minecraftforge.common.ForgeConfigSpec/CORE]: Incorrect key Machines.Refinery.Base Power was corrected from null to its default, 20. 
[02May2025 22:24:37.738] [Server thread/WARN] [net.minecraftforge.common.ForgeConfigSpec/CORE]: Incorrect key Machines.Pyrolyzer was corrected from null to its default, SimpleCommentedConfig:{}. 
[02May2025 22:24:37.741] [Server thread/WARN] [net.minecraftforge.common.ForgeConfigSpec/CORE]: Incorrect key Machines.Pyrolyzer.Base Power was corrected from null to its default, 5. 
[02May2025 22:24:37.741] [Server thread/WARN] [net.minecraftforge.common.ForgeConfigSpec/CORE]: Incorrect key Machines.Bottler was corrected from null to its default, SimpleCommentedConfig:{}. 
[02May2025 22:24:37.741] [Server thread/WARN] [net.minecraftforge.common.ForgeConfigSpec/CORE]: Incorrect key Machines.Bottler.Base Power was corrected from null to its default, 20. 
[02May2025 22:24:37.741] [Server thread/WARN] [net.minecraftforge.common.ForgeConfigSpec/CORE]: Incorrect key Machines.Brewer was corrected from null to its default, SimpleCommentedConfig:{}. 
[02May2025 22:24:37.742] [Server thread/WARN] [net.minecraftforge.common.ForgeConfigSpec/CORE]: Incorrect key Machines.Brewer.Base Power was corrected from null to its default, 5. 
[02May2025 22:24:37.743] [Server thread/WARN] [net.minecraftforge.common.ForgeConfigSpec/CORE]: Incorrect key Machines.Crafter was corrected from null to its default, SimpleCommentedConfig:{}. 
[02May2025 22:24:37.743] [Server thread/WARN] [net.minecraftforge.common.ForgeConfigSpec/CORE]: Incorrect key Machines.Crafter.Base Power was corrected from null to its default, 20. 
[02May2025 22:24:37.746] [Server thread/WARN] [net.minecraftforge.common.ForgeConfigSpec/CORE]: Incorrect key Crops was corrected from null to its default, SimpleCommentedConfig:{}. 
[02May2025 22:24:37.747] [Server thread/WARN] [net.minecraftforge.common.ForgeConfigSpec/CORE]: Incorrect key Crops.Drop Seeds From Grass was corrected from null to its default, true. 
[02May2025 22:24:37.748] [Server thread/WARN] [net.minecraftforge.common.ForgeConfigSpec/CORE]: Incorrect key Crops.Glowstone Mushroom Light was corrected from null to its default, true. 
[02May2025 22:24:37.748] [Server thread/WARN] [net.minecraftforge.common.ForgeConfigSpec/CORE]: Incorrect key Crops.Redstone Mushroom Light was corrected from null to its default, true. 
[02May2025 22:24:37.749] [Server thread/WARN] [net.minecraftforge.common.ForgeConfigSpec/CORE]: Incorrect key Crops.Redstone Mushroom Signal was corrected from null to its default, true. 
[02May2025 22:24:38.927] [Server thread/INFO] [terrablender/]: Initialized TerraBlender biomes for level stem minecraft:overworld
[02May2025 22:24:38.928] [Server thread/INFO] [terrablender/]: Initialized TerraBlender biomes for level stem minecraft:the_nether
[02May2025 22:24:38.928] [Server thread/INFO] [net.minecraft.server.dedicated.DedicatedServer/]: Preparing level "world"
[02May2025 22:25:05.785] [Server thread/INFO] [net.minecraft.server.MinecraftServer/]: Preparing start region for dimension minecraft:overworld
[02May2025 22:25:07.563] [Worker-Main-7/INFO] [net.minecraft.server.level.progress.LoggerChunkProgressListener/]: Preparing spawn area: 0%
[02May2025 22:25:07.580] [Worker-Main-7/INFO] [net.minecraft.server.level.progress.LoggerChunkProgressListener/]: Preparing spawn area: 0%
[02May2025 22:25:07.583] [Worker-Main-7/INFO] [net.minecraft.server.level.progress.LoggerChunkProgressListener/]: Preparing spawn area: 0%
[02May2025 22:25:07.601] [Worker-Main-7/INFO] [net.minecraft.server.level.progress.LoggerChunkProgressListener/]: Preparing spawn area: 0%
[02May2025 22:25:08.236] [Worker-Main-7/INFO] [net.minecraft.server.level.progress.LoggerChunkProgressListener/]: Preparing spawn area: 0%
[02May2025 22:25:08.300] [Worker-Main-7/INFO] [net.minecraft.server.level.progress.LoggerChunkProgressListener/]: Preparing spawn area: 0%
[02May2025 22:25:08.810] [Worker-Main-7/INFO] [net.minecraft.server.level.progress.LoggerChunkProgressListener/]: Preparing spawn area: 0%
[02May2025 22:25:09.393] [Worker-Main-7/INFO] [net.minecraft.server.level.progress.LoggerChunkProgressListener/]: Preparing spawn area: 0%
[02May2025 22:25:09.798] [Worker-Main-7/INFO] [net.minecraft.server.level.progress.LoggerChunkProgressListener/]: Preparing spawn area: 0%
[02May2025 22:25:10.332] [Worker-Main-7/INFO] [net.minecraft.server.level.progress.LoggerChunkProgressListener/]: Preparing spawn area: 0%
[02May2025 22:25:10.909] [Worker-Main-7/INFO] [net.minecraft.server.level.progress.LoggerChunkProgressListener/]: Preparing spawn area: 0%
[02May2025 22:25:11.381] [Worker-Main-7/INFO] [net.minecraft.server.level.progress.LoggerChunkProgressListener/]: Preparing spawn area: 0%
[02May2025 22:25:11.807] [Worker-Main-7/INFO] [net.minecraft.server.level.progress.LoggerChunkProgressListener/]: Preparing spawn area: 0%
[02May2025 22:25:12.294] [Worker-Main-7/INFO] [net.minecraft.server.level.progress.LoggerChunkProgressListener/]: Preparing spawn area: 0%
[02May2025 22:25:12.794] [Worker-Main-7/INFO] [net.minecraft.server.level.progress.LoggerChunkProgressListener/]: Preparing spawn area: 0%
[02May2025 22:25:13.305] [Worker-Main-7/INFO] [net.minecraft.server.level.progress.LoggerChunkProgressListener/]: Preparing spawn area: 0%
[02May2025 22:25:13.800] [Worker-Main-7/INFO] [net.minecraft.server.level.progress.LoggerChunkProgressListener/]: Preparing spawn area: 0%
[02May2025 22:25:14.331] [Worker-Main-7/INFO] [net.minecraft.server.level.progress.LoggerChunkProgressListener/]: Preparing spawn area: 0%
[02May2025 22:25:14.803] [Worker-Main-7/INFO] [net.minecraft.server.level.progress.LoggerChunkProgressListener/]: Preparing spawn area: 0%
[02May2025 22:25:15.321] [Worker-Main-7/INFO] [net.minecraft.server.level.progress.LoggerChunkProgressListener/]: Preparing spawn area: 0%
[02May2025 22:25:15.849] [Worker-Main-7/INFO] [net.minecraft.server.level.progress.LoggerChunkProgressListener/]: Preparing spawn area: 0%
[02May2025 22:25:16.290] [Worker-Main-7/INFO] [net.minecraft.server.level.progress.LoggerChunkProgressListener/]: Preparing spawn area: 0%
[02May2025 22:25:16.826] [Worker-Main-7/INFO] [net.minecraft.server.level.progress.LoggerChunkProgressListener/]: Preparing spawn area: 0%
[02May2025 22:25:17.308] [Worker-Main-7/INFO] [net.minecraft.server.level.progress.LoggerChunkProgressListener/]: Preparing spawn area: 0%
[02May2025 22:25:17.813] [Worker-Main-7/INFO] [net.minecraft.server.level.progress.LoggerChunkProgressListener/]: Preparing spawn area: 0%
[02May2025 22:25:18.359] [Worker-Main-7/INFO] [net.minecraft.server.level.progress.LoggerChunkProgressListener/]: Preparing spawn area: 0%
[02May2025 22:25:18.792] [Worker-Main-7/INFO] [net.minecraft.server.level.progress.LoggerChunkProgressListener/]: Preparing spawn area: 0%
[02May2025 22:25:19.290] [Worker-Main-7/INFO] [net.minecraft.server.level.progress.LoggerChunkProgressListener/]: Preparing spawn area: 0%
[02May2025 22:25:19.793] [Worker-Main-7/INFO] [net.minecraft.server.level.progress.LoggerChunkProgressListener/]: Preparing spawn area: 0%
[02May2025 22:25:20.342] [Worker-Main-7/INFO] [net.minecraft.server.level.progress.LoggerChunkProgressListener/]: Preparing spawn area: 0%
[02May2025 22:25:20.798] [Worker-Main-7/INFO] [net.minecraft.server.level.progress.LoggerChunkProgressListener/]: Preparing spawn area: 0%
[02May2025 22:25:21.298] [Worker-Main-7/INFO] [net.minecraft.server.level.progress.LoggerChunkProgressListener/]: Preparing spawn area: 0%
[02May2025 22:25:21.791] [Worker-Main-7/INFO] [net.minecraft.server.level.progress.LoggerChunkProgressListener/]: Preparing spawn area: 0%
[02May2025 22:25:22.311] [Worker-Main-7/INFO] [net.minecraft.server.level.progress.LoggerChunkProgressListener/]: Preparing spawn area: 0%
[02May2025 22:25:22.807] [Worker-Main-7/INFO] [net.minecraft.server.level.progress.LoggerChunkProgressListener/]: Preparing spawn area: 0%
[02May2025 22:25:23.334] [Worker-Main-7/INFO] [net.minecraft.server.level.progress.LoggerChunkProgressListener/]: Preparing spawn area: 0%
[02May2025 22:25:23.792] [Worker-Main-7/INFO] [net.minecraft.server.level.progress.LoggerChunkProgressListener/]: Preparing spawn area: 0%
[02May2025 22:25:24.324] [Worker-Main-7/INFO] [net.minecraft.server.level.progress.LoggerChunkProgressListener/]: Preparing spawn area: 0%
[02May2025 22:25:24.829] [Worker-Main-7/INFO] [net.minecraft.server.level.progress.LoggerChunkProgressListener/]: Preparing spawn area: 0%
[02May2025 22:25:25.294] [Worker-Main-7/INFO] [net.minecraft.server.level.progress.LoggerChunkProgressListener/]: Preparing spawn area: 0%
[02May2025 22:25:25.826] [Worker-Main-7/INFO] [net.minecraft.server.level.progress.LoggerChunkProgressListener/]: Preparing spawn area: 0%
[02May2025 22:25:26.319] [Worker-Main-7/INFO] [net.minecraft.server.level.progress.LoggerChunkProgressListener/]: Preparing spawn area: 0%
[02May2025 22:25:26.797] [Worker-Main-7/INFO] [net.minecraft.server.level.progress.LoggerChunkProgressListener/]: Preparing spawn area: 0%
[02May2025 22:25:27.302] [Worker-Main-7/INFO] [net.minecraft.server.level.progress.LoggerChunkProgressListener/]: Preparing spawn area: 0%
[02May2025 22:25:27.814] [Worker-Main-7/INFO] [net.minecraft.server.level.progress.LoggerChunkProgressListener/]: Preparing spawn area: 0%
[02May2025 22:25:28.352] [Worker-Main-7/INFO] [net.minecraft.server.level.progress.LoggerChunkProgressListener/]: Preparing spawn area: 0%
[02May2025 22:25:28.837] [Worker-Main-7/INFO] [net.minecraft.server.level.progress.LoggerChunkProgressListener/]: Preparing spawn area: 0%
[02May2025 22:25:29.298] [Worker-Main-7/INFO] [net.minecraft.server.level.progress.LoggerChunkProgressListener/]: Preparing spawn area: 0%
[02May2025 22:25:29.791] [Worker-Main-7/INFO] [net.minecraft.server.level.progress.LoggerChunkProgressListener/]: Preparing spawn area: 0%
[02May2025 22:25:30.318] [Worker-Main-7/INFO] [net.minecraft.server.level.progress.LoggerChunkProgressListener/]: Preparing spawn area: 0%
[02May2025 22:25:30.791] [Worker-Main-7/INFO] [net.minecraft.server.level.progress.LoggerChunkProgressListener/]: Preparing spawn area: 0%
[02May2025 22:25:31.345] [Worker-Main-7/INFO] [net.minecraft.server.level.progress.LoggerChunkProgressListener/]: Preparing spawn area: 0%
[02May2025 22:25:31.800] [Worker-Main-7/INFO] [net.minecraft.server.level.progress.LoggerChunkProgressListener/]: Preparing spawn area: 0%
[02May2025 22:25:32.293] [Worker-Main-7/INFO] [net.minecraft.server.level.progress.LoggerChunkProgressListener/]: Preparing spawn area: 0%
[02May2025 22:25:32.833] [Worker-Main-7/INFO] [net.minecraft.server.level.progress.LoggerChunkProgressListener/]: Preparing spawn area: 0%
[02May2025 22:25:33.296] [Worker-Main-7/INFO] [net.minecraft.server.level.progress.LoggerChunkProgressListener/]: Preparing spawn area: 0%
[02May2025 22:25:33.854] [Worker-Main-7/INFO] [net.minecraft.server.level.progress.LoggerChunkProgressListener/]: Preparing spawn area: 0%
[02May2025 22:25:34.315] [Worker-Main-7/INFO] [net.minecraft.server.level.progress.LoggerChunkProgressListener/]: Preparing spawn area: 0%
[02May2025 22:25:34.826] [Worker-Main-7/INFO] [net.minecraft.server.level.progress.LoggerChunkProgressListener/]: Preparing spawn area: 0%
[02May2025 22:25:35.309] [Worker-Main-7/INFO] [net.minecraft.server.level.progress.LoggerChunkProgressListener/]: Preparing spawn area: 0%
[02May2025 22:25:35.800] [Worker-Main-7/INFO] [net.minecraft.server.level.progress.LoggerChunkProgressListener/]: Preparing spawn area: 0%
[02May2025 22:25:36.336] [Worker-Main-7/INFO] [net.minecraft.server.level.progress.LoggerChunkProgressListener/]: Preparing spawn area: 0%
[02May2025 22:25:36.805] [Worker-Main-7/INFO] [net.minecraft.server.level.progress.LoggerChunkProgressListener/]: Preparing spawn area: 0%
[02May2025 22:25:37.315] [Worker-Main-7/INFO] [net.minecraft.server.level.progress.LoggerChunkProgressListener/]: Preparing spawn area: 0%
[02May2025 22:25:37.791] [Worker-Main-7/INFO] [net.minecraft.server.level.progress.LoggerChunkProgressListener/]: Preparing spawn area: 0%
[02May2025 22:25:38.295] [Worker-Main-7/INFO] [net.minecraft.server.level.progress.LoggerChunkProgressListener/]: Preparing spawn area: 0%
[02May2025 22:25:38.804] [Worker-Main-7/INFO] [net.minecraft.server.level.progress.LoggerChunkProgressListener/]: Preparing spawn area: 0%
[02May2025 22:25:39.302] [Worker-Main-7/INFO] [net.minecraft.server.level.progress.LoggerChunkProgressListener/]: Preparing spawn area: 0%
[02May2025 22:25:39.795] [Worker-Main-7/INFO] [net.minecraft.server.level.progress.LoggerChunkProgressListener/]: Preparing spawn area: 0%
[02May2025 22:25:40.322] [Worker-Main-7/INFO] [net.minecraft.server.level.progress.LoggerChunkProgressListener/]: Preparing spawn area: 0%
[02May2025 22:25:40.812] [Worker-Main-7/INFO] [net.minecraft.server.level.progress.LoggerChunkProgressListener/]: Preparing spawn area: 0%
[02May2025 22:25:41.327] [Worker-Main-7/INFO] [net.minecraft.server.level.progress.LoggerChunkProgressListener/]: Preparing spawn area: 0%
[02May2025 22:25:41.819] [Worker-Main-7/INFO] [net.minecraft.server.level.progress.LoggerChunkProgressListener/]: Preparing spawn area: 0%
[02May2025 22:25:42.367] [Worker-Main-7/INFO] [net.minecraft.server.level.progress.LoggerChunkProgressListener/]: Preparing spawn area: 0%
[02May2025 22:25:42.798] [Worker-Main-7/INFO] [net.minecraft.server.level.progress.LoggerChunkProgressListener/]: Preparing spawn area: 0%
[02May2025 22:25:43.294] [Worker-Main-7/INFO] [net.minecraft.server.level.progress.LoggerChunkProgressListener/]: Preparing spawn area: 0%
[02May2025 22:25:43.791] [Worker-Main-7/INFO] [net.minecraft.server.level.progress.LoggerChunkProgressListener/]: Preparing spawn area: 0%
[02May2025 22:25:44.295] [Worker-Main-7/INFO] [net.minecraft.server.level.progress.LoggerChunkProgressListener/]: Preparing spawn area: 0%
[02May2025 22:25:44.795] [Worker-Main-7/INFO] [net.minecraft.server.level.progress.LoggerChunkProgressListener/]: Preparing spawn area: 0%
[02May2025 22:25:45.302] [Worker-Main-7/INFO] [net.minecraft.server.level.progress.LoggerChunkProgressListener/]: Preparing spawn area: 0%
[02May2025 22:25:45.790] [Worker-Main-7/INFO] [net.minecraft.server.level.progress.LoggerChunkProgressListener/]: Preparing spawn area: 0%
[02May2025 22:25:46.292] [Worker-Main-7/INFO] [net.minecraft.server.level.progress.LoggerChunkProgressListener/]: Preparing spawn area: 0%
[02May2025 22:25:46.796] [Worker-Main-7/INFO] [net.minecraft.server.level.progress.LoggerChunkProgressListener/]: Preparing spawn area: 0%
[02May2025 22:25:47.292] [Worker-Main-7/INFO] [net.minecraft.server.level.progress.LoggerChunkProgressListener/]: Preparing spawn area: 0%
[02May2025 22:25:47.810] [Worker-Main-7/INFO] [net.minecraft.server.level.progress.LoggerChunkProgressListener/]: Preparing spawn area: 0%
[02May2025 22:25:48.305] [Worker-Main-7/INFO] [net.minecraft.server.level.progress.LoggerChunkProgressListener/]: Preparing spawn area: 0%
[02May2025 22:25:48.816] [Worker-Main-7/INFO] [net.minecraft.server.level.progress.LoggerChunkProgressListener/]: Preparing spawn area: 0%
[02May2025 22:25:49.332] [Worker-Main-7/INFO] [net.minecraft.server.level.progress.LoggerChunkProgressListener/]: Preparing spawn area: 0%
[02May2025 22:25:49.797] [Worker-Main-7/INFO] [net.minecraft.server.level.progress.LoggerChunkProgressListener/]: Preparing spawn area: 0%
[02May2025 22:25:50.292] [Worker-Main-7/INFO] [net.minecraft.server.level.progress.LoggerChunkProgressListener/]: Preparing spawn area: 0%
[02May2025 22:25:50.810] [Worker-Main-7/INFO] [net.minecraft.server.level.progress.LoggerChunkProgressListener/]: Preparing spawn area: 0%
[02May2025 22:25:51.320] [Worker-Main-7/INFO] [net.minecraft.server.level.progress.LoggerChunkProgressListener/]: Preparing spawn area: 0%
[02May2025 22:25:51.790] [Worker-Main-7/INFO] [net.minecraft.server.level.progress.LoggerChunkProgressListener/]: Preparing spawn area: 0%
[02May2025 22:25:52.291] [Worker-Main-7/INFO] [net.minecraft.server.level.progress.LoggerChunkProgressListener/]: Preparing spawn area: 0%
[02May2025 22:25:52.793] [Worker-Main-7/INFO] [net.minecraft.server.level.progress.LoggerChunkProgressListener/]: Preparing spawn area: 0%
[02May2025 22:25:53.315] [Worker-Main-7/INFO] [net.minecraft.server.level.progress.LoggerChunkProgressListener/]: Preparing spawn area: 0%
[02May2025 22:25:53.810] [Worker-Main-7/INFO] [net.minecraft.server.level.progress.LoggerChunkProgressListener/]: Preparing spawn area: 0%
[02May2025 22:25:54.294] [Worker-Main-7/INFO] [net.minecraft.server.level.progress.LoggerChunkProgressListener/]: Preparing spawn area: 0%
[02May2025 22:25:54.809] [Worker-Main-7/INFO] [net.minecraft.server.level.progress.LoggerChunkProgressListener/]: Preparing spawn area: 0%
[02May2025 22:25:55.318] [Worker-Main-7/INFO] [net.minecraft.server.level.progress.LoggerChunkProgressListener/]: Preparing spawn area: 0%
[02May2025 22:25:55.827] [Worker-Main-7/INFO] [net.minecraft.server.level.progress.LoggerChunkProgressListener/]: Preparing spawn area: 0%
[02May2025 22:25:56.313] [Worker-Main-7/INFO] [net.minecraft.server.level.progress.LoggerChunkProgressListener/]: Preparing spawn area: 0%
[02May2025 22:25:56.812] [Worker-Main-7/INFO] [net.minecraft.server.level.progress.LoggerChunkProgressListener/]: Preparing spawn area: 0%
[02May2025 22:25:57.342] [Worker-Main-7/INFO] [net.minecraft.server.level.progress.LoggerChunkProgressListener/]: Preparing spawn area: 0%
[02May2025 22:25:57.800] [Worker-Main-7/INFO] [net.minecraft.server.level.progress.LoggerChunkProgressListener/]: Preparing spawn area: 0%
[02May2025 22:25:58.298] [Worker-Main-7/INFO] [net.minecraft.server.level.progress.LoggerChunkProgressListener/]: Preparing spawn area: 0%
[02May2025 22:25:58.824] [Worker-Main-7/INFO] [net.minecraft.server.level.progress.LoggerChunkProgressListener/]: Preparing spawn area: 0%
[02May2025 22:25:59.316] [Worker-Main-7/INFO] [net.minecraft.server.level.progress.LoggerChunkProgressListener/]: Preparing spawn area: 0%
[02May2025 22:25:59.831] [Worker-Main-7/INFO] [net.minecraft.server.level.progress.LoggerChunkProgressListener/]: Preparing spawn area: 0%
[02May2025 22:26:00.326] [Worker-Main-7/INFO] [net.minecraft.server.level.progress.LoggerChunkProgressListener/]: Preparing spawn area: 0%
[02May2025 22:26:00.794] [Worker-Main-7/INFO] [net.minecraft.server.level.progress.LoggerChunkProgressListener/]: Preparing spawn area: 0%
[02May2025 22:26:01.292] [Worker-Main-7/INFO] [net.minecraft.server.level.progress.LoggerChunkProgressListener/]: Preparing spawn area: 0%
[02May2025 22:26:01.840] [Worker-Main-7/INFO] [net.minecraft.server.level.progress.LoggerChunkProgressListener/]: Preparing spawn area: 0%
[02May2025 22:26:02.308] [Worker-Main-7/INFO] [net.minecraft.server.level.progress.LoggerChunkProgressListener/]: Preparing spawn area: 0%
[02May2025 22:26:02.890] [Worker-Main-7/INFO] [net.minecraft.server.level.progress.LoggerChunkProgressListener/]: Preparing spawn area: 0%
[02May2025 22:26:03.329] [Worker-Main-7/INFO] [net.minecraft.server.level.progress.LoggerChunkProgressListener/]: Preparing spawn area: 0%
[02May2025 22:26:03.811] [Worker-Main-7/INFO] [net.minecraft.server.level.progress.LoggerChunkProgressListener/]: Preparing spawn area: 0%
[02May2025 22:26:04.330] [Worker-Main-7/INFO] [net.minecraft.server.level.progress.LoggerChunkProgressListener/]: Preparing spawn area: 0%
[02May2025 22:26:04.805] [Worker-Main-7/INFO] [net.minecraft.server.level.progress.LoggerChunkProgressListener/]: Preparing spawn area: 0%
[02May2025 22:26:05.331] [Worker-Main-7/INFO] [net.minecraft.server.level.progress.LoggerChunkProgressListener/]: Preparing spawn area: 0%
[02May2025 22:26:05.798] [Worker-Main-7/INFO] [net.minecraft.server.level.progress.LoggerChunkProgressListener/]: Preparing spawn area: 0%
[02May2025 22:26:06.317] [Worker-Main-7/INFO] [net.minecraft.server.level.progress.LoggerChunkProgressListener/]: Preparing spawn area: 0%
[02May2025 22:26:06.831] [Worker-Main-7/INFO] [net.minecraft.server.level.progress.LoggerChunkProgressListener/]: Preparing spawn area: 0%
[02May2025 22:26:07.290] [Worker-Main-7/INFO] [net.minecraft.server.level.progress.LoggerChunkProgressListener/]: Preparing spawn area: 0%
[02May2025 22:26:07.793] [Worker-Main-7/INFO] [net.minecraft.server.level.progress.LoggerChunkProgressListener/]: Preparing spawn area: 0%
[02May2025 22:26:08.296] [Worker-Main-7/INFO] [net.minecraft.server.level.progress.LoggerChunkProgressListener/]: Preparing spawn area: 0%
[02May2025 22:26:08.799] [Worker-Main-7/INFO] [net.minecraft.server.level.progress.LoggerChunkProgressListener/]: Preparing spawn area: 0%
[02May2025 22:26:09.304] [Worker-Main-7/INFO] [net.minecraft.server.level.progress.LoggerChunkProgressListener/]: Preparing spawn area: 0%
[02May2025 22:26:09.790] [Worker-Main-7/INFO] [net.minecraft.server.level.progress.LoggerChunkProgressListener/]: Preparing spawn area: 0%
[02May2025 22:26:10.295] [Worker-Main-7/INFO] [net.minecraft.server.level.progress.LoggerChunkProgressListener/]: Preparing spawn area: 0%
[02May2025 22:26:10.811] [Worker-Main-7/INFO] [net.minecraft.server.level.progress.LoggerChunkProgressListener/]: Preparing spawn area: 0%
[02May2025 22:26:11.312] [Worker-Main-7/INFO] [net.minecraft.server.level.progress.LoggerChunkProgressListener/]: Preparing spawn area: 0%
[02May2025 22:26:11.954] [Worker-Main-7/INFO] [net.minecraft.server.level.progress.LoggerChunkProgressListener/]: Preparing spawn area: 0%
[02May2025 22:26:13.017] [Worker-Main-7/INFO] [net.minecraft.server.level.progress.LoggerChunkProgressListener/]: Preparing spawn area: 2%
[02May2025 22:26:13.018] [Worker-Main-7/INFO] [net.minecraft.server.level.progress.LoggerChunkProgressListener/]: Preparing spawn area: 2%
[02May2025 22:26:13.580] [Worker-Main-7/INFO] [net.minecraft.server.level.progress.LoggerChunkProgressListener/]: Preparing spawn area: 15%
[02May2025 22:26:13.894] [Worker-Main-7/INFO] [net.minecraft.server.level.progress.LoggerChunkProgressListener/]: Preparing spawn area: 20%
[02May2025 22:26:14.292] [Worker-Main-7/INFO] [net.minecraft.server.level.progress.LoggerChunkProgressListener/]: Preparing spawn area: 31%
[02May2025 22:26:14.862] [Worker-Main-7/INFO] [net.minecraft.server.level.progress.LoggerChunkProgressListener/]: Preparing spawn area: 54%
[02May2025 22:26:15.500] [Worker-Main-7/INFO] [net.minecraft.server.level.progress.LoggerChunkProgressListener/]: Preparing spawn area: 83%
[02May2025 22:26:17.672] [Server thread/INFO] [net.minecraft.server.level.progress.LoggerChunkProgressListener/]: Time elapsed: 71883 ms
[02May2025 22:26:17.673] [Server thread/INFO] [net.minecraft.server.dedicated.DedicatedServer/]: Done (100.849s)! For help, type "help"
[02May2025 22:26:17.759] [Server thread/INFO] [net.minecraftforge.server.permission.PermissionAPI/]: Successfully initialized permission handler forge:default_handler
[02May2025 22:26:17.760] [Server thread/INFO] [patchouli/]: Sending reload packet to clients
[02May2025 22:26:20.270] [Server thread/WARN] [net.minecraft.server.MinecraftServer/]: Can't keep up! Is the server overloaded? Running 2252ms or 45 ticks behind
[02May2025 22:26:51.674] [Server thread/INFO] [net.minecraft.server.MinecraftServer/]: Saving the game (this may take a moment!)
[02May2025 22:26:51.871] [Server thread/INFO] [net.minecraft.server.MinecraftServer/]: Saved the game
[02May2025 22:26:56.483] [Server thread/INFO] [net.minecraft.server.MinecraftServer/]: Stopping the server
[02May2025 22:26:56.522] [Server thread/INFO] [net.minecraft.server.MinecraftServer/]: Stopping server
[02May2025 22:26:56.523] [Server thread/INFO] [net.minecraft.server.MinecraftServer/]: Saving players
[02May2025 22:26:56.523] [Server thread/INFO] [net.minecraft.server.MinecraftServer/]: Saving worlds
[02May2025 22:26:58.270] [Server thread/INFO] [net.minecraft.server.MinecraftServer/]: Saving chunks for level 'ServerLevel[world]'/minecraft:overworld
[02May2025 22:27:00.586] [Server thread/INFO] [net.minecraft.server.MinecraftServer/]: Saving chunks for level 'ServerLevel[world]'/minecraft:the_nether
[02May2025 22:27:00.587] [Server thread/INFO] [net.minecraft.server.MinecraftServer/]: Saving chunks for level 'ServerLevel[world]'/minecraft:the_end
[02May2025 22:27:00.588] [Server thread/INFO] [net.minecraft.server.MinecraftServer/]: Saving chunks for level 'ServerLevel[world]'/ae2:spatial_storage
[02May2025 22:27:00.667] [Server thread/INFO] [net.minecraft.server.MinecraftServer/]: ThreadedAnvilChunkStorage (world): All chunks are saved
[02May2025 22:27:00.667] [Server thread/INFO] [net.minecraft.server.MinecraftServer/]: ThreadedAnvilChunkStorage (DIM-1): All chunks are saved
[02May2025 22:27:00.667] [Server thread/INFO] [net.minecraft.server.MinecraftServer/]: ThreadedAnvilChunkStorage (DIM1): All chunks are saved
[02May2025 22:27:00.667] [Server thread/INFO] [net.minecraft.server.MinecraftServer/]: ThreadedAnvilChunkStorage (spatial_storage): All chunks are saved
[02May2025 22:27:00.667] [Server thread/INFO] [net.minecraft.server.MinecraftServer/]: ThreadedAnvilChunkStorage: All dimensions are saved
